Budget_ID,Year,Quarter,Month,Department_ID,Cost_Center_ID,Category_ID,Budget_Amount,Budget_Type,Region_ID
BUD-202504-DEP-001-CC-102-CAT-014,2025,Q2,April,DEP-001,CC-102,CAT-014,37401.84,Capital,REG-03
BUD-202504-DEP-001-CC-120-CAT-005,2025,Q2,April,DEP-001,CC-120,CAT-005,30208.48,Departmental,REG-06
BUD-202504-DEP-001-CC-110-CAT-009,2025,Q2,April,DEP-001,CC-110,CAT-009,31418.75,Operating,REG-01
BUD-202504-DEP-001-CC-105-CAT-009,2025,Q2,April,DEP-001,CC-105,CAT-009,33525.36,Operating,REG-01
BUD-202504-DEP-001-CC-118-CAT-010,2025,Q2,April,DEP-001,CC-118,CAT-010,26207.36,Operating,REG-03
BUD-202504-DEP-001-CC-101-CAT-010,2025,Q2,April,DEP-001,CC-101,CAT-010,30182.54,Project,REG-07
BUD-202504-DEP-001-CC-115-CAT-014,2025,Q2,April,DEP-001,CC-115,CAT-014,32517.38,Operating,REG-05
BUD-202504-DEP-001-CC-107-CAT-001,2025,Q2,April,DEP-001,CC-107,CAT-001,39746.18,Operating,REG-05
BUD-202504-DEP-001-CC-112-CAT-003,2025,Q2,April,DEP-001,CC-112,CAT-003,38690.12,Project,REG-03
BUD-202504-DEP-001-CC-113-CAT-014,2025,Q2,April,DEP-001,CC-113,CAT-014,35113.16,Departmental,REG-06
BUD-202504-DEP-001-CC-116-CAT-015,2025,Q2,April,DEP-001,CC-116,CAT-015,34874.57,Operating,REG-04
BUD-202504-DEP-001-CC-104-CAT-011,2025,Q2,April,DEP-001,CC-104,CAT-011,39857.88,Operating,REG-05
BUD-202504-DEP-001-CC-118-CAT-003,2025,Q2,April,DEP-001,CC-118,CAT-003,32107.07,Operating,REG-08
BUD-202504-DEP-001-CC-116-CAT-010,2025,Q2,April,DEP-001,CC-116,CAT-010,29600.68,Departmental,REG-08
BUD-202504-DEP-001-CC-104-CAT-007,2025,Q2,April,DEP-001,CC-104,CAT-007,21465.97,Departmental,REG-07
BUD-202504-DEP-001-CC-106-CAT-002,2025,Q2,April,DEP-001,CC-106,CAT-002,28871.98,Departmental,REG-03
BUD-202504-DEP-001-CC-120-CAT-009,2025,Q2,April,DEP-001,CC-120,CAT-009,33839.52,Operating,REG-04
BUD-202504-DEP-001-CC-110-CAT-015,2025,Q2,April,DEP-001,CC-110,CAT-015,40161.56,Operating,REG-01
BUD-202504-DEP-001-CC-116-CAT-004,2025,Q2,April,DEP-001,CC-116,CAT-004,45711.37,Operating,REG-03
BUD-202504-DEP-001-CC-109-CAT-015,2025,Q2,April,DEP-001,CC-109,CAT-015,41028.48,Departmental,REG-08
BUD-202504-DEP-001-CC-103-CAT-005,2025,Q2,April,DEP-001,CC-103,CAT-005,28736.42,Operating,REG-04
BUD-202504-DEP-001-CC-115-CAT-012,2025,Q2,April,DEP-001,CC-115,CAT-012,25353.23,Operating,REG-08
BUD-202504-DEP-001-CC-118-CAT-010,2025,Q2,April,DEP-001,CC-118,CAT-010,25941.26,Departmental,REG-01
BUD-202504-DEP-001-CC-101-CAT-010,2025,Q2,April,DEP-001,CC-101,CAT-010,27936.8,Departmental,REG-06
BUD-202504-DEP-001-CC-113-CAT-014,2025,Q2,April,DEP-001,CC-113,CAT-014,31216.35,Departmental,REG-08
BUD-202504-DEP-001-CC-101-CAT-007,2025,Q2,April,DEP-001,CC-101,CAT-007,21050.68,Capital,REG-01
BUD-202504-DEP-001-CC-113-CAT-013,2025,Q2,April,DEP-001,CC-113,CAT-013,40021.37,Project,REG-05
BUD-202504-DEP-001-CC-112-CAT-011,2025,Q2,April,DEP-001,CC-112,CAT-011,36742.94,Operating,REG-08
BUD-202504-DEP-001-CC-120-CAT-007,2025,Q2,April,DEP-001,CC-120,CAT-007,24213.71,Operating,REG-03
BUD-202504-DEP-001-CC-109-CAT-002,2025,Q2,April,DEP-001,CC-109,CAT-002,23570.8,Operating,REG-04
BUD-202504-DEP-001-CC-107-CAT-003,2025,Q2,April,DEP-001,CC-107,CAT-003,32996.28,Capital,REG-08
BUD-202504-DEP-001-CC-109-CAT-002,2025,Q2,April,DEP-001,CC-109,CAT-002,26874.09,Operating,REG-04
BUD-202504-DEP-001-CC-104-CAT-009,2025,Q2,April,DEP-001,CC-104,CAT-009,31334.66,Operating,REG-01
BUD-202504-DEP-001-CC-111-CAT-001,2025,Q2,April,DEP-001,CC-111,CAT-001,46832.67,Operating,REG-06
BUD-202504-DEP-001-CC-118-CAT-010,2025,Q2,April,DEP-001,CC-118,CAT-010,29306.52,Departmental,REG-03
BUD-202504-DEP-001-CC-113-CAT-009,2025,Q2,April,DEP-001,CC-113,CAT-009,35649.71,Capital,REG-03
BUD-202504-DEP-001-CC-107-CAT-005,2025,Q2,April,DEP-001,CC-107,CAT-005,29134.26,Capital,REG-08
BUD-202504-DEP-001-CC-114-CAT-015,2025,Q2,April,DEP-001,CC-114,CAT-015,38428.42,Operating,REG-02
BUD-202504-DEP-001-CC-119-CAT-009,2025,Q2,April,DEP-001,CC-119,CAT-009,35938.84,Operating,REG-08
BUD-202504-DEP-001-CC-103-CAT-015,2025,Q2,April,DEP-001,CC-103,CAT-015,34863.21,Departmental,REG-06
BUD-202504-DEP-001-CC-106-CAT-015,2025,Q2,April,DEP-001,CC-106,CAT-015,34966.71,Operating,REG-08
BUD-202504-DEP-001-CC-106-CAT-014,2025,Q2,April,DEP-001,CC-106,CAT-014,32800.5,Operating,REG-02
BUD-202504-DEP-001-CC-103-CAT-007,2025,Q2,April,DEP-001,CC-103,CAT-007,24250.23,Operating,REG-05
BUD-202504-DEP-001-CC-108-CAT-006,2025,Q2,April,DEP-001,CC-108,CAT-006,39475.4,Project,REG-04
BUD-202504-DEP-001-CC-102-CAT-010,2025,Q2,April,DEP-001,CC-102,CAT-010,32439.33,Operating,REG-03
BUD-202504-DEP-002-CC-109-CAT-011,2025,Q2,April,DEP-002,CC-109,CAT-011,28737.84,Project,REG-05
BUD-202504-DEP-002-CC-114-CAT-006,2025,Q2,April,DEP-002,CC-114,CAT-006,30499.35,Operating,REG-03
BUD-202504-DEP-002-CC-116-CAT-003,2025,Q2,April,DEP-002,CC-116,CAT-003,22967.16,Project,REG-04
BUD-202504-DEP-002-CC-106-CAT-003,2025,Q2,April,DEP-002,CC-106,CAT-003,22705.58,Operating,REG-02
BUD-202504-DEP-002-CC-106-CAT-013,2025,Q2,April,DEP-002,CC-106,CAT-013,31715.99,Capital,REG-03
BUD-202504-DEP-002-CC-107-CAT-015,2025,Q2,April,DEP-002,CC-107,CAT-015,25463.73,Capital,REG-03
BUD-202504-DEP-002-CC-117-CAT-006,2025,Q2,April,DEP-002,CC-117,CAT-006,26546.65,Operating,REG-03
BUD-202504-DEP-002-CC-104-CAT-012,2025,Q2,April,DEP-002,CC-104,CAT-012,17610.71,Operating,REG-02
BUD-202504-DEP-002-CC-120-CAT-010,2025,Q2,April,DEP-002,CC-120,CAT-010,19406.4,Operating,REG-04
BUD-202504-DEP-002-CC-119-CAT-014,2025,Q2,April,DEP-002,CC-119,CAT-014,25233.76,Capital,REG-07
BUD-202504-DEP-002-CC-112-CAT-004,2025,Q2,April,DEP-002,CC-112,CAT-004,39440.36,Operating,REG-04
BUD-202504-DEP-002-CC-101-CAT-001,2025,Q2,April,DEP-002,CC-101,CAT-001,28910.65,Operating,REG-07
BUD-202504-DEP-002-CC-117-CAT-002,2025,Q2,April,DEP-002,CC-117,CAT-002,17990.62,Operating,REG-06
BUD-202504-DEP-002-CC-118-CAT-004,2025,Q2,April,DEP-002,CC-118,CAT-004,35581.09,Operating,REG-01
BUD-202504-DEP-002-CC-107-CAT-010,2025,Q2,April,DEP-002,CC-107,CAT-010,18539.48,Capital,REG-06
BUD-202504-DEP-002-CC-110-CAT-001,2025,Q2,April,DEP-002,CC-110,CAT-001,28310.8,Project,REG-06
BUD-202504-DEP-002-CC-120-CAT-006,2025,Q2,April,DEP-002,CC-120,CAT-006,25635.12,Operating,REG-04
BUD-202504-DEP-002-CC-120-CAT-004,2025,Q2,April,DEP-002,CC-120,CAT-004,39388.29,Departmental,REG-08
BUD-202504-DEP-002-CC-116-CAT-014,2025,Q2,April,DEP-002,CC-116,CAT-014,23937.71,Operating,REG-05
BUD-202504-DEP-002-CC-107-CAT-003,2025,Q2,April,DEP-002,CC-107,CAT-003,27230.96,Project,REG-05
BUD-202504-DEP-002-CC-120-CAT-011,2025,Q2,April,DEP-002,CC-120,CAT-011,28572.63,Operating,REG-02
BUD-202504-DEP-002-CC-116-CAT-015,2025,Q2,April,DEP-002,CC-116,CAT-015,26929.43,Capital,REG-08
BUD-202504-DEP-002-CC-110-CAT-001,2025,Q2,April,DEP-002,CC-110,CAT-001,30759.45,Operating,REG-06
BUD-202504-DEP-002-CC-103-CAT-010,2025,Q2,April,DEP-002,CC-103,CAT-010,22082.97,Project,REG-01
BUD-202504-DEP-002-CC-117-CAT-002,2025,Q2,April,DEP-002,CC-117,CAT-002,18371.9,Departmental,REG-07
BUD-202504-DEP-002-CC-118-CAT-005,2025,Q2,April,DEP-002,CC-118,CAT-005,24067.08,Operating,REG-05
BUD-202504-DEP-002-CC-111-CAT-007,2025,Q2,April,DEP-002,CC-111,CAT-007,16197.24,Operating,REG-01
BUD-202504-DEP-002-CC-108-CAT-015,2025,Q2,April,DEP-002,CC-108,CAT-015,26304.95,Capital,REG-03
BUD-202504-DEP-002-CC-104-CAT-005,2025,Q2,April,DEP-002,CC-104,CAT-005,22843.61,Operating,REG-02
BUD-202504-DEP-002-CC-114-CAT-012,2025,Q2,April,DEP-002,CC-114,CAT-012,20998.35,Operating,REG-03
BUD-202504-DEP-002-CC-103-CAT-015,2025,Q2,April,DEP-002,CC-103,CAT-015,23366.03,Operating,REG-08
BUD-202504-DEP-002-CC-113-CAT-012,2025,Q2,April,DEP-002,CC-113,CAT-012,18649.39,Operating,REG-07
BUD-202504-DEP-002-CC-111-CAT-012,2025,Q2,April,DEP-002,CC-111,CAT-012,17907.15,Operating,REG-07
BUD-202504-DEP-002-CC-103-CAT-014,2025,Q2,April,DEP-002,CC-103,CAT-014,23057.72,Operating,REG-02
BUD-202504-DEP-002-CC-116-CAT-013,2025,Q2,April,DEP-002,CC-116,CAT-013,30207.48,Operating,REG-07
BUD-202504-DEP-002-CC-109-CAT-004,2025,Q2,April,DEP-002,CC-109,CAT-004,39998.61,Capital,REG-02
BUD-202504-DEP-002-CC-103-CAT-013,2025,Q2,April,DEP-002,CC-103,CAT-013,30675.52,Project,REG-07
BUD-202504-DEP-002-CC-120-CAT-007,2025,Q2,April,DEP-002,CC-120,CAT-007,16387.57,Operating,REG-06
BUD-202504-DEP-002-CC-111-CAT-015,2025,Q2,April,DEP-002,CC-111,CAT-015,24612.23,Operating,REG-04
BUD-202504-DEP-002-CC-114-CAT-010,2025,Q2,April,DEP-002,CC-114,CAT-010,20242.02,Operating,REG-04
BUD-202504-DEP-002-CC-117-CAT-007,2025,Q2,April,DEP-002,CC-117,CAT-007,16679.09,Capital,REG-05
BUD-202504-DEP-002-CC-112-CAT-013,2025,Q2,April,DEP-002,CC-112,CAT-013,28918.51,Project,REG-01
BUD-202504-DEP-002-CC-118-CAT-007,2025,Q2,April,DEP-002,CC-118,CAT-007,16772.13,Operating,REG-04
BUD-202504-DEP-002-CC-103-CAT-014,2025,Q2,April,DEP-002,CC-103,CAT-014,26861.75,Operating,REG-01
BUD-202504-DEP-002-CC-117-CAT-008,2025,Q2,April,DEP-002,CC-117,CAT-008,36483.47,Operating,REG-06
BUD-202504-DEP-002-CC-101-CAT-003,2025,Q2,April,DEP-002,CC-101,CAT-003,22807.24,Operating,REG-07
BUD-202504-DEP-002-CC-119-CAT-007,2025,Q2,April,DEP-002,CC-119,CAT-007,17591.41,Operating,REG-04
BUD-202504-DEP-002-CC-120-CAT-010,2025,Q2,April,DEP-002,CC-120,CAT-010,21527.72,Operating,REG-04
BUD-202504-DEP-002-CC-111-CAT-002,2025,Q2,April,DEP-002,CC-111,CAT-002,20303.43,Operating,REG-01
BUD-202504-DEP-003-CC-113-CAT-006,2025,Q2,April,DEP-003,CC-113,CAT-006,47425.15,Departmental,REG-03
BUD-202504-DEP-003-CC-103-CAT-009,2025,Q2,April,DEP-003,CC-103,CAT-009,37466.1,Operating,REG-03
BUD-202504-DEP-003-CC-101-CAT-012,2025,Q2,April,DEP-003,CC-101,CAT-012,29548.94,Project,REG-01
BUD-202504-DEP-003-CC-112-CAT-012,2025,Q2,April,DEP-003,CC-112,CAT-012,31749.76,Operating,REG-06
BUD-202504-DEP-003-CC-116-CAT-004,2025,Q2,April,DEP-003,CC-116,CAT-004,58940.22,Operating,REG-02
BUD-202504-DEP-003-CC-109-CAT-014,2025,Q2,April,DEP-003,CC-109,CAT-014,39763.82,Departmental,REG-08
BUD-202504-DEP-003-CC-109-CAT-002,2025,Q2,April,DEP-003,CC-109,CAT-002,33760.21,Project,REG-05
BUD-202504-DEP-003-CC-116-CAT-002,2025,Q2,April,DEP-003,CC-116,CAT-002,31535.96,Operating,REG-06
BUD-202504-DEP-003-CC-120-CAT-004,2025,Q2,April,DEP-003,CC-120,CAT-004,63159.07,Operating,REG-03
BUD-202504-DEP-003-CC-112-CAT-010,2025,Q2,April,DEP-003,CC-112,CAT-010,31203.99,Project,REG-08
BUD-202504-DEP-003-CC-112-CAT-011,2025,Q2,April,DEP-003,CC-112,CAT-011,46587.34,Operating,REG-03
BUD-202504-DEP-003-CC-114-CAT-005,2025,Q2,April,DEP-003,CC-114,CAT-005,37859.25,Operating,REG-07
BUD-202504-DEP-003-CC-116-CAT-008,2025,Q2,April,DEP-003,CC-116,CAT-008,57974.87,Operating,REG-08
BUD-202504-DEP-003-CC-107-CAT-006,2025,Q2,April,DEP-003,CC-107,CAT-006,42346.9,Project,REG-08
BUD-202504-DEP-003-CC-119-CAT-006,2025,Q2,April,DEP-003,CC-119,CAT-006,43721.86,Departmental,REG-08
BUD-202504-DEP-003-CC-108-CAT-004,2025,Q2,April,DEP-003,CC-108,CAT-004,64670.96,Capital,REG-04
BUD-202504-DEP-003-CC-113-CAT-014,2025,Q2,April,DEP-003,CC-113,CAT-014,44326.19,Operating,REG-08
BUD-202504-DEP-003-CC-108-CAT-001,2025,Q2,April,DEP-003,CC-108,CAT-001,49640.7,Departmental,REG-06
BUD-202504-DEP-003-CC-103-CAT-013,2025,Q2,April,DEP-003,CC-103,CAT-013,47184.6,Departmental,REG-06
BUD-202504-DEP-003-CC-117-CAT-007,2025,Q2,April,DEP-003,CC-117,CAT-007,26694.76,Departmental,REG-04
BUD-202504-DEP-003-CC-114-CAT-011,2025,Q2,April,DEP-003,CC-114,CAT-011,44331.39,Operating,REG-07
BUD-202504-DEP-003-CC-109-CAT-014,2025,Q2,April,DEP-003,CC-109,CAT-014,35516.71,Operating,REG-08
BUD-202504-DEP-003-CC-119-CAT-001,2025,Q2,April,DEP-003,CC-119,CAT-001,45428.16,Departmental,REG-05
BUD-202504-DEP-003-CC-101-CAT-013,2025,Q2,April,DEP-003,CC-101,CAT-013,49638.04,Project,REG-05
BUD-202504-DEP-003-CC-111-CAT-010,2025,Q2,April,DEP-003,CC-111,CAT-010,33564.69,Project,REG-07
BUD-202504-DEP-003-CC-117-CAT-001,2025,Q2,April,DEP-003,CC-117,CAT-001,55448.38,Capital,REG-08
BUD-202504-DEP-003-CC-108-CAT-014,2025,Q2,April,DEP-003,CC-108,CAT-014,43308.58,Operating,REG-07
BUD-202504-DEP-003-CC-117-CAT-005,2025,Q2,April,DEP-003,CC-117,CAT-005,35474.72,Operating,REG-03
BUD-202504-DEP-003-CC-111-CAT-004,2025,Q2,April,DEP-003,CC-111,CAT-004,57695.91,Operating,REG-01
BUD-202504-DEP-003-CC-115-CAT-008,2025,Q2,April,DEP-003,CC-115,CAT-008,54644.41,Operating,REG-03
BUD-202504-DEP-003-CC-106-CAT-006,2025,Q2,April,DEP-003,CC-106,CAT-006,50556.61,Departmental,REG-02
BUD-202504-DEP-003-CC-119-CAT-010,2025,Q2,April,DEP-003,CC-119,CAT-010,33341.44,Operating,REG-03
BUD-202504-DEP-003-CC-120-CAT-014,2025,Q2,April,DEP-003,CC-120,CAT-014,37216.89,Capital,REG-03
BUD-202504-DEP-003-CC-112-CAT-014,2025,Q2,April,DEP-003,CC-112,CAT-014,38500.91,Departmental,REG-02
BUD-202504-DEP-003-CC-101-CAT-010,2025,Q2,April,DEP-003,CC-101,CAT-010,30795.41,Operating,REG-01
BUD-202504-DEP-003-CC-115-CAT-003,2025,Q2,April,DEP-003,CC-115,CAT-003,46298.51,Operating,REG-04
BUD-202504-DEP-003-CC-118-CAT-002,2025,Q2,April,DEP-003,CC-118,CAT-002,32404.7,Operating,REG-07
BUD-202504-DEP-003-CC-103-CAT-010,2025,Q2,April,DEP-003,CC-103,CAT-010,35325.81,Operating,REG-04
BUD-202504-DEP-003-CC-114-CAT-008,2025,Q2,April,DEP-003,CC-114,CAT-008,55624.2,Capital,REG-01
BUD-202504-DEP-003-CC-114-CAT-012,2025,Q2,April,DEP-003,CC-114,CAT-012,34069.01,Operating,REG-03
BUD-202504-DEP-003-CC-115-CAT-012,2025,Q2,April,DEP-003,CC-115,CAT-012,29897.36,Departmental,REG-03
BUD-202504-DEP-003-CC-114-CAT-005,2025,Q2,April,DEP-003,CC-114,CAT-005,34882.27,Departmental,REG-08
BUD-202504-DEP-003-CC-107-CAT-008,2025,Q2,April,DEP-003,CC-107,CAT-008,55715.72,Operating,REG-01
BUD-202504-DEP-003-CC-104-CAT-012,2025,Q2,April,DEP-003,CC-104,CAT-012,28425.83,Operating,REG-01
BUD-202504-DEP-003-CC-118-CAT-009,2025,Q2,April,DEP-003,CC-118,CAT-009,40094.14,Departmental,REG-07
BUD-202504-DEP-003-CC-119-CAT-008,2025,Q2,April,DEP-003,CC-119,CAT-008,53645.49,Departmental,REG-08
BUD-202504-DEP-003-CC-107-CAT-015,2025,Q2,April,DEP-003,CC-107,CAT-015,41988.47,Operating,REG-05
BUD-202504-DEP-004-CC-117-CAT-007,2025,Q2,April,DEP-004,CC-117,CAT-007,19710.11,Departmental,REG-08
BUD-202504-DEP-004-CC-109-CAT-008,2025,Q2,April,DEP-004,CC-109,CAT-008,37405.08,Departmental,REG-04
BUD-202504-DEP-004-CC-111-CAT-007,2025,Q2,April,DEP-004,CC-111,CAT-007,16575.34,Project,REG-03
BUD-202504-DEP-004-CC-102-CAT-010,2025,Q2,April,DEP-004,CC-102,CAT-010,22381.74,Project,REG-07
BUD-202504-DEP-004-CC-104-CAT-011,2025,Q2,April,DEP-004,CC-104,CAT-011,29945.39,Project,REG-06
BUD-202504-DEP-004-CC-115-CAT-006,2025,Q2,April,DEP-004,CC-115,CAT-006,32338.73,Operating,REG-06
BUD-202504-DEP-004-CC-116-CAT-002,2025,Q2,April,DEP-004,CC-116,CAT-002,19089.48,Capital,REG-01
BUD-202504-DEP-004-CC-112-CAT-011,2025,Q2,April,DEP-004,CC-112,CAT-011,31938.57,Project,REG-06
BUD-202504-DEP-004-CC-118-CAT-002,2025,Q2,April,DEP-004,CC-118,CAT-002,21222.75,Operating,REG-01
BUD-202504-DEP-004-CC-114-CAT-015,2025,Q2,April,DEP-004,CC-114,CAT-015,30918.92,Operating,REG-07
BUD-202504-DEP-004-CC-104-CAT-001,2025,Q2,April,DEP-004,CC-104,CAT-001,32954.45,Operating,REG-04
BUD-202504-DEP-004-CC-103-CAT-010,2025,Q2,April,DEP-004,CC-103,CAT-010,21817.28,Project,REG-05
BUD-202504-DEP-004-CC-102-CAT-012,2025,Q2,April,DEP-004,CC-102,CAT-012,23340.63,Capital,REG-07
BUD-202504-DEP-004-CC-102-CAT-007,2025,Q2,April,DEP-004,CC-102,CAT-007,17643.39,Operating,REG-05
BUD-202504-DEP-004-CC-101-CAT-010,2025,Q2,April,DEP-004,CC-101,CAT-010,23285.77,Project,REG-02
BUD-202504-DEP-004-CC-107-CAT-007,2025,Q2,April,DEP-004,CC-107,CAT-007,19302.87,Capital,REG-08
BUD-202504-DEP-004-CC-112-CAT-008,2025,Q2,April,DEP-004,CC-112,CAT-008,33707.84,Operating,REG-03
BUD-202504-DEP-004-CC-102-CAT-001,2025,Q2,April,DEP-004,CC-102,CAT-001,35772.73,Project,REG-05
BUD-202504-DEP-004-CC-101-CAT-012,2025,Q2,April,DEP-004,CC-101,CAT-012,19418.35,Operating,REG-07
BUD-202504-DEP-004-CC-118-CAT-007,2025,Q2,April,DEP-004,CC-118,CAT-007,17282.6,Project,REG-04
BUD-202504-DEP-004-CC-102-CAT-002,2025,Q2,April,DEP-004,CC-102,CAT-002,22076.34,Operating,REG-07
BUD-202504-DEP-004-CC-105-CAT-015,2025,Q2,April,DEP-004,CC-105,CAT-015,32229.81,Departmental,REG-06
BUD-202504-DEP-004-CC-113-CAT-004,2025,Q2,April,DEP-004,CC-113,CAT-004,43197.69,Operating,REG-05
BUD-202504-DEP-004-CC-112-CAT-001,2025,Q2,April,DEP-004,CC-112,CAT-001,34344.79,Project,REG-06
BUD-202504-DEP-004-CC-104-CAT-011,2025,Q2,April,DEP-004,CC-104,CAT-011,28818.99,Operating,REG-04
BUD-202504-DEP-004-CC-113-CAT-015,2025,Q2,April,DEP-004,CC-113,CAT-015,30846.57,Operating,REG-07
BUD-202504-DEP-004-CC-109-CAT-013,2025,Q2,April,DEP-004,CC-109,CAT-013,35665.52,Project,REG-04
BUD-202504-DEP-004-CC-112-CAT-003,2025,Q2,April,DEP-004,CC-112,CAT-003,24996.26,Operating,REG-06
BUD-202504-DEP-004-CC-105-CAT-015,2025,Q2,April,DEP-004,CC-105,CAT-015,32288.99,Departmental,REG-02
BUD-202504-DEP-004-CC-105-CAT-009,2025,Q2,April,DEP-004,CC-105,CAT-009,27214.04,Departmental,REG-07
BUD-202504-DEP-004-CC-105-CAT-004,2025,Q2,April,DEP-004,CC-105,CAT-004,41694.11,Project,REG-05
BUD-202504-DEP-004-CC-109-CAT-009,2025,Q2,April,DEP-004,CC-109,CAT-009,26643.21,Operating,REG-06
BUD-202504-DEP-004-CC-107-CAT-003,2025,Q2,April,DEP-004,CC-107,CAT-003,30144.29,Operating,REG-01
BUD-202504-DEP-004-CC-103-CAT-015,2025,Q2,April,DEP-004,CC-103,CAT-015,32730.31,Operating,REG-01
BUD-202504-DEP-004-CC-106-CAT-003,2025,Q2,April,DEP-004,CC-106,CAT-003,29959.18,Operating,REG-07
BUD-202504-DEP-004-CC-105-CAT-005,2025,Q2,April,DEP-004,CC-105,CAT-005,24601.73,Operating,REG-06
BUD-202504-DEP-004-CC-109-CAT-004,2025,Q2,April,DEP-004,CC-109,CAT-004,37966.35,Project,REG-03
BUD-202504-DEP-004-CC-110-CAT-001,2025,Q2,April,DEP-004,CC-110,CAT-001,32362.49,Operating,REG-08
BUD-202504-DEP-004-CC-115-CAT-005,2025,Q2,April,DEP-004,CC-115,CAT-005,23208.74,Project,REG-06
BUD-202504-DEP-004-CC-118-CAT-014,2025,Q2,April,DEP-004,CC-118,CAT-014,28297.68,Operating,REG-04
BUD-202504-DEP-004-CC-118-CAT-014,2025,Q2,April,DEP-004,CC-118,CAT-014,30036.07,Operating,REG-08
BUD-202504-DEP-004-CC-102-CAT-007,2025,Q2,April,DEP-004,CC-102,CAT-007,17208.22,Departmental,REG-02
BUD-202504-DEP-004-CC-117-CAT-014,2025,Q2,April,DEP-004,CC-117,CAT-014,26801.71,Operating,REG-06
BUD-202504-DEP-005-CC-117-CAT-009,2025,Q2,April,DEP-005,CC-117,CAT-009,32678.94,Project,REG-02
BUD-202504-DEP-005-CC-101-CAT-005,2025,Q2,April,DEP-005,CC-101,CAT-005,25043.03,Operating,REG-03
BUD-202504-DEP-005-CC-101-CAT-013,2025,Q2,April,DEP-005,CC-101,CAT-013,35313.4,Project,REG-04
BUD-202504-DEP-005-CC-120-CAT-009,2025,Q2,April,DEP-005,CC-120,CAT-009,32994.49,Operating,REG-05
BUD-202504-DEP-005-CC-102-CAT-009,2025,Q2,April,DEP-005,CC-102,CAT-009,31105.36,Departmental,REG-01
BUD-202504-DEP-005-CC-119-CAT-006,2025,Q2,April,DEP-005,CC-119,CAT-006,35974.24,Project,REG-07
BUD-202504-DEP-005-CC-110-CAT-014,2025,Q2,April,DEP-005,CC-110,CAT-014,29511.38,Operating,REG-06
BUD-202504-DEP-005-CC-104-CAT-006,2025,Q2,April,DEP-005,CC-104,CAT-006,37950.98,Departmental,REG-05
BUD-202504-DEP-005-CC-106-CAT-009,2025,Q2,April,DEP-005,CC-106,CAT-009,28313.23,Departmental,REG-06
BUD-202504-DEP-005-CC-118-CAT-012,2025,Q2,April,DEP-005,CC-118,CAT-012,24778.24,Operating,REG-03
BUD-202504-DEP-005-CC-104-CAT-013,2025,Q2,April,DEP-005,CC-104,CAT-013,36363.41,Project,REG-02
BUD-202504-DEP-005-CC-111-CAT-009,2025,Q2,April,DEP-005,CC-111,CAT-009,27178.54,Operating,REG-02
BUD-202504-DEP-005-CC-112-CAT-014,2025,Q2,April,DEP-005,CC-112,CAT-014,32755.54,Operating,REG-05
BUD-202504-DEP-005-CC-103-CAT-004,2025,Q2,April,DEP-005,CC-103,CAT-004,42401.25,Operating,REG-02
BUD-202504-DEP-005-CC-118-CAT-011,2025,Q2,April,DEP-005,CC-118,CAT-011,35575.07,Project,REG-07
BUD-202504-DEP-005-CC-110-CAT-005,2025,Q2,April,DEP-005,CC-110,CAT-005,29645.93,Project,REG-08
BUD-202504-DEP-005-CC-115-CAT-008,2025,Q2,April,DEP-005,CC-115,CAT-008,42091.82,Operating,REG-07
BUD-202504-DEP-005-CC-120-CAT-014,2025,Q2,April,DEP-005,CC-120,CAT-014,28871.39,Operating,REG-02
BUD-202504-DEP-005-CC-108-CAT-015,2025,Q2,April,DEP-005,CC-108,CAT-015,33427.67,Operating,REG-07
BUD-202504-DEP-005-CC-113-CAT-005,2025,Q2,April,DEP-005,CC-113,CAT-005,27872.35,Project,REG-03
BUD-202504-DEP-005-CC-118-CAT-009,2025,Q2,April,DEP-005,CC-118,CAT-009,31144.05,Operating,REG-05
BUD-202504-DEP-005-CC-108-CAT-001,2025,Q2,April,DEP-005,CC-108,CAT-001,42896.87,Operating,REG-02
BUD-202504-DEP-005-CC-110-CAT-005,2025,Q2,April,DEP-005,CC-110,CAT-005,30208.1,Departmental,REG-03
BUD-202504-DEP-005-CC-116-CAT-011,2025,Q2,April,DEP-005,CC-116,CAT-011,37272.37,Departmental,REG-04
BUD-202504-DEP-005-CC-120-CAT-009,2025,Q2,April,DEP-005,CC-120,CAT-009,27224.56,Capital,REG-02
BUD-202504-DEP-005-CC-110-CAT-010,2025,Q2,April,DEP-005,CC-110,CAT-010,26300.06,Operating,REG-01
BUD-202504-DEP-005-CC-108-CAT-013,2025,Q2,April,DEP-005,CC-108,CAT-013,43197.21,Project,REG-08
BUD-202504-DEP-005-CC-120-CAT-008,2025,Q2,April,DEP-005,CC-120,CAT-008,43362.43,Operating,REG-04
BUD-202504-DEP-005-CC-119-CAT-008,2025,Q2,April,DEP-005,CC-119,CAT-008,41063.4,Operating,REG-06
BUD-202504-DEP-005-CC-109-CAT-001,2025,Q2,April,DEP-005,CC-109,CAT-001,38829.66,Operating,REG-04
BUD-202504-DEP-005-CC-111-CAT-011,2025,Q2,April,DEP-005,CC-111,CAT-011,37960.25,Operating,REG-08
BUD-202504-DEP-005-CC-101-CAT-008,2025,Q2,April,DEP-005,CC-101,CAT-008,45719.55,Operating,REG-02
BUD-202504-DEP-005-CC-112-CAT-009,2025,Q2,April,DEP-005,CC-112,CAT-009,32126.49,Operating,REG-01
BUD-202504-DEP-005-CC-118-CAT-008,2025,Q2,April,DEP-005,CC-118,CAT-008,38707.47,Operating,REG-05
BUD-202504-DEP-005-CC-119-CAT-007,2025,Q2,April,DEP-005,CC-119,CAT-007,19981.0,Project,REG-08
BUD-202504-DEP-005-CC-106-CAT-013,2025,Q2,April,DEP-005,CC-106,CAT-013,35168.14,Operating,REG-02
BUD-202504-DEP-005-CC-104-CAT-013,2025,Q2,April,DEP-005,CC-104,CAT-013,36878.08,Departmental,REG-07
BUD-202504-DEP-005-CC-109-CAT-014,2025,Q2,April,DEP-005,CC-109,CAT-014,31600.04,Capital,REG-07
BUD-202504-DEP-005-CC-104-CAT-003,2025,Q2,April,DEP-005,CC-104,CAT-003,30175.64,Operating,REG-02
BUD-202504-DEP-005-CC-103-CAT-004,2025,Q2,April,DEP-005,CC-103,CAT-004,49652.57,Departmental,REG-08
BUD-202504-DEP-005-CC-115-CAT-015,2025,Q2,April,DEP-005,CC-115,CAT-015,37508.44,Departmental,REG-06
BUD-202504-DEP-005-CC-115-CAT-010,2025,Q2,April,DEP-005,CC-115,CAT-010,24988.7,Operating,REG-07
BUD-202504-DEP-005-CC-107-CAT-008,2025,Q2,April,DEP-005,CC-107,CAT-008,45231.1,Capital,REG-08
BUD-202504-DEP-005-CC-106-CAT-001,2025,Q2,April,DEP-005,CC-106,CAT-001,41855.28,Operating,REG-03
BUD-202504-DEP-005-CC-101-CAT-007,2025,Q2,April,DEP-005,CC-101,CAT-007,21493.42,Operating,REG-07
BUD-202504-DEP-005-CC-110-CAT-007,2025,Q2,April,DEP-005,CC-110,CAT-007,20979.02,Operating,REG-01
BUD-202504-DEP-006-CC-106-CAT-014,2025,Q2,April,DEP-006,CC-106,CAT-014,23160.2,Operating,REG-07
BUD-202504-DEP-006-CC-116-CAT-013,2025,Q2,April,DEP-006,CC-116,CAT-013,24893.79,Operating,REG-06
BUD-202504-DEP-006-CC-116-CAT-014,2025,Q2,April,DEP-006,CC-116,CAT-014,21939.67,Departmental,REG-06
BUD-202504-DEP-006-CC-119-CAT-013,2025,Q2,April,DEP-006,CC-119,CAT-013,26628.87,Operating,REG-08
BUD-202504-DEP-006-CC-116-CAT-003,2025,Q2,April,DEP-006,CC-116,CAT-003,22200.42,Departmental,REG-01
BUD-202504-DEP-006-CC-105-CAT-003,2025,Q2,April,DEP-006,CC-105,CAT-003,23758.17,Operating,REG-05
BUD-202504-DEP-006-CC-118-CAT-013,2025,Q2,April,DEP-006,CC-118,CAT-013,27778.12,Operating,REG-04
BUD-202504-DEP-006-CC-101-CAT-015,2025,Q2,April,DEP-006,CC-101,CAT-015,21162.64,Operating,REG-07
BUD-202504-DEP-006-CC-116-CAT-015,2025,Q2,April,DEP-006,CC-116,CAT-015,24354.65,Departmental,REG-08
BUD-202504-DEP-006-CC-111-CAT-007,2025,Q2,April,DEP-006,CC-111,CAT-007,12804.21,Operating,REG-06
BUD-202504-DEP-006-CC-117-CAT-007,2025,Q2,April,DEP-006,CC-117,CAT-007,13166.82,Departmental,REG-03
BUD-202504-DEP-006-CC-115-CAT-001,2025,Q2,April,DEP-006,CC-115,CAT-001,25629.59,Project,REG-05
BUD-202504-DEP-006-CC-115-CAT-010,2025,Q2,April,DEP-006,CC-115,CAT-010,19944.97,Operating,REG-01
BUD-202504-DEP-006-CC-110-CAT-005,2025,Q2,April,DEP-006,CC-110,CAT-005,20622.77,Project,REG-02
BUD-202504-DEP-006-CC-113-CAT-001,2025,Q2,April,DEP-006,CC-113,CAT-001,28182.97,Operating,REG-07
BUD-202504-DEP-006-CC-119-CAT-002,2025,Q2,April,DEP-006,CC-119,CAT-002,15064.76,Capital,REG-08
BUD-202504-DEP-006-CC-104-CAT-008,2025,Q2,April,DEP-006,CC-104,CAT-008,26906.99,Capital,REG-06
BUD-202504-DEP-006-CC-101-CAT-010,2025,Q2,April,DEP-006,CC-101,CAT-010,18138.36,Operating,REG-08
BUD-202504-DEP-006-CC-106-CAT-009,2025,Q2,April,DEP-006,CC-106,CAT-009,21863.05,Project,REG-05
BUD-202504-DEP-006-CC-111-CAT-006,2025,Q2,April,DEP-006,CC-111,CAT-006,23859.66,Operating,REG-03
BUD-202504-DEP-006-CC-118-CAT-009,2025,Q2,April,DEP-006,CC-118,CAT-009,20446.39,Operating,REG-07
BUD-202504-DEP-006-CC-105-CAT-002,2025,Q2,April,DEP-006,CC-105,CAT-002,17053.28,Operating,REG-04
BUD-202504-DEP-006-CC-109-CAT-006,2025,Q2,April,DEP-006,CC-109,CAT-006,23364.59,Operating,REG-08
BUD-202504-DEP-006-CC-103-CAT-004,2025,Q2,April,DEP-006,CC-103,CAT-004,31240.09,Capital,REG-03
BUD-202504-DEP-006-CC-113-CAT-011,2025,Q2,April,DEP-006,CC-113,CAT-011,21841.33,Departmental,REG-04
BUD-202504-DEP-006-CC-111-CAT-005,2025,Q2,April,DEP-006,CC-111,CAT-005,19108.95,Operating,REG-04
BUD-202504-DEP-006-CC-102-CAT-008,2025,Q2,April,DEP-006,CC-102,CAT-008,26193.35,Project,REG-03
BUD-202504-DEP-006-CC-105-CAT-006,2025,Q2,April,DEP-006,CC-105,CAT-006,25704.99,Capital,REG-03
BUD-202504-DEP-006-CC-112-CAT-006,2025,Q2,April,DEP-006,CC-112,CAT-006,23473.37,Operating,REG-02
BUD-202504-DEP-006-CC-106-CAT-006,2025,Q2,April,DEP-006,CC-106,CAT-006,26907.24,Capital,REG-05
BUD-202504-DEP-006-CC-103-CAT-009,2025,Q2,April,DEP-006,CC-103,CAT-009,22425.51,Operating,REG-01
BUD-202504-DEP-006-CC-115-CAT-015,2025,Q2,April,DEP-006,CC-115,CAT-015,23147.11,Capital,REG-06
BUD-202504-DEP-006-CC-110-CAT-015,2025,Q2,April,DEP-006,CC-110,CAT-015,21994.0,Operating,REG-07
BUD-202504-DEP-007-CC-102-CAT-012,2025,Q2,April,DEP-007,CC-102,CAT-012,31315.56,Departmental,REG-01
BUD-202504-DEP-007-CC-120-CAT-012,2025,Q2,April,DEP-007,CC-120,CAT-012,32113.16,Capital,REG-05
BUD-202504-DEP-007-CC-112-CAT-003,2025,Q2,April,DEP-007,CC-112,CAT-003,35088.83,Operating,REG-01
BUD-202504-DEP-007-CC-101-CAT-009,2025,Q2,April,DEP-007,CC-101,CAT-009,33260.42,Project,REG-06
BUD-202504-DEP-007-CC-113-CAT-009,2025,Q2,April,DEP-007,CC-113,CAT-009,31110.76,Departmental,REG-03
BUD-202504-DEP-007-CC-116-CAT-006,2025,Q2,April,DEP-007,CC-116,CAT-006,44239.74,Departmental,REG-08
BUD-202504-DEP-007-CC-102-CAT-008,2025,Q2,April,DEP-007,CC-102,CAT-008,53679.24,Capital,REG-06
BUD-202504-DEP-007-CC-117-CAT-013,2025,Q2,April,DEP-007,CC-117,CAT-013,44389.58,Project,REG-08
BUD-202504-DEP-007-CC-118-CAT-007,2025,Q2,April,DEP-007,CC-118,CAT-007,25629.49,Project,REG-02
BUD-202504-DEP-007-CC-104-CAT-011,2025,Q2,April,DEP-007,CC-104,CAT-011,42022.75,Operating,REG-03
BUD-202504-DEP-007-CC-105-CAT-006,2025,Q2,April,DEP-007,CC-105,CAT-006,40632.5,Operating,REG-08
BUD-202504-DEP-007-CC-107-CAT-012,2025,Q2,April,DEP-007,CC-107,CAT-012,28937.88,Operating,REG-08
BUD-202504-DEP-007-CC-116-CAT-006,2025,Q2,April,DEP-007,CC-116,CAT-006,47348.26,Project,REG-08
BUD-202504-DEP-007-CC-113-CAT-014,2025,Q2,April,DEP-007,CC-113,CAT-014,39519.23,Operating,REG-08
BUD-202504-DEP-007-CC-118-CAT-012,2025,Q2,April,DEP-007,CC-118,CAT-012,30105.22,Operating,REG-03
BUD-202504-DEP-007-CC-109-CAT-015,2025,Q2,April,DEP-007,CC-109,CAT-015,36945.93,Project,REG-05
BUD-202504-DEP-007-CC-107-CAT-002,2025,Q2,April,DEP-007,CC-107,CAT-002,26244.58,Operating,REG-07
BUD-202504-DEP-007-CC-102-CAT-005,2025,Q2,April,DEP-007,CC-102,CAT-005,36652.58,Operating,REG-05
BUD-202504-DEP-007-CC-105-CAT-006,2025,Q2,April,DEP-007,CC-105,CAT-006,38712.0,Operating,REG-03
BUD-202504-DEP-007-CC-113-CAT-014,2025,Q2,April,DEP-007,CC-113,CAT-014,35489.68,Operating,REG-02
BUD-202504-DEP-007-CC-120-CAT-008,2025,Q2,April,DEP-007,CC-120,CAT-008,56975.87,Operating,REG-08
BUD-202504-DEP-007-CC-103-CAT-010,2025,Q2,April,DEP-007,CC-103,CAT-010,31714.59,Project,REG-05
BUD-202504-DEP-007-CC-118-CAT-008,2025,Q2,April,DEP-007,CC-118,CAT-008,46535.57,Capital,REG-03
BUD-202504-DEP-007-CC-108-CAT-011,2025,Q2,April,DEP-007,CC-108,CAT-011,44519.52,Project,REG-02
BUD-202504-DEP-007-CC-113-CAT-008,2025,Q2,April,DEP-007,CC-113,CAT-008,48404.4,Capital,REG-04
BUD-202504-DEP-007-CC-117-CAT-002,2025,Q2,April,DEP-007,CC-117,CAT-002,30898.17,Project,REG-01
BUD-202504-DEP-007-CC-111-CAT-004,2025,Q2,April,DEP-007,CC-111,CAT-004,59322.7,Operating,REG-07
BUD-202504-DEP-007-CC-104-CAT-009,2025,Q2,April,DEP-007,CC-104,CAT-009,32297.6,Operating,REG-07
BUD-202504-DEP-007-CC-117-CAT-013,2025,Q2,April,DEP-007,CC-117,CAT-013,43328.32,Operating,REG-06
BUD-202504-DEP-007-CC-120-CAT-007,2025,Q2,April,DEP-007,CC-120,CAT-007,25671.26,Operating,REG-03
BUD-202504-DEP-007-CC-120-CAT-010,2025,Q2,April,DEP-007,CC-120,CAT-010,30338.75,Capital,REG-01
BUD-202504-DEP-007-CC-114-CAT-010,2025,Q2,April,DEP-007,CC-114,CAT-010,28740.17,Project,REG-08
BUD-202504-DEP-007-CC-108-CAT-002,2025,Q2,April,DEP-007,CC-108,CAT-002,25047.35,Operating,REG-01
BUD-202504-DEP-007-CC-117-CAT-010,2025,Q2,April,DEP-007,CC-117,CAT-010,32919.83,Operating,REG-08
BUD-202504-DEP-007-CC-110-CAT-001,2025,Q2,April,DEP-007,CC-110,CAT-001,49416.05,Operating,REG-03
BUD-202504-DEP-007-CC-112-CAT-004,2025,Q2,April,DEP-007,CC-112,CAT-004,56801.6,Departmental,REG-03
BUD-202504-DEP-007-CC-115-CAT-013,2025,Q2,April,DEP-007,CC-115,CAT-013,44619.15,Operating,REG-02
BUD-202504-DEP-007-CC-105-CAT-002,2025,Q2,April,DEP-007,CC-105,CAT-002,29275.7,Operating,REG-05
BUD-202504-DEP-007-CC-101-CAT-010,2025,Q2,April,DEP-007,CC-101,CAT-010,31803.78,Capital,REG-02
BUD-202504-DEP-007-CC-105-CAT-001,2025,Q2,April,DEP-007,CC-105,CAT-001,42855.17,Operating,REG-03
BUD-202504-DEP-007-CC-105-CAT-005,2025,Q2,April,DEP-007,CC-105,CAT-005,36039.98,Departmental,REG-06
BUD-202504-DEP-007-CC-109-CAT-006,2025,Q2,April,DEP-007,CC-109,CAT-006,40171.07,Operating,REG-07
BUD-202504-DEP-007-CC-120-CAT-015,2025,Q2,April,DEP-007,CC-120,CAT-015,43108.78,Capital,REG-07
BUD-202504-DEP-007-CC-115-CAT-001,2025,Q2,April,DEP-007,CC-115,CAT-001,47591.0,Operating,REG-02
BUD-202504-DEP-007-CC-105-CAT-005,2025,Q2,April,DEP-007,CC-105,CAT-005,31886.12,Operating,REG-06
BUD-202504-DEP-007-CC-102-CAT-009,2025,Q2,April,DEP-007,CC-102,CAT-009,37243.82,Departmental,REG-04
BUD-202504-DEP-007-CC-105-CAT-008,2025,Q2,April,DEP-007,CC-105,CAT-008,47495.34,Capital,REG-06
BUD-202504-DEP-008-CC-117-CAT-004,2025,Q2,April,DEP-008,CC-117,CAT-004,34666.56,Operating,REG-06
BUD-202504-DEP-008-CC-109-CAT-002,2025,Q2,April,DEP-008,CC-109,CAT-002,18821.5,Operating,REG-04
BUD-202504-DEP-008-CC-106-CAT-008,2025,Q2,April,DEP-008,CC-106,CAT-008,39246.99,Operating,REG-01
BUD-202504-DEP-008-CC-117-CAT-010,2025,Q2,April,DEP-008,CC-117,CAT-010,19889.0,Departmental,REG-02
BUD-202504-DEP-008-CC-104-CAT-013,2025,Q2,April,DEP-008,CC-104,CAT-013,30554.75,Departmental,REG-01
BUD-202504-DEP-008-CC-119-CAT-013,2025,Q2,April,DEP-008,CC-119,CAT-013,28314.12,Operating,REG-05
BUD-202504-DEP-008-CC-111-CAT-015,2025,Q2,April,DEP-008,CC-111,CAT-015,25638.94,Operating,REG-04
BUD-202504-DEP-008-CC-105-CAT-009,2025,Q2,April,DEP-008,CC-105,CAT-009,22133.85,Capital,REG-04
BUD-202504-DEP-008-CC-101-CAT-008,2025,Q2,April,DEP-008,CC-101,CAT-008,35896.11,Project,REG-02
BUD-202504-DEP-008-CC-102-CAT-010,2025,Q2,April,DEP-008,CC-102,CAT-010,23941.08,Capital,REG-02
BUD-202504-DEP-008-CC-101-CAT-011,2025,Q2,April,DEP-008,CC-101,CAT-011,26068.16,Operating,REG-04
BUD-202504-DEP-008-CC-114-CAT-003,2025,Q2,April,DEP-008,CC-114,CAT-003,26369.92,Operating,REG-08
BUD-202504-DEP-008-CC-116-CAT-006,2025,Q2,April,DEP-008,CC-116,CAT-006,31826.31,Operating,REG-01
BUD-202504-DEP-008-CC-115-CAT-008,2025,Q2,April,DEP-008,CC-115,CAT-008,34995.73,Operating,REG-08
BUD-202504-DEP-008-CC-111-CAT-006,2025,Q2,April,DEP-008,CC-111,CAT-006,29286.3,Capital,REG-03
BUD-202504-DEP-008-CC-105-CAT-005,2025,Q2,April,DEP-008,CC-105,CAT-005,25186.65,Operating,REG-04
BUD-202504-DEP-008-CC-113-CAT-011,2025,Q2,April,DEP-008,CC-113,CAT-011,29445.22,Capital,REG-06
BUD-202504-DEP-008-CC-113-CAT-004,2025,Q2,April,DEP-008,CC-113,CAT-004,40947.97,Operating,REG-06
BUD-202504-DEP-008-CC-111-CAT-007,2025,Q2,April,DEP-008,CC-111,CAT-007,15536.19,Departmental,REG-07
BUD-202504-DEP-008-CC-120-CAT-001,2025,Q2,April,DEP-008,CC-120,CAT-001,35011.5,Capital,REG-08
BUD-202504-DEP-008-CC-103-CAT-002,2025,Q2,April,DEP-008,CC-103,CAT-002,20823.37,Operating,REG-06
BUD-202504-DEP-008-CC-118-CAT-015,2025,Q2,April,DEP-008,CC-118,CAT-015,29594.32,Project,REG-03
BUD-202504-DEP-008-CC-117-CAT-005,2025,Q2,April,DEP-008,CC-117,CAT-005,21913.91,Project,REG-04
BUD-202504-DEP-008-CC-119-CAT-001,2025,Q2,April,DEP-008,CC-119,CAT-001,31334.24,Departmental,REG-02
BUD-202504-DEP-008-CC-106-CAT-006,2025,Q2,April,DEP-008,CC-106,CAT-006,30751.19,Operating,REG-08
BUD-202504-DEP-008-CC-116-CAT-009,2025,Q2,April,DEP-008,CC-116,CAT-009,26670.52,Operating,REG-06
BUD-202504-DEP-008-CC-101-CAT-015,2025,Q2,April,DEP-008,CC-101,CAT-015,27524.02,Operating,REG-04
BUD-202504-DEP-008-CC-108-CAT-012,2025,Q2,April,DEP-008,CC-108,CAT-012,19316.84,Project,REG-05
BUD-202504-DEP-008-CC-116-CAT-002,2025,Q2,April,DEP-008,CC-116,CAT-002,17522.79,Project,REG-08
BUD-202504-DEP-008-CC-117-CAT-004,2025,Q2,April,DEP-008,CC-117,CAT-004,38987.68,Operating,REG-01
BUD-202504-DEP-008-CC-120-CAT-002,2025,Q2,April,DEP-008,CC-120,CAT-002,20779.77,Operating,REG-01
BUD-202504-DEP-008-CC-106-CAT-015,2025,Q2,April,DEP-008,CC-106,CAT-015,26755.96,Departmental,REG-05
BUD-202504-DEP-008-CC-106-CAT-009,2025,Q2,April,DEP-008,CC-106,CAT-009,26679.31,Operating,REG-02
BUD-202504-DEP-008-CC-116-CAT-001,2025,Q2,April,DEP-008,CC-116,CAT-001,29401.74,Operating,REG-04
BUD-202504-DEP-008-CC-117-CAT-005,2025,Q2,April,DEP-008,CC-117,CAT-005,25543.11,Operating,REG-05
BUD-202504-DEP-008-CC-118-CAT-014,2025,Q2,April,DEP-008,CC-118,CAT-014,24678.68,Capital,REG-02
BUD-202504-DEP-008-CC-101-CAT-013,2025,Q2,April,DEP-008,CC-101,CAT-013,31360.83,Departmental,REG-03
BUD-202504-DEP-008-CC-117-CAT-011,2025,Q2,April,DEP-008,CC-117,CAT-011,30368.81,Capital,REG-04
BUD-202504-DEP-008-CC-116-CAT-012,2025,Q2,April,DEP-008,CC-116,CAT-012,19286.87,Capital,REG-08
BUD-202504-DEP-008-CC-103-CAT-007,2025,Q2,April,DEP-008,CC-103,CAT-007,17620.5,Operating,REG-05
BUD-202504-DEP-008-CC-111-CAT-007,2025,Q2,April,DEP-008,CC-111,CAT-007,18544.05,Operating,REG-01
BUD-202504-DEP-008-CC-106-CAT-008,2025,Q2,April,DEP-008,CC-106,CAT-008,34353.11,Operating,REG-02
BUD-202504-DEP-008-CC-112-CAT-014,2025,Q2,April,DEP-008,CC-112,CAT-014,23900.9,Capital,REG-04
BUD-202504-DEP-009-CC-106-CAT-002,2025,Q2,April,DEP-009,CC-106,CAT-002,32157.9,Departmental,REG-05
BUD-202504-DEP-009-CC-103-CAT-015,2025,Q2,April,DEP-009,CC-103,CAT-015,43299.44,Project,REG-07
BUD-202504-DEP-009-CC-106-CAT-006,2025,Q2,April,DEP-009,CC-106,CAT-006,48559.17,Operating,REG-02
BUD-202504-DEP-009-CC-107-CAT-003,2025,Q2,April,DEP-009,CC-107,CAT-003,40947.08,Capital,REG-02
BUD-202504-DEP-009-CC-116-CAT-008,2025,Q2,April,DEP-009,CC-116,CAT-008,63286.09,Project,REG-04
BUD-202504-DEP-009-CC-110-CAT-008,2025,Q2,April,DEP-009,CC-110,CAT-008,58243.89,Capital,REG-04
BUD-202504-DEP-009-CC-104-CAT-015,2025,Q2,April,DEP-009,CC-104,CAT-015,51218.16,Capital,REG-08
BUD-202504-DEP-009-CC-101-CAT-014,2025,Q2,April,DEP-009,CC-101,CAT-014,44026.12,Project,REG-04
BUD-202504-DEP-009-CC-107-CAT-001,2025,Q2,April,DEP-009,CC-107,CAT-001,52373.05,Operating,REG-05
BUD-202504-DEP-009-CC-106-CAT-015,2025,Q2,April,DEP-009,CC-106,CAT-015,49553.54,Operating,REG-06
BUD-202504-DEP-009-CC-115-CAT-011,2025,Q2,April,DEP-009,CC-115,CAT-011,46037.31,Capital,REG-01
BUD-202504-DEP-009-CC-117-CAT-005,2025,Q2,April,DEP-009,CC-117,CAT-005,41420.0,Capital,REG-08
BUD-202504-DEP-009-CC-113-CAT-012,2025,Q2,April,DEP-009,CC-113,CAT-012,34108.07,Operating,REG-01
BUD-202504-DEP-009-CC-106-CAT-004,2025,Q2,April,DEP-009,CC-106,CAT-004,65596.52,Operating,REG-01
BUD-202504-DEP-009-CC-105-CAT-001,2025,Q2,April,DEP-009,CC-105,CAT-001,61887.16,Operating,REG-01
BUD-202504-DEP-009-CC-112-CAT-015,2025,Q2,April,DEP-009,CC-112,CAT-015,48932.43,Capital,REG-06
BUD-202504-DEP-009-CC-103-CAT-006,2025,Q2,April,DEP-009,CC-103,CAT-006,55953.28,Capital,REG-02
BUD-202504-DEP-009-CC-102-CAT-005,2025,Q2,April,DEP-009,CC-102,CAT-005,40005.72,Project,REG-01
BUD-202504-DEP-009-CC-110-CAT-008,2025,Q2,April,DEP-009,CC-110,CAT-008,67594.45,Operating,REG-04
BUD-202504-DEP-009-CC-118-CAT-009,2025,Q2,April,DEP-009,CC-118,CAT-009,40371.55,Operating,REG-03
BUD-202504-DEP-009-CC-118-CAT-013,2025,Q2,April,DEP-009,CC-118,CAT-013,54280.85,Operating,REG-07
BUD-202504-DEP-009-CC-104-CAT-013,2025,Q2,April,DEP-009,CC-104,CAT-013,58284.23,Project,REG-02
BUD-202504-DEP-009-CC-111-CAT-009,2025,Q2,April,DEP-009,CC-111,CAT-009,40746.45,Capital,REG-08
BUD-202504-DEP-009-CC-102-CAT-012,2025,Q2,April,DEP-009,CC-102,CAT-012,38537.28,Project,REG-07
BUD-202504-DEP-009-CC-115-CAT-003,2025,Q2,April,DEP-009,CC-115,CAT-003,43083.1,Capital,REG-04
BUD-202504-DEP-009-CC-109-CAT-001,2025,Q2,April,DEP-009,CC-109,CAT-001,55179.66,Operating,REG-05
BUD-202504-DEP-009-CC-111-CAT-015,2025,Q2,April,DEP-009,CC-111,CAT-015,44979.21,Project,REG-07
BUD-202504-DEP-009-CC-108-CAT-005,2025,Q2,April,DEP-009,CC-108,CAT-005,42154.57,Operating,REG-08
BUD-202504-DEP-009-CC-106-CAT-008,2025,Q2,April,DEP-009,CC-106,CAT-008,66865.76,Departmental,REG-01
BUD-202504-DEP-009-CC-114-CAT-009,2025,Q2,April,DEP-009,CC-114,CAT-009,39142.86,Departmental,REG-03
BUD-202504-DEP-009-CC-103-CAT-011,2025,Q2,April,DEP-009,CC-103,CAT-011,47786.69,Operating,REG-01
BUD-202504-DEP-009-CC-118-CAT-008,2025,Q2,April,DEP-009,CC-118,CAT-008,58501.13,Project,REG-04
BUD-202504-DEP-009-CC-107-CAT-007,2025,Q2,April,DEP-009,CC-107,CAT-007,30987.66,Operating,REG-03
BUD-202504-DEP-009-CC-106-CAT-015,2025,Q2,April,DEP-009,CC-106,CAT-015,42552.85,Departmental,REG-08
BUD-202504-DEP-009-CC-108-CAT-001,2025,Q2,April,DEP-009,CC-108,CAT-001,58926.2,Operating,REG-06
BUD-202504-DEP-009-CC-109-CAT-006,2025,Q2,April,DEP-009,CC-109,CAT-006,51451.86,Project,REG-03
BUD-202504-DEP-009-CC-117-CAT-011,2025,Q2,April,DEP-009,CC-117,CAT-011,44617.46,Departmental,REG-07
BUD-202504-DEP-009-CC-101-CAT-008,2025,Q2,April,DEP-009,CC-101,CAT-008,58454.09,Operating,REG-08
BUD-202504-DEP-009-CC-101-CAT-012,2025,Q2,April,DEP-009,CC-101,CAT-012,33313.24,Departmental,REG-08
BUD-202504-DEP-009-CC-112-CAT-001,2025,Q2,April,DEP-009,CC-112,CAT-001,57452.19,Operating,REG-08
BUD-202504-DEP-009-CC-110-CAT-009,2025,Q2,April,DEP-009,CC-110,CAT-009,38190.18,Operating,REG-07
BUD-202504-DEP-009-CC-108-CAT-008,2025,Q2,April,DEP-009,CC-108,CAT-008,59671.72,Operating,REG-06
BUD-202504-DEP-010-CC-118-CAT-012,2025,Q2,April,DEP-010,CC-118,CAT-012,23709.28,Departmental,REG-02
BUD-202504-DEP-010-CC-117-CAT-012,2025,Q2,April,DEP-010,CC-117,CAT-012,23050.88,Departmental,REG-07
BUD-202504-DEP-010-CC-110-CAT-003,2025,Q2,April,DEP-010,CC-110,CAT-003,32297.29,Operating,REG-08
BUD-202504-DEP-010-CC-110-CAT-004,2025,Q2,April,DEP-010,CC-110,CAT-004,39369.25,Capital,REG-02
BUD-202504-DEP-010-CC-106-CAT-001,2025,Q2,April,DEP-010,CC-106,CAT-001,40323.18,Project,REG-07
BUD-202504-DEP-010-CC-104-CAT-010,2025,Q2,April,DEP-010,CC-104,CAT-010,25399.23,Operating,REG-08
BUD-202504-DEP-010-CC-112-CAT-006,2025,Q2,April,DEP-010,CC-112,CAT-006,32590.0,Operating,REG-06
BUD-202504-DEP-010-CC-112-CAT-010,2025,Q2,April,DEP-010,CC-112,CAT-010,24479.4,Project,REG-06
BUD-202504-DEP-010-CC-111-CAT-003,2025,Q2,April,DEP-010,CC-111,CAT-003,28654.96,Operating,REG-05
BUD-202504-DEP-010-CC-118-CAT-006,2025,Q2,April,DEP-010,CC-118,CAT-006,33504.03,Project,REG-03
BUD-202504-DEP-010-CC-117-CAT-002,2025,Q2,April,DEP-010,CC-117,CAT-002,21501.12,Project,REG-07
BUD-202504-DEP-010-CC-116-CAT-015,2025,Q2,April,DEP-010,CC-116,CAT-015,31127.83,Capital,REG-07
BUD-202504-DEP-010-CC-110-CAT-007,2025,Q2,April,DEP-010,CC-110,CAT-007,19378.02,Capital,REG-03
BUD-202504-DEP-010-CC-116-CAT-005,2025,Q2,April,DEP-010,CC-116,CAT-005,23476.51,Departmental,REG-07
BUD-202504-DEP-010-CC-113-CAT-014,2025,Q2,April,DEP-010,CC-113,CAT-014,30349.36,Capital,REG-06
BUD-202504-DEP-010-CC-120-CAT-001,2025,Q2,April,DEP-010,CC-120,CAT-001,35124.54,Capital,REG-03
BUD-202504-DEP-010-CC-102-CAT-010,2025,Q2,April,DEP-010,CC-102,CAT-010,24275.07,Operating,REG-06
BUD-202504-DEP-010-CC-118-CAT-012,2025,Q2,April,DEP-010,CC-118,CAT-012,25628.29,Capital,REG-07
BUD-202504-DEP-010-CC-120-CAT-012,2025,Q2,April,DEP-010,CC-120,CAT-012,24710.17,Operating,REG-01
BUD-202504-DEP-010-CC-115-CAT-001,2025,Q2,April,DEP-010,CC-115,CAT-001,37245.76,Operating,REG-03
BUD-202504-DEP-010-CC-109-CAT-006,2025,Q2,April,DEP-010,CC-109,CAT-006,30019.39,Capital,REG-08
BUD-202504-DEP-010-CC-106-CAT-006,2025,Q2,April,DEP-010,CC-106,CAT-006,33554.88,Operating,REG-04
BUD-202504-DEP-010-CC-108-CAT-014,2025,Q2,April,DEP-010,CC-108,CAT-014,27114.05,Operating,REG-02
BUD-202504-DEP-010-CC-111-CAT-002,2025,Q2,April,DEP-010,CC-111,CAT-002,22723.19,Operating,REG-06
BUD-202504-DEP-010-CC-106-CAT-002,2025,Q2,April,DEP-010,CC-106,CAT-002,22489.97,Operating,REG-04
BUD-202504-DEP-010-CC-110-CAT-013,2025,Q2,April,DEP-010,CC-110,CAT-013,35675.12,Operating,REG-01
BUD-202504-DEP-010-CC-118-CAT-004,2025,Q2,April,DEP-010,CC-118,CAT-004,39384.21,Operating,REG-04
BUD-202504-DEP-010-CC-106-CAT-009,2025,Q2,April,DEP-010,CC-106,CAT-009,24637.49,Capital,REG-06
BUD-202504-DEP-010-CC-107-CAT-003,2025,Q2,April,DEP-010,CC-107,CAT-003,31126.73,Operating,REG-05
BUD-202504-DEP-010-CC-116-CAT-007,2025,Q2,April,DEP-010,CC-116,CAT-007,20324.37,Operating,REG-04
BUD-202504-DEP-010-CC-108-CAT-004,2025,Q2,April,DEP-010,CC-108,CAT-004,45446.74,Operating,REG-08
BUD-202504-DEP-010-CC-101-CAT-013,2025,Q2,April,DEP-010,CC-101,CAT-013,33290.44,Departmental,REG-06
BUD-202504-DEP-010-CC-108-CAT-009,2025,Q2,April,DEP-010,CC-108,CAT-009,27167.4,Departmental,REG-08
BUD-202504-DEP-010-CC-111-CAT-008,2025,Q2,April,DEP-010,CC-111,CAT-008,42405.68,Operating,REG-06
BUD-202504-DEP-010-CC-107-CAT-007,2025,Q2,April,DEP-010,CC-107,CAT-007,20180.72,Operating,REG-05
BUD-202504-DEP-010-CC-119-CAT-004,2025,Q2,April,DEP-010,CC-119,CAT-004,42545.22,Operating,REG-05
BUD-202504-DEP-010-CC-116-CAT-004,2025,Q2,April,DEP-010,CC-116,CAT-004,41928.47,Operating,REG-06
BUD-202504-DEP-010-CC-111-CAT-003,2025,Q2,April,DEP-010,CC-111,CAT-003,31999.07,Project,REG-07
BUD-202504-DEP-010-CC-109-CAT-013,2025,Q2,April,DEP-010,CC-109,CAT-013,38785.88,Operating,REG-04
BUD-202504-DEP-010-CC-112-CAT-003,2025,Q2,April,DEP-010,CC-112,CAT-003,27849.44,Operating,REG-02
BUD-202504-DEP-010-CC-108-CAT-012,2025,Q2,April,DEP-010,CC-108,CAT-012,25412.74,Operating,REG-04
BUD-202504-DEP-010-CC-115-CAT-004,2025,Q2,April,DEP-010,CC-115,CAT-004,45601.21,Departmental,REG-03
BUD-202504-DEP-010-CC-108-CAT-004,2025,Q2,April,DEP-010,CC-108,CAT-004,48351.6,Capital,REG-02
BUD-202504-DEP-010-CC-114-CAT-005,2025,Q2,April,DEP-010,CC-114,CAT-005,24869.61,Operating,REG-07
BUD-202508-DEP-001-CC-111-CAT-005,2025,Q3,August,DEP-001,CC-111,CAT-005,28871.04,Capital,REG-04
BUD-202508-DEP-001-CC-109-CAT-004,2025,Q3,August,DEP-001,CC-109,CAT-004,53524.08,Capital,REG-08
BUD-202508-DEP-001-CC-102-CAT-004,2025,Q3,August,DEP-001,CC-102,CAT-004,47158.03,Departmental,REG-03
BUD-202508-DEP-001-CC-113-CAT-009,2025,Q3,August,DEP-001,CC-113,CAT-009,28225.0,Operating,REG-02
BUD-202508-DEP-001-CC-116-CAT-002,2025,Q3,August,DEP-001,CC-116,CAT-002,25688.68,Operating,REG-04
BUD-202508-DEP-001-CC-115-CAT-005,2025,Q3,August,DEP-001,CC-115,CAT-005,30911.35,Operating,REG-05
BUD-202508-DEP-001-CC-112-CAT-003,2025,Q3,August,DEP-001,CC-112,CAT-003,35636.59,Operating,REG-03
BUD-202508-DEP-001-CC-114-CAT-014,2025,Q3,August,DEP-001,CC-114,CAT-014,32840.04,Departmental,REG-03
BUD-202508-DEP-001-CC-106-CAT-013,2025,Q3,August,DEP-001,CC-106,CAT-013,43312.22,Capital,REG-02
BUD-202508-DEP-001-CC-106-CAT-010,2025,Q3,August,DEP-001,CC-106,CAT-010,29716.86,Operating,REG-02
BUD-202508-DEP-001-CC-115-CAT-005,2025,Q3,August,DEP-001,CC-115,CAT-005,32612.37,Project,REG-04
BUD-202508-DEP-001-CC-102-CAT-015,2025,Q3,August,DEP-001,CC-102,CAT-015,32921.02,Project,REG-08
BUD-202508-DEP-001-CC-110-CAT-012,2025,Q3,August,DEP-001,CC-110,CAT-012,24087.68,Operating,REG-03
BUD-202508-DEP-001-CC-104-CAT-001,2025,Q3,August,DEP-001,CC-104,CAT-001,42314.03,Project,REG-04
BUD-202508-DEP-001-CC-111-CAT-004,2025,Q3,August,DEP-001,CC-111,CAT-004,54837.18,Operating,REG-04
BUD-202508-DEP-001-CC-106-CAT-008,2025,Q3,August,DEP-001,CC-106,CAT-008,44243.55,Operating,REG-05
BUD-202508-DEP-001-CC-106-CAT-012,2025,Q3,August,DEP-001,CC-106,CAT-012,28645.14,Operating,REG-03
BUD-202508-DEP-001-CC-101-CAT-014,2025,Q3,August,DEP-001,CC-101,CAT-014,34476.96,Operating,REG-01
BUD-202508-DEP-001-CC-107-CAT-004,2025,Q3,August,DEP-001,CC-107,CAT-004,52148.86,Departmental,REG-07
BUD-202508-DEP-001-CC-106-CAT-011,2025,Q3,August,DEP-001,CC-106,CAT-011,36397.04,Operating,REG-02
BUD-202508-DEP-001-CC-116-CAT-012,2025,Q3,August,DEP-001,CC-116,CAT-012,25183.95,Project,REG-02
BUD-202508-DEP-001-CC-101-CAT-010,2025,Q3,August,DEP-001,CC-101,CAT-010,28292.9,Operating,REG-08
BUD-202508-DEP-001-CC-114-CAT-002,2025,Q3,August,DEP-001,CC-114,CAT-002,23338.46,Capital,REG-08
BUD-202508-DEP-001-CC-113-CAT-002,2025,Q3,August,DEP-001,CC-113,CAT-002,25024.79,Operating,REG-07
BUD-202508-DEP-001-CC-104-CAT-001,2025,Q3,August,DEP-001,CC-104,CAT-001,43996.33,Operating,REG-06
BUD-202508-DEP-001-CC-103-CAT-012,2025,Q3,August,DEP-001,CC-103,CAT-012,28260.29,Project,REG-05
BUD-202508-DEP-001-CC-120-CAT-004,2025,Q3,August,DEP-001,CC-120,CAT-004,49265.41,Capital,REG-06
BUD-202508-DEP-001-CC-104-CAT-010,2025,Q3,August,DEP-001,CC-104,CAT-010,31650.01,Project,REG-05
BUD-202508-DEP-001-CC-108-CAT-006,2025,Q3,August,DEP-001,CC-108,CAT-006,41321.73,Project,REG-08
BUD-202508-DEP-001-CC-118-CAT-010,2025,Q3,August,DEP-001,CC-118,CAT-010,30839.66,Departmental,REG-07
BUD-202508-DEP-001-CC-118-CAT-006,2025,Q3,August,DEP-001,CC-118,CAT-006,43758.3,Project,REG-07
BUD-202508-DEP-001-CC-113-CAT-007,2025,Q3,August,DEP-001,CC-113,CAT-007,21608.44,Operating,REG-04
BUD-202508-DEP-001-CC-119-CAT-001,2025,Q3,August,DEP-001,CC-119,CAT-001,42614.25,Departmental,REG-06
BUD-202508-DEP-001-CC-120-CAT-005,2025,Q3,August,DEP-001,CC-120,CAT-005,31065.26,Departmental,REG-05
BUD-202508-DEP-001-CC-102-CAT-012,2025,Q3,August,DEP-001,CC-102,CAT-012,27072.98,Project,REG-05
BUD-202508-DEP-001-CC-107-CAT-010,2025,Q3,August,DEP-001,CC-107,CAT-010,26123.25,Departmental,REG-05
BUD-202508-DEP-001-CC-101-CAT-007,2025,Q3,August,DEP-001,CC-101,CAT-007,24163.16,Departmental,REG-05
BUD-202508-DEP-001-CC-118-CAT-009,2025,Q3,August,DEP-001,CC-118,CAT-009,32181.62,Project,REG-07
BUD-202508-DEP-001-CC-116-CAT-006,2025,Q3,August,DEP-001,CC-116,CAT-006,38633.72,Operating,REG-06
BUD-202508-DEP-001-CC-101-CAT-006,2025,Q3,August,DEP-001,CC-101,CAT-006,39704.26,Project,REG-05
BUD-202508-DEP-002-CC-116-CAT-008,2025,Q3,August,DEP-002,CC-116,CAT-008,31720.25,Departmental,REG-06
BUD-202508-DEP-002-CC-101-CAT-003,2025,Q3,August,DEP-002,CC-101,CAT-003,22589.8,Project,REG-06
BUD-202508-DEP-002-CC-111-CAT-008,2025,Q3,August,DEP-002,CC-111,CAT-008,34216.25,Operating,REG-08
BUD-202508-DEP-002-CC-110-CAT-008,2025,Q3,August,DEP-002,CC-110,CAT-008,31570.78,Operating,REG-06
BUD-202508-DEP-002-CC-112-CAT-010,2025,Q3,August,DEP-002,CC-112,CAT-010,20299.54,Capital,REG-08
BUD-202508-DEP-002-CC-111-CAT-010,2025,Q3,August,DEP-002,CC-111,CAT-010,21048.72,Operating,REG-02
BUD-202508-DEP-002-CC-115-CAT-006,2025,Q3,August,DEP-002,CC-115,CAT-006,25413.51,Departmental,REG-01
BUD-202508-DEP-002-CC-110-CAT-005,2025,Q3,August,DEP-002,CC-110,CAT-005,21753.27,Project,REG-01
BUD-202508-DEP-002-CC-101-CAT-011,2025,Q3,August,DEP-002,CC-101,CAT-011,28029.63,Operating,REG-03
BUD-202508-DEP-002-CC-111-CAT-004,2025,Q3,August,DEP-002,CC-111,CAT-004,32549.64,Capital,REG-01
BUD-202508-DEP-002-CC-109-CAT-015,2025,Q3,August,DEP-002,CC-109,CAT-015,23805.96,Operating,REG-01
BUD-202508-DEP-002-CC-109-CAT-015,2025,Q3,August,DEP-002,CC-109,CAT-015,27134.71,Operating,REG-03
BUD-202508-DEP-002-CC-107-CAT-008,2025,Q3,August,DEP-002,CC-107,CAT-008,34960.57,Operating,REG-03
BUD-202508-DEP-002-CC-109-CAT-005,2025,Q3,August,DEP-002,CC-109,CAT-005,19677.29,Operating,REG-02
BUD-202508-DEP-002-CC-116-CAT-007,2025,Q3,August,DEP-002,CC-116,CAT-007,14941.63,Project,REG-02
BUD-202508-DEP-002-CC-104-CAT-008,2025,Q3,August,DEP-002,CC-104,CAT-008,33435.83,Departmental,REG-02
BUD-202508-DEP-002-CC-119-CAT-012,2025,Q3,August,DEP-002,CC-119,CAT-012,20560.62,Operating,REG-04
BUD-202508-DEP-002-CC-102-CAT-002,2025,Q3,August,DEP-002,CC-102,CAT-002,17489.05,Operating,REG-06
BUD-202508-DEP-002-CC-107-CAT-011,2025,Q3,August,DEP-002,CC-107,CAT-011,24338.19,Capital,REG-06
BUD-202508-DEP-002-CC-105-CAT-001,2025,Q3,August,DEP-002,CC-105,CAT-001,29053.31,Capital,REG-03
BUD-202508-DEP-002-CC-110-CAT-005,2025,Q3,August,DEP-002,CC-110,CAT-005,19588.75,Operating,REG-04
BUD-202508-DEP-002-CC-109-CAT-002,2025,Q3,August,DEP-002,CC-109,CAT-002,17211.92,Operating,REG-06
BUD-202508-DEP-002-CC-116-CAT-006,2025,Q3,August,DEP-002,CC-116,CAT-006,25086.27,Project,REG-03
BUD-202508-DEP-002-CC-102-CAT-015,2025,Q3,August,DEP-002,CC-102,CAT-015,28787.19,Capital,REG-03
BUD-202508-DEP-002-CC-106-CAT-003,2025,Q3,August,DEP-002,CC-106,CAT-003,26103.91,Operating,REG-03
BUD-202508-DEP-002-CC-118-CAT-003,2025,Q3,August,DEP-002,CC-118,CAT-003,22858.93,Capital,REG-01
BUD-202508-DEP-002-CC-107-CAT-011,2025,Q3,August,DEP-002,CC-107,CAT-011,24002.64,Operating,REG-05
BUD-202508-DEP-002-CC-104-CAT-012,2025,Q3,August,DEP-002,CC-104,CAT-012,18055.22,Operating,REG-05
BUD-202508-DEP-002-CC-101-CAT-015,2025,Q3,August,DEP-002,CC-101,CAT-015,26127.71,Operating,REG-08
BUD-202508-DEP-002-CC-118-CAT-005,2025,Q3,August,DEP-002,CC-118,CAT-005,22134.01,Operating,REG-01
BUD-202508-DEP-003-CC-111-CAT-007,2025,Q3,August,DEP-003,CC-111,CAT-007,23696.32,Project,REG-07
BUD-202508-DEP-003-CC-114-CAT-007,2025,Q3,August,DEP-003,CC-114,CAT-007,23055.25,Operating,REG-08
BUD-202508-DEP-003-CC-120-CAT-012,2025,Q3,August,DEP-003,CC-120,CAT-012,34206.13,Operating,REG-03
BUD-202508-DEP-003-CC-102-CAT-002,2025,Q3,August,DEP-003,CC-102,CAT-002,30546.07,Operating,REG-06
BUD-202508-DEP-003-CC-111-CAT-014,2025,Q3,August,DEP-003,CC-111,CAT-014,39238.13,Project,REG-04
BUD-202508-DEP-003-CC-107-CAT-001,2025,Q3,August,DEP-003,CC-107,CAT-001,49016.58,Departmental,REG-04
BUD-202508-DEP-003-CC-111-CAT-011,2025,Q3,August,DEP-003,CC-111,CAT-011,48878.75,Departmental,REG-04
BUD-202508-DEP-003-CC-119-CAT-003,2025,Q3,August,DEP-003,CC-119,CAT-003,40386.98,Operating,REG-05
BUD-202508-DEP-003-CC-111-CAT-002,2025,Q3,August,DEP-003,CC-111,CAT-002,33076.42,Departmental,REG-05
BUD-202508-DEP-003-CC-114-CAT-011,2025,Q3,August,DEP-003,CC-114,CAT-011,41299.85,Operating,REG-05
BUD-202508-DEP-003-CC-103-CAT-006,2025,Q3,August,DEP-003,CC-103,CAT-006,45549.45,Operating,REG-04
BUD-202508-DEP-003-CC-106-CAT-012,2025,Q3,August,DEP-003,CC-106,CAT-012,33649.55,Operating,REG-08
BUD-202508-DEP-003-CC-118-CAT-003,2025,Q3,August,DEP-003,CC-118,CAT-003,44950.81,Project,REG-05
BUD-202508-DEP-003-CC-106-CAT-002,2025,Q3,August,DEP-003,CC-106,CAT-002,28953.06,Capital,REG-04
BUD-202508-DEP-003-CC-116-CAT-006,2025,Q3,August,DEP-003,CC-116,CAT-006,50313.17,Operating,REG-08
BUD-202508-DEP-003-CC-111-CAT-001,2025,Q3,August,DEP-003,CC-111,CAT-001,52904.38,Capital,REG-08
BUD-202508-DEP-003-CC-101-CAT-007,2025,Q3,August,DEP-003,CC-101,CAT-007,23840.31,Operating,REG-02
BUD-202508-DEP-003-CC-101-CAT-005,2025,Q3,August,DEP-003,CC-101,CAT-005,34092.34,Project,REG-07
BUD-202508-DEP-003-CC-102-CAT-011,2025,Q3,August,DEP-003,CC-102,CAT-011,49424.21,Project,REG-03
BUD-202508-DEP-003-CC-105-CAT-006,2025,Q3,August,DEP-003,CC-105,CAT-006,49166.3,Project,REG-04
BUD-202508-DEP-003-CC-102-CAT-006,2025,Q3,August,DEP-003,CC-102,CAT-006,50908.74,Project,REG-01
BUD-202508-DEP-003-CC-119-CAT-002,2025,Q3,August,DEP-003,CC-119,CAT-002,28743.24,Project,REG-03
BUD-202508-DEP-003-CC-117-CAT-001,2025,Q3,August,DEP-003,CC-117,CAT-001,49144.55,Project,REG-08
BUD-202508-DEP-003-CC-117-CAT-010,2025,Q3,August,DEP-003,CC-117,CAT-010,32026.76,Operating,REG-02
BUD-202508-DEP-003-CC-117-CAT-005,2025,Q3,August,DEP-003,CC-117,CAT-005,34423.28,Project,REG-07
BUD-202508-DEP-003-CC-101-CAT-002,2025,Q3,August,DEP-003,CC-101,CAT-002,30082.2,Operating,REG-02
BUD-202508-DEP-003-CC-104-CAT-002,2025,Q3,August,DEP-003,CC-104,CAT-002,30354.25,Capital,REG-05
BUD-202508-DEP-003-CC-109-CAT-009,2025,Q3,August,DEP-003,CC-109,CAT-009,39165.26,Operating,REG-05
BUD-202508-DEP-003-CC-105-CAT-005,2025,Q3,August,DEP-003,CC-105,CAT-005,37493.13,Operating,REG-08
BUD-202508-DEP-003-CC-115-CAT-007,2025,Q3,August,DEP-003,CC-115,CAT-007,24318.92,Operating,REG-08
BUD-202508-DEP-003-CC-117-CAT-014,2025,Q3,August,DEP-003,CC-117,CAT-014,37550.74,Project,REG-05
BUD-202508-DEP-003-CC-118-CAT-013,2025,Q3,August,DEP-003,CC-118,CAT-013,52693.96,Operating,REG-01
BUD-202508-DEP-003-CC-117-CAT-011,2025,Q3,August,DEP-003,CC-117,CAT-011,39298.24,Operating,REG-08
BUD-202508-DEP-003-CC-113-CAT-012,2025,Q3,August,DEP-003,CC-113,CAT-012,33318.52,Project,REG-04
BUD-202508-DEP-003-CC-111-CAT-005,2025,Q3,August,DEP-003,CC-111,CAT-005,37078.34,Operating,REG-08
BUD-202508-DEP-003-CC-120-CAT-004,2025,Q3,August,DEP-003,CC-120,CAT-004,61319.02,Operating,REG-08
BUD-202508-DEP-003-CC-106-CAT-005,2025,Q3,August,DEP-003,CC-106,CAT-005,38413.87,Operating,REG-04
BUD-202508-DEP-003-CC-101-CAT-009,2025,Q3,August,DEP-003,CC-101,CAT-009,39190.64,Operating,REG-05
BUD-202508-DEP-003-CC-107-CAT-015,2025,Q3,August,DEP-003,CC-107,CAT-015,47299.37,Operating,REG-01
BUD-202508-DEP-003-CC-112-CAT-014,2025,Q3,August,DEP-003,CC-112,CAT-014,37914.34,Operating,REG-03
BUD-202508-DEP-003-CC-115-CAT-011,2025,Q3,August,DEP-003,CC-115,CAT-011,48065.99,Operating,REG-07
BUD-202508-DEP-003-CC-117-CAT-006,2025,Q3,August,DEP-003,CC-117,CAT-006,47190.47,Project,REG-01
BUD-202508-DEP-003-CC-102-CAT-006,2025,Q3,August,DEP-003,CC-102,CAT-006,42284.95,Operating,REG-04
BUD-202508-DEP-003-CC-113-CAT-015,2025,Q3,August,DEP-003,CC-113,CAT-015,45809.7,Capital,REG-01
BUD-202508-DEP-004-CC-115-CAT-004,2025,Q3,August,DEP-004,CC-115,CAT-004,43634.2,Operating,REG-06
BUD-202508-DEP-004-CC-105-CAT-005,2025,Q3,August,DEP-004,CC-105,CAT-005,25776.2,Operating,REG-05
BUD-202508-DEP-004-CC-101-CAT-006,2025,Q3,August,DEP-004,CC-101,CAT-006,29991.49,Operating,REG-08
BUD-202508-DEP-004-CC-117-CAT-008,2025,Q3,August,DEP-004,CC-117,CAT-008,33318.41,Operating,REG-03
BUD-202508-DEP-004-CC-103-CAT-014,2025,Q3,August,DEP-004,CC-103,CAT-014,24235.1,Operating,REG-03
BUD-202508-DEP-004-CC-105-CAT-001,2025,Q3,August,DEP-004,CC-105,CAT-001,32375.03,Departmental,REG-05
BUD-202508-DEP-004-CC-119-CAT-004,2025,Q3,August,DEP-004,CC-119,CAT-004,40496.09,Operating,REG-06
BUD-202508-DEP-004-CC-104-CAT-008,2025,Q3,August,DEP-004,CC-104,CAT-008,35687.79,Operating,REG-02
BUD-202508-DEP-004-CC-104-CAT-011,2025,Q3,August,DEP-004,CC-104,CAT-011,28630.02,Operating,REG-04
BUD-202508-DEP-004-CC-118-CAT-005,2025,Q3,August,DEP-004,CC-118,CAT-005,24136.45,Operating,REG-07
BUD-202508-DEP-004-CC-109-CAT-005,2025,Q3,August,DEP-004,CC-109,CAT-005,26358.41,Operating,REG-04
BUD-202508-DEP-004-CC-105-CAT-014,2025,Q3,August,DEP-004,CC-105,CAT-014,26428.64,Project,REG-06
BUD-202508-DEP-004-CC-116-CAT-005,2025,Q3,August,DEP-004,CC-116,CAT-005,25789.37,Operating,REG-07
BUD-202508-DEP-004-CC-105-CAT-013,2025,Q3,August,DEP-004,CC-105,CAT-013,36058.89,Operating,REG-04
BUD-202508-DEP-004-CC-109-CAT-001,2025,Q3,August,DEP-004,CC-109,CAT-001,33855.84,Operating,REG-04
BUD-202508-DEP-004-CC-111-CAT-015,2025,Q3,August,DEP-004,CC-111,CAT-015,28761.23,Operating,REG-08
BUD-202508-DEP-004-CC-108-CAT-001,2025,Q3,August,DEP-004,CC-108,CAT-001,33173.53,Operating,REG-06
BUD-202508-DEP-004-CC-114-CAT-003,2025,Q3,August,DEP-004,CC-114,CAT-003,27845.78,Capital,REG-03
BUD-202508-DEP-004-CC-109-CAT-013,2025,Q3,August,DEP-004,CC-109,CAT-013,34528.41,Departmental,REG-08
BUD-202508-DEP-004-CC-102-CAT-006,2025,Q3,August,DEP-004,CC-102,CAT-006,34187.58,Operating,REG-03
BUD-202508-DEP-004-CC-108-CAT-010,2025,Q3,August,DEP-004,CC-108,CAT-010,23156.12,Operating,REG-08
BUD-202508-DEP-004-CC-116-CAT-003,2025,Q3,August,DEP-004,CC-116,CAT-003,27260.79,Capital,REG-04
BUD-202508-DEP-004-CC-103-CAT-007,2025,Q3,August,DEP-004,CC-103,CAT-007,18052.54,Project,REG-08
BUD-202508-DEP-004-CC-102-CAT-008,2025,Q3,August,DEP-004,CC-102,CAT-008,34962.53,Operating,REG-03
BUD-202508-DEP-004-CC-110-CAT-003,2025,Q3,August,DEP-004,CC-110,CAT-003,26086.26,Operating,REG-04
BUD-202508-DEP-004-CC-103-CAT-013,2025,Q3,August,DEP-004,CC-103,CAT-013,29179.77,Operating,REG-02
BUD-202508-DEP-004-CC-117-CAT-004,2025,Q3,August,DEP-004,CC-117,CAT-004,42050.05,Operating,REG-06
BUD-202508-DEP-004-CC-113-CAT-003,2025,Q3,August,DEP-004,CC-113,CAT-003,30552.04,Operating,REG-07
BUD-202508-DEP-004-CC-103-CAT-011,2025,Q3,August,DEP-004,CC-103,CAT-011,29780.17,Departmental,REG-08
BUD-202508-DEP-004-CC-120-CAT-010,2025,Q3,August,DEP-004,CC-120,CAT-010,24727.35,Operating,REG-08
BUD-202508-DEP-004-CC-107-CAT-014,2025,Q3,August,DEP-004,CC-107,CAT-014,25916.71,Project,REG-02
BUD-202508-DEP-004-CC-104-CAT-013,2025,Q3,August,DEP-004,CC-104,CAT-013,31520.37,Project,REG-01
BUD-202508-DEP-004-CC-104-CAT-005,2025,Q3,August,DEP-004,CC-104,CAT-005,21923.58,Capital,REG-07
BUD-202508-DEP-004-CC-102-CAT-003,2025,Q3,August,DEP-004,CC-102,CAT-003,30706.73,Capital,REG-08
BUD-202508-DEP-004-CC-115-CAT-010,2025,Q3,August,DEP-004,CC-115,CAT-010,24762.91,Operating,REG-05
BUD-202508-DEP-004-CC-111-CAT-010,2025,Q3,August,DEP-004,CC-111,CAT-010,21853.19,Operating,REG-07
BUD-202508-DEP-004-CC-115-CAT-004,2025,Q3,August,DEP-004,CC-115,CAT-004,37733.63,Project,REG-01
BUD-202508-DEP-004-CC-113-CAT-015,2025,Q3,August,DEP-004,CC-113,CAT-015,28308.59,Operating,REG-02
BUD-202508-DEP-004-CC-106-CAT-001,2025,Q3,August,DEP-004,CC-106,CAT-001,32545.38,Operating,REG-04
BUD-202508-DEP-004-CC-112-CAT-013,2025,Q3,August,DEP-004,CC-112,CAT-013,33837.62,Operating,REG-02
BUD-202508-DEP-005-CC-102-CAT-003,2025,Q3,August,DEP-005,CC-102,CAT-003,31976.5,Operating,REG-07
BUD-202508-DEP-005-CC-112-CAT-012,2025,Q3,August,DEP-005,CC-112,CAT-012,22032.77,Operating,REG-06
BUD-202508-DEP-005-CC-114-CAT-013,2025,Q3,August,DEP-005,CC-114,CAT-013,35664.29,Departmental,REG-04
BUD-202508-DEP-005-CC-105-CAT-005,2025,Q3,August,DEP-005,CC-105,CAT-005,24508.83,Capital,REG-02
BUD-202508-DEP-005-CC-111-CAT-004,2025,Q3,August,DEP-005,CC-111,CAT-004,44667.89,Operating,REG-07
BUD-202508-DEP-005-CC-107-CAT-001,2025,Q3,August,DEP-005,CC-107,CAT-001,35461.54,Operating,REG-03
BUD-202508-DEP-005-CC-114-CAT-005,2025,Q3,August,DEP-005,CC-114,CAT-005,25790.9,Operating,REG-03
BUD-202508-DEP-005-CC-102-CAT-002,2025,Q3,August,DEP-005,CC-102,CAT-002,24515.35,Project,REG-07
BUD-202508-DEP-005-CC-118-CAT-010,2025,Q3,August,DEP-005,CC-118,CAT-010,26446.08,Operating,REG-04
BUD-202508-DEP-005-CC-103-CAT-014,2025,Q3,August,DEP-005,CC-103,CAT-014,32531.52,Operating,REG-03
BUD-202508-DEP-005-CC-110-CAT-009,2025,Q3,August,DEP-005,CC-110,CAT-009,29547.11,Departmental,REG-04
BUD-202508-DEP-005-CC-104-CAT-006,2025,Q3,August,DEP-005,CC-104,CAT-006,35554.5,Departmental,REG-06
BUD-202508-DEP-005-CC-102-CAT-004,2025,Q3,August,DEP-005,CC-102,CAT-004,51168.93,Operating,REG-08
BUD-202508-DEP-005-CC-109-CAT-014,2025,Q3,August,DEP-005,CC-109,CAT-014,33887.34,Operating,REG-05
BUD-202508-DEP-005-CC-106-CAT-002,2025,Q3,August,DEP-005,CC-106,CAT-002,20839.39,Operating,REG-07
BUD-202508-DEP-005-CC-104-CAT-011,2025,Q3,August,DEP-005,CC-104,CAT-011,34627.46,Operating,REG-08
BUD-202508-DEP-005-CC-117-CAT-011,2025,Q3,August,DEP-005,CC-117,CAT-011,37253.34,Operating,REG-02
BUD-202508-DEP-005-CC-120-CAT-007,2025,Q3,August,DEP-005,CC-120,CAT-007,18023.08,Operating,REG-03
BUD-202508-DEP-005-CC-111-CAT-011,2025,Q3,August,DEP-005,CC-111,CAT-011,34100.0,Operating,REG-03
BUD-202508-DEP-005-CC-107-CAT-013,2025,Q3,August,DEP-005,CC-107,CAT-013,38008.66,Operating,REG-08
BUD-202508-DEP-005-CC-102-CAT-009,2025,Q3,August,DEP-005,CC-102,CAT-009,25957.04,Operating,REG-06
BUD-202508-DEP-005-CC-114-CAT-015,2025,Q3,August,DEP-005,CC-114,CAT-015,32481.28,Project,REG-04
BUD-202508-DEP-005-CC-114-CAT-003,2025,Q3,August,DEP-005,CC-114,CAT-003,30784.04,Operating,REG-04
BUD-202508-DEP-005-CC-112-CAT-005,2025,Q3,August,DEP-005,CC-112,CAT-005,27848.38,Operating,REG-04
BUD-202508-DEP-005-CC-110-CAT-014,2025,Q3,August,DEP-005,CC-110,CAT-014,28619.42,Operating,REG-04
BUD-202508-DEP-005-CC-116-CAT-005,2025,Q3,August,DEP-005,CC-116,CAT-005,25208.26,Operating,REG-01
BUD-202508-DEP-005-CC-102-CAT-013,2025,Q3,August,DEP-005,CC-102,CAT-013,37165.61,Operating,REG-08
BUD-202508-DEP-005-CC-111-CAT-009,2025,Q3,August,DEP-005,CC-111,CAT-009,26677.99,Departmental,REG-05
BUD-202508-DEP-005-CC-120-CAT-001,2025,Q3,August,DEP-005,CC-120,CAT-001,40493.97,Capital,REG-03
BUD-202508-DEP-005-CC-102-CAT-003,2025,Q3,August,DEP-005,CC-102,CAT-003,34444.89,Operating,REG-07
BUD-202508-DEP-005-CC-104-CAT-005,2025,Q3,August,DEP-005,CC-104,CAT-005,27202.67,Capital,REG-08
BUD-202508-DEP-005-CC-112-CAT-004,2025,Q3,August,DEP-005,CC-112,CAT-004,43298.47,Operating,REG-05
BUD-202508-DEP-005-CC-105-CAT-003,2025,Q3,August,DEP-005,CC-105,CAT-003,33244.63,Operating,REG-07
BUD-202508-DEP-005-CC-111-CAT-015,2025,Q3,August,DEP-005,CC-111,CAT-015,31178.17,Operating,REG-08
BUD-202508-DEP-005-CC-117-CAT-012,2025,Q3,August,DEP-005,CC-117,CAT-012,27036.09,Departmental,REG-07
BUD-202508-DEP-005-CC-112-CAT-008,2025,Q3,August,DEP-005,CC-112,CAT-008,40424.52,Project,REG-06
BUD-202508-DEP-005-CC-114-CAT-014,2025,Q3,August,DEP-005,CC-114,CAT-014,32170.51,Operating,REG-08
BUD-202508-DEP-005-CC-108-CAT-006,2025,Q3,August,DEP-005,CC-108,CAT-006,32765.48,Departmental,REG-03
BUD-202508-DEP-005-CC-120-CAT-013,2025,Q3,August,DEP-005,CC-120,CAT-013,37215.13,Operating,REG-02
BUD-202508-DEP-005-CC-104-CAT-009,2025,Q3,August,DEP-005,CC-104,CAT-009,27214.94,Operating,REG-07
BUD-202508-DEP-005-CC-117-CAT-001,2025,Q3,August,DEP-005,CC-117,CAT-001,35506.14,Operating,REG-01
BUD-202508-DEP-005-CC-102-CAT-009,2025,Q3,August,DEP-005,CC-102,CAT-009,28780.07,Operating,REG-08
BUD-202508-DEP-005-CC-103-CAT-014,2025,Q3,August,DEP-005,CC-103,CAT-014,27748.19,Operating,REG-03
BUD-202508-DEP-005-CC-119-CAT-014,2025,Q3,August,DEP-005,CC-119,CAT-014,30124.28,Operating,REG-02
BUD-202508-DEP-005-CC-101-CAT-015,2025,Q3,August,DEP-005,CC-101,CAT-015,37032.5,Operating,REG-01
BUD-202508-DEP-005-CC-115-CAT-012,2025,Q3,August,DEP-005,CC-115,CAT-012,22593.29,Departmental,REG-08
BUD-202508-DEP-005-CC-117-CAT-012,2025,Q3,August,DEP-005,CC-117,CAT-012,26705.46,Capital,REG-02
BUD-202508-DEP-005-CC-112-CAT-009,2025,Q3,August,DEP-005,CC-112,CAT-009,30616.82,Departmental,REG-02
BUD-202508-DEP-005-CC-105-CAT-012,2025,Q3,August,DEP-005,CC-105,CAT-012,26505.22,Departmental,REG-05
BUD-202508-DEP-005-CC-111-CAT-014,2025,Q3,August,DEP-005,CC-111,CAT-014,33629.11,Departmental,REG-05
BUD-202508-DEP-005-CC-108-CAT-012,2025,Q3,August,DEP-005,CC-108,CAT-012,25856.41,Operating,REG-07
BUD-202508-DEP-005-CC-102-CAT-007,2025,Q3,August,DEP-005,CC-102,CAT-007,21484.16,Operating,REG-02
BUD-202508-DEP-005-CC-111-CAT-012,2025,Q3,August,DEP-005,CC-111,CAT-012,26540.22,Operating,REG-08
BUD-202508-DEP-005-CC-115-CAT-015,2025,Q3,August,DEP-005,CC-115,CAT-015,30485.47,Operating,REG-07
BUD-202508-DEP-006-CC-113-CAT-003,2025,Q3,August,DEP-006,CC-113,CAT-003,19791.8,Capital,REG-03
BUD-202508-DEP-006-CC-105-CAT-013,2025,Q3,August,DEP-006,CC-105,CAT-013,26751.63,Operating,REG-06
BUD-202508-DEP-006-CC-101-CAT-013,2025,Q3,August,DEP-006,CC-101,CAT-013,28474.75,Project,REG-06
BUD-202508-DEP-006-CC-114-CAT-001,2025,Q3,August,DEP-006,CC-114,CAT-001,29941.48,Capital,REG-01
BUD-202508-DEP-006-CC-113-CAT-008,2025,Q3,August,DEP-006,CC-113,CAT-008,27007.01,Operating,REG-04
BUD-202508-DEP-006-CC-108-CAT-007,2025,Q3,August,DEP-006,CC-108,CAT-007,13613.57,Operating,REG-05
BUD-202508-DEP-006-CC-107-CAT-005,2025,Q3,August,DEP-006,CC-107,CAT-005,19134.84,Operating,REG-07
BUD-202508-DEP-006-CC-118-CAT-006,2025,Q3,August,DEP-006,CC-118,CAT-006,27045.63,Operating,REG-01
BUD-202508-DEP-006-CC-120-CAT-001,2025,Q3,August,DEP-006,CC-120,CAT-001,25124.62,Operating,REG-07
BUD-202508-DEP-006-CC-113-CAT-013,2025,Q3,August,DEP-006,CC-113,CAT-013,28791.0,Operating,REG-06
BUD-202508-DEP-006-CC-116-CAT-003,2025,Q3,August,DEP-006,CC-116,CAT-003,21285.88,Departmental,REG-07
BUD-202508-DEP-006-CC-108-CAT-013,2025,Q3,August,DEP-006,CC-108,CAT-013,28101.23,Operating,REG-07
BUD-202508-DEP-006-CC-109-CAT-008,2025,Q3,August,DEP-006,CC-109,CAT-008,28276.04,Operating,REG-08
BUD-202508-DEP-006-CC-107-CAT-011,2025,Q3,August,DEP-006,CC-107,CAT-011,22641.47,Operating,REG-02
BUD-202508-DEP-006-CC-109-CAT-012,2025,Q3,August,DEP-006,CC-109,CAT-012,17382.39,Operating,REG-08
BUD-202508-DEP-006-CC-120-CAT-009,2025,Q3,August,DEP-006,CC-120,CAT-009,17798.35,Operating,REG-05
BUD-202508-DEP-006-CC-103-CAT-007,2025,Q3,August,DEP-006,CC-103,CAT-007,12459.43,Operating,REG-08
BUD-202508-DEP-006-CC-120-CAT-001,2025,Q3,August,DEP-006,CC-120,CAT-001,28761.01,Capital,REG-01
BUD-202508-DEP-006-CC-114-CAT-004,2025,Q3,August,DEP-006,CC-114,CAT-004,28100.5,Operating,REG-04
BUD-202508-DEP-006-CC-114-CAT-002,2025,Q3,August,DEP-006,CC-114,CAT-002,16102.98,Operating,REG-06
BUD-202508-DEP-006-CC-109-CAT-015,2025,Q3,August,DEP-006,CC-109,CAT-015,21552.73,Operating,REG-02
BUD-202508-DEP-006-CC-115-CAT-006,2025,Q3,August,DEP-006,CC-115,CAT-006,27304.83,Operating,REG-04
BUD-202508-DEP-006-CC-108-CAT-008,2025,Q3,August,DEP-006,CC-108,CAT-008,28269.35,Departmental,REG-01
BUD-202508-DEP-006-CC-113-CAT-010,2025,Q3,August,DEP-006,CC-113,CAT-010,17322.61,Departmental,REG-04
BUD-202508-DEP-006-CC-114-CAT-004,2025,Q3,August,DEP-006,CC-114,CAT-004,31973.58,Departmental,REG-06
BUD-202508-DEP-006-CC-118-CAT-001,2025,Q3,August,DEP-006,CC-118,CAT-001,29758.99,Operating,REG-01
BUD-202508-DEP-006-CC-108-CAT-005,2025,Q3,August,DEP-006,CC-108,CAT-005,19236.38,Operating,REG-08
BUD-202508-DEP-006-CC-112-CAT-014,2025,Q3,August,DEP-006,CC-112,CAT-014,18979.19,Operating,REG-06
BUD-202508-DEP-006-CC-101-CAT-003,2025,Q3,August,DEP-006,CC-101,CAT-003,22284.04,Operating,REG-04
BUD-202508-DEP-006-CC-114-CAT-005,2025,Q3,August,DEP-006,CC-114,CAT-005,20707.6,Departmental,REG-01
BUD-202508-DEP-006-CC-109-CAT-003,2025,Q3,August,DEP-006,CC-109,CAT-003,21665.47,Departmental,REG-05
BUD-202508-DEP-006-CC-115-CAT-009,2025,Q3,August,DEP-006,CC-115,CAT-009,18006.26,Operating,REG-01
BUD-202508-DEP-006-CC-107-CAT-014,2025,Q3,August,DEP-006,CC-107,CAT-014,22456.61,Operating,REG-01
BUD-202508-DEP-006-CC-110-CAT-014,2025,Q3,August,DEP-006,CC-110,CAT-014,21066.93,Departmental,REG-03
BUD-202508-DEP-006-CC-117-CAT-004,2025,Q3,August,DEP-006,CC-117,CAT-004,34801.61,Operating,REG-06
BUD-202508-DEP-006-CC-118-CAT-013,2025,Q3,August,DEP-006,CC-118,CAT-013,25753.1,Departmental,REG-01
BUD-202508-DEP-006-CC-117-CAT-004,2025,Q3,August,DEP-006,CC-117,CAT-004,29972.7,Operating,REG-03
BUD-202508-DEP-006-CC-115-CAT-008,2025,Q3,August,DEP-006,CC-115,CAT-008,25880.39,Project,REG-03
BUD-202508-DEP-006-CC-103-CAT-008,2025,Q3,August,DEP-006,CC-103,CAT-008,27022.45,Project,REG-04
BUD-202508-DEP-006-CC-104-CAT-005,2025,Q3,August,DEP-006,CC-104,CAT-005,20173.23,Operating,REG-01
BUD-202508-DEP-006-CC-120-CAT-010,2025,Q3,August,DEP-006,CC-120,CAT-010,15957.29,Capital,REG-04
BUD-202508-DEP-006-CC-107-CAT-007,2025,Q3,August,DEP-006,CC-107,CAT-007,12486.56,Departmental,REG-02
BUD-202508-DEP-006-CC-112-CAT-013,2025,Q3,August,DEP-006,CC-112,CAT-013,23299.54,Departmental,REG-05
BUD-202508-DEP-006-CC-113-CAT-013,2025,Q3,August,DEP-006,CC-113,CAT-013,28849.82,Capital,REG-02
BUD-202508-DEP-006-CC-111-CAT-004,2025,Q3,August,DEP-006,CC-111,CAT-004,30768.3,Operating,REG-08
BUD-202508-DEP-006-CC-106-CAT-001,2025,Q3,August,DEP-006,CC-106,CAT-001,29939.14,Departmental,REG-04
BUD-202508-DEP-006-CC-119-CAT-005,2025,Q3,August,DEP-006,CC-119,CAT-005,18778.03,Operating,REG-04
BUD-202508-DEP-006-CC-104-CAT-012,2025,Q3,August,DEP-006,CC-104,CAT-012,16620.61,Capital,REG-02
BUD-202508-DEP-007-CC-115-CAT-001,2025,Q3,August,DEP-007,CC-115,CAT-001,48545.92,Operating,REG-08
BUD-202508-DEP-007-CC-120-CAT-004,2025,Q3,August,DEP-007,CC-120,CAT-004,53572.46,Operating,REG-03
BUD-202508-DEP-007-CC-110-CAT-010,2025,Q3,August,DEP-007,CC-110,CAT-010,29614.88,Project,REG-03
BUD-202508-DEP-007-CC-111-CAT-005,2025,Q3,August,DEP-007,CC-111,CAT-005,30242.11,Operating,REG-05
BUD-202508-DEP-007-CC-107-CAT-007,2025,Q3,August,DEP-007,CC-107,CAT-007,24076.32,Departmental,REG-03
BUD-202508-DEP-007-CC-111-CAT-001,2025,Q3,August,DEP-007,CC-111,CAT-001,43763.75,Operating,REG-03
BUD-202508-DEP-007-CC-106-CAT-014,2025,Q3,August,DEP-007,CC-106,CAT-014,34827.52,Capital,REG-05
BUD-202508-DEP-007-CC-101-CAT-013,2025,Q3,August,DEP-007,CC-101,CAT-013,40456.63,Operating,REG-07
BUD-202508-DEP-007-CC-105-CAT-006,2025,Q3,August,DEP-007,CC-105,CAT-006,38545.79,Operating,REG-08
BUD-202508-DEP-007-CC-117-CAT-005,2025,Q3,August,DEP-007,CC-117,CAT-005,33239.54,Operating,REG-07
BUD-202508-DEP-007-CC-115-CAT-002,2025,Q3,August,DEP-007,CC-115,CAT-002,26731.84,Operating,REG-02
BUD-202508-DEP-007-CC-106-CAT-013,2025,Q3,August,DEP-007,CC-106,CAT-013,44719.41,Project,REG-04
BUD-202508-DEP-007-CC-106-CAT-007,2025,Q3,August,DEP-007,CC-106,CAT-007,25142.86,Operating,REG-02
BUD-202508-DEP-007-CC-120-CAT-010,2025,Q3,August,DEP-007,CC-120,CAT-010,31963.15,Departmental,REG-07
BUD-202508-DEP-007-CC-107-CAT-007,2025,Q3,August,DEP-007,CC-107,CAT-007,25556.71,Capital,REG-05
BUD-202508-DEP-007-CC-109-CAT-011,2025,Q3,August,DEP-007,CC-109,CAT-011,42937.84,Capital,REG-03
BUD-202508-DEP-007-CC-105-CAT-007,2025,Q3,August,DEP-007,CC-105,CAT-007,23634.28,Departmental,REG-08
BUD-202508-DEP-007-CC-109-CAT-008,2025,Q3,August,DEP-007,CC-109,CAT-008,48503.19,Operating,REG-01
BUD-202508-DEP-007-CC-117-CAT-011,2025,Q3,August,DEP-007,CC-117,CAT-011,45898.52,Project,REG-05
BUD-202508-DEP-007-CC-117-CAT-011,2025,Q3,August,DEP-007,CC-117,CAT-011,42879.95,Capital,REG-03
BUD-202508-DEP-007-CC-117-CAT-006,2025,Q3,August,DEP-007,CC-117,CAT-006,45896.77,Operating,REG-07
BUD-202508-DEP-007-CC-120-CAT-012,2025,Q3,August,DEP-007,CC-120,CAT-012,28267.1,Operating,REG-04
BUD-202508-DEP-007-CC-113-CAT-006,2025,Q3,August,DEP-007,CC-113,CAT-006,45427.17,Operating,REG-06
BUD-202508-DEP-007-CC-107-CAT-013,2025,Q3,August,DEP-007,CC-107,CAT-013,41815.49,Operating,REG-06
BUD-202508-DEP-007-CC-105-CAT-001,2025,Q3,August,DEP-007,CC-105,CAT-001,41159.78,Operating,REG-01
BUD-202508-DEP-007-CC-112-CAT-005,2025,Q3,August,DEP-007,CC-112,CAT-005,32684.44,Operating,REG-02
BUD-202508-DEP-007-CC-114-CAT-011,2025,Q3,August,DEP-007,CC-114,CAT-011,40980.31,Operating,REG-07
BUD-202508-DEP-007-CC-106-CAT-003,2025,Q3,August,DEP-007,CC-106,CAT-003,37156.86,Capital,REG-02
BUD-202508-DEP-007-CC-115-CAT-005,2025,Q3,August,DEP-007,CC-115,CAT-005,36623.15,Capital,REG-02
BUD-202508-DEP-007-CC-111-CAT-002,2025,Q3,August,DEP-007,CC-111,CAT-002,25665.98,Capital,REG-02
BUD-202508-DEP-007-CC-105-CAT-006,2025,Q3,August,DEP-007,CC-105,CAT-006,44610.32,Project,REG-05
BUD-202508-DEP-007-CC-104-CAT-005,2025,Q3,August,DEP-007,CC-104,CAT-005,30848.05,Project,REG-06
BUD-202508-DEP-007-CC-107-CAT-008,2025,Q3,August,DEP-007,CC-107,CAT-008,50991.75,Capital,REG-01
BUD-202508-DEP-007-CC-113-CAT-011,2025,Q3,August,DEP-007,CC-113,CAT-011,40197.73,Project,REG-07
BUD-202508-DEP-007-CC-102-CAT-001,2025,Q3,August,DEP-007,CC-102,CAT-001,48772.95,Operating,REG-06
BUD-202508-DEP-008-CC-105-CAT-011,2025,Q3,August,DEP-008,CC-105,CAT-011,26838.74,Capital,REG-04
BUD-202508-DEP-008-CC-102-CAT-011,2025,Q3,August,DEP-008,CC-102,CAT-011,29023.18,Operating,REG-02
BUD-202508-DEP-008-CC-102-CAT-004,2025,Q3,August,DEP-008,CC-102,CAT-004,41476.74,Departmental,REG-04
BUD-202508-DEP-008-CC-114-CAT-015,2025,Q3,August,DEP-008,CC-114,CAT-015,27307.49,Project,REG-07
BUD-202508-DEP-008-CC-109-CAT-002,2025,Q3,August,DEP-008,CC-109,CAT-002,21099.88,Project,REG-04
BUD-202508-DEP-008-CC-120-CAT-011,2025,Q3,August,DEP-008,CC-120,CAT-011,29018.67,Operating,REG-01
BUD-202508-DEP-008-CC-120-CAT-001,2025,Q3,August,DEP-008,CC-120,CAT-001,35514.06,Project,REG-07
BUD-202508-DEP-008-CC-111-CAT-005,2025,Q3,August,DEP-008,CC-111,CAT-005,24245.1,Operating,REG-08
BUD-202508-DEP-008-CC-116-CAT-015,2025,Q3,August,DEP-008,CC-116,CAT-015,30105.0,Operating,REG-03
BUD-202508-DEP-008-CC-118-CAT-014,2025,Q3,August,DEP-008,CC-118,CAT-014,23810.17,Operating,REG-07
BUD-202508-DEP-008-CC-120-CAT-003,2025,Q3,August,DEP-008,CC-120,CAT-003,25018.51,Operating,REG-02
BUD-202508-DEP-008-CC-103-CAT-006,2025,Q3,August,DEP-008,CC-103,CAT-006,31854.5,Operating,REG-03
BUD-202508-DEP-008-CC-105-CAT-006,2025,Q3,August,DEP-008,CC-105,CAT-006,33227.62,Operating,REG-04
BUD-202508-DEP-008-CC-102-CAT-004,2025,Q3,August,DEP-008,CC-102,CAT-004,38310.6,Project,REG-03
BUD-202508-DEP-008-CC-103-CAT-010,2025,Q3,August,DEP-008,CC-103,CAT-010,21524.39,Project,REG-08
BUD-202508-DEP-008-CC-117-CAT-003,2025,Q3,August,DEP-008,CC-117,CAT-003,29112.3,Operating,REG-01
BUD-202508-DEP-008-CC-110-CAT-014,2025,Q3,August,DEP-008,CC-110,CAT-014,26158.36,Operating,REG-06
BUD-202508-DEP-008-CC-114-CAT-008,2025,Q3,August,DEP-008,CC-114,CAT-008,33471.83,Operating,REG-05
BUD-202508-DEP-008-CC-111-CAT-003,2025,Q3,August,DEP-008,CC-111,CAT-003,29243.27,Departmental,REG-05
BUD-202508-DEP-008-CC-106-CAT-010,2025,Q3,August,DEP-008,CC-106,CAT-010,22181.07,Operating,REG-05
BUD-202508-DEP-008-CC-119-CAT-003,2025,Q3,August,DEP-008,CC-119,CAT-003,23479.96,Departmental,REG-02
BUD-202508-DEP-008-CC-111-CAT-011,2025,Q3,August,DEP-008,CC-111,CAT-011,27923.87,Operating,REG-05
BUD-202508-DEP-008-CC-115-CAT-009,2025,Q3,August,DEP-008,CC-115,CAT-009,24598.41,Project,REG-07
BUD-202508-DEP-008-CC-103-CAT-010,2025,Q3,August,DEP-008,CC-103,CAT-010,23309.23,Operating,REG-05
BUD-202508-DEP-008-CC-111-CAT-006,2025,Q3,August,DEP-008,CC-111,CAT-006,28333.96,Capital,REG-04
BUD-202508-DEP-008-CC-111-CAT-015,2025,Q3,August,DEP-008,CC-111,CAT-015,28835.73,Operating,REG-04
BUD-202508-DEP-008-CC-119-CAT-008,2025,Q3,August,DEP-008,CC-119,CAT-008,32508.59,Capital,REG-06
BUD-202508-DEP-008-CC-105-CAT-007,2025,Q3,August,DEP-008,CC-105,CAT-007,17344.77,Project,REG-02
BUD-202508-DEP-008-CC-115-CAT-001,2025,Q3,August,DEP-008,CC-115,CAT-001,29417.75,Departmental,REG-07
BUD-202508-DEP-008-CC-104-CAT-004,2025,Q3,August,DEP-008,CC-104,CAT-004,36035.11,Project,REG-05
BUD-202508-DEP-008-CC-106-CAT-014,2025,Q3,August,DEP-008,CC-106,CAT-014,26271.08,Operating,REG-05
BUD-202508-DEP-008-CC-105-CAT-009,2025,Q3,August,DEP-008,CC-105,CAT-009,21062.64,Capital,REG-01
BUD-202508-DEP-008-CC-119-CAT-001,2025,Q3,August,DEP-008,CC-119,CAT-001,35909.7,Operating,REG-06
BUD-202508-DEP-008-CC-105-CAT-012,2025,Q3,August,DEP-008,CC-105,CAT-012,21734.94,Operating,REG-05
BUD-202508-DEP-008-CC-118-CAT-012,2025,Q3,August,DEP-008,CC-118,CAT-012,19446.59,Operating,REG-04
BUD-202508-DEP-008-CC-120-CAT-012,2025,Q3,August,DEP-008,CC-120,CAT-012,21896.49,Departmental,REG-01
BUD-202508-DEP-008-CC-115-CAT-001,2025,Q3,August,DEP-008,CC-115,CAT-001,31900.05,Operating,REG-08
BUD-202508-DEP-008-CC-120-CAT-002,2025,Q3,August,DEP-008,CC-120,CAT-002,19549.63,Operating,REG-02
BUD-202508-DEP-008-CC-119-CAT-013,2025,Q3,August,DEP-008,CC-119,CAT-013,33187.36,Capital,REG-04
BUD-202508-DEP-008-CC-109-CAT-002,2025,Q3,August,DEP-008,CC-109,CAT-002,19054.35,Operating,REG-02
BUD-202508-DEP-008-CC-114-CAT-005,2025,Q3,August,DEP-008,CC-114,CAT-005,25266.25,Project,REG-07
BUD-202508-DEP-008-CC-106-CAT-003,2025,Q3,August,DEP-008,CC-106,CAT-003,28904.13,Operating,REG-08
BUD-202508-DEP-008-CC-107-CAT-003,2025,Q3,August,DEP-008,CC-107,CAT-003,27520.25,Project,REG-06
BUD-202508-DEP-008-CC-102-CAT-003,2025,Q3,August,DEP-008,CC-102,CAT-003,28765.31,Project,REG-06
BUD-202508-DEP-008-CC-109-CAT-004,2025,Q3,August,DEP-008,CC-109,CAT-004,39011.0,Operating,REG-03
BUD-202508-DEP-008-CC-119-CAT-006,2025,Q3,August,DEP-008,CC-119,CAT-006,31957.33,Departmental,REG-08
BUD-202508-DEP-008-CC-114-CAT-006,2025,Q3,August,DEP-008,CC-114,CAT-006,29488.91,Capital,REG-01
BUD-202508-DEP-009-CC-108-CAT-003,2025,Q3,August,DEP-009,CC-108,CAT-003,40109.12,Operating,REG-06
BUD-202508-DEP-009-CC-101-CAT-011,2025,Q3,August,DEP-009,CC-101,CAT-011,55061.39,Operating,REG-02
BUD-202508-DEP-009-CC-104-CAT-007,2025,Q3,August,DEP-009,CC-104,CAT-007,29391.22,Project,REG-08
BUD-202508-DEP-009-CC-108-CAT-014,2025,Q3,August,DEP-009,CC-108,CAT-014,42128.93,Departmental,REG-02
BUD-202508-DEP-009-CC-118-CAT-011,2025,Q3,August,DEP-009,CC-118,CAT-011,43564.11,Operating,REG-01
BUD-202508-DEP-009-CC-103-CAT-006,2025,Q3,August,DEP-009,CC-103,CAT-006,48275.97,Operating,REG-08
BUD-202508-DEP-009-CC-105-CAT-011,2025,Q3,August,DEP-009,CC-105,CAT-011,46870.74,Departmental,REG-04
BUD-202508-DEP-009-CC-112-CAT-009,2025,Q3,August,DEP-009,CC-112,CAT-009,38688.84,Departmental,REG-02
BUD-202508-DEP-009-CC-111-CAT-005,2025,Q3,August,DEP-009,CC-111,CAT-005,37183.3,Operating,REG-01
BUD-202508-DEP-009-CC-116-CAT-010,2025,Q3,August,DEP-009,CC-116,CAT-010,36672.95,Operating,REG-08
BUD-202508-DEP-009-CC-107-CAT-015,2025,Q3,August,DEP-009,CC-107,CAT-015,49781.06,Capital,REG-08
BUD-202508-DEP-009-CC-108-CAT-006,2025,Q3,August,DEP-009,CC-108,CAT-006,51622.13,Project,REG-01
BUD-202508-DEP-009-CC-120-CAT-015,2025,Q3,August,DEP-009,CC-120,CAT-015,45859.7,Operating,REG-08
BUD-202508-DEP-009-CC-116-CAT-014,2025,Q3,August,DEP-009,CC-116,CAT-014,38269.89,Operating,REG-03
BUD-202508-DEP-009-CC-108-CAT-015,2025,Q3,August,DEP-009,CC-108,CAT-015,46714.61,Project,REG-05
BUD-202508-DEP-009-CC-114-CAT-002,2025,Q3,August,DEP-009,CC-114,CAT-002,35841.49,Operating,REG-08
BUD-202508-DEP-009-CC-101-CAT-003,2025,Q3,August,DEP-009,CC-101,CAT-003,42543.09,Project,REG-01
BUD-202508-DEP-009-CC-119-CAT-001,2025,Q3,August,DEP-009,CC-119,CAT-001,54440.04,Operating,REG-04
BUD-202508-DEP-009-CC-112-CAT-015,2025,Q3,August,DEP-009,CC-112,CAT-015,45769.77,Operating,REG-05
BUD-202508-DEP-009-CC-107-CAT-005,2025,Q3,August,DEP-009,CC-107,CAT-005,43382.31,Operating,REG-05
BUD-202508-DEP-009-CC-104-CAT-005,2025,Q3,August,DEP-009,CC-104,CAT-005,43388.67,Departmental,REG-04
BUD-202508-DEP-009-CC-110-CAT-013,2025,Q3,August,DEP-009,CC-110,CAT-013,48684.47,Departmental,REG-03
BUD-202508-DEP-009-CC-116-CAT-005,2025,Q3,August,DEP-009,CC-116,CAT-005,42011.64,Departmental,REG-07
BUD-202508-DEP-009-CC-114-CAT-010,2025,Q3,August,DEP-009,CC-114,CAT-010,40539.84,Operating,REG-08
BUD-202508-DEP-009-CC-111-CAT-003,2025,Q3,August,DEP-009,CC-111,CAT-003,49490.69,Capital,REG-08
BUD-202508-DEP-009-CC-107-CAT-002,2025,Q3,August,DEP-009,CC-107,CAT-002,34443.66,Capital,REG-08
BUD-202508-DEP-009-CC-115-CAT-005,2025,Q3,August,DEP-009,CC-115,CAT-005,43370.14,Operating,REG-03
BUD-202508-DEP-009-CC-113-CAT-001,2025,Q3,August,DEP-009,CC-113,CAT-001,57236.71,Operating,REG-05
BUD-202508-DEP-009-CC-118-CAT-002,2025,Q3,August,DEP-009,CC-118,CAT-002,32989.51,Departmental,REG-07
BUD-202508-DEP-009-CC-101-CAT-004,2025,Q3,August,DEP-009,CC-101,CAT-004,72317.24,Departmental,REG-08
BUD-202508-DEP-009-CC-115-CAT-009,2025,Q3,August,DEP-009,CC-115,CAT-009,41334.14,Operating,REG-06
BUD-202508-DEP-009-CC-117-CAT-002,2025,Q3,August,DEP-009,CC-117,CAT-002,29195.6,Capital,REG-02
BUD-202508-DEP-009-CC-118-CAT-008,2025,Q3,August,DEP-009,CC-118,CAT-008,56193.85,Capital,REG-03
BUD-202508-DEP-009-CC-119-CAT-004,2025,Q3,August,DEP-009,CC-119,CAT-004,65400.62,Operating,REG-06
BUD-202508-DEP-009-CC-108-CAT-012,2025,Q3,August,DEP-009,CC-108,CAT-012,32780.07,Departmental,REG-02
BUD-202508-DEP-009-CC-117-CAT-015,2025,Q3,August,DEP-009,CC-117,CAT-015,45204.16,Operating,REG-02
BUD-202508-DEP-009-CC-112-CAT-010,2025,Q3,August,DEP-009,CC-112,CAT-010,36943.56,Operating,REG-02
BUD-202508-DEP-009-CC-117-CAT-001,2025,Q3,August,DEP-009,CC-117,CAT-001,61427.65,Project,REG-05
BUD-202508-DEP-009-CC-120-CAT-015,2025,Q3,August,DEP-009,CC-120,CAT-015,48544.37,Operating,REG-03
BUD-202508-DEP-009-CC-119-CAT-011,2025,Q3,August,DEP-009,CC-119,CAT-011,51357.14,Operating,REG-04
BUD-202508-DEP-009-CC-107-CAT-010,2025,Q3,August,DEP-009,CC-107,CAT-010,35513.16,Operating,REG-06
BUD-202508-DEP-009-CC-116-CAT-007,2025,Q3,August,DEP-009,CC-116,CAT-007,28487.87,Operating,REG-04
BUD-202508-DEP-009-CC-112-CAT-003,2025,Q3,August,DEP-009,CC-112,CAT-003,46832.0,Departmental,REG-07
BUD-202508-DEP-009-CC-104-CAT-002,2025,Q3,August,DEP-009,CC-104,CAT-002,35192.98,Capital,REG-02
BUD-202508-DEP-009-CC-118-CAT-013,2025,Q3,August,DEP-009,CC-118,CAT-013,52539.26,Operating,REG-02
BUD-202508-DEP-009-CC-118-CAT-003,2025,Q3,August,DEP-009,CC-118,CAT-003,45475.4,Capital,REG-02
BUD-202508-DEP-009-CC-115-CAT-001,2025,Q3,August,DEP-009,CC-115,CAT-001,60832.84,Capital,REG-01
BUD-202508-DEP-009-CC-112-CAT-010,2025,Q3,August,DEP-009,CC-112,CAT-010,38967.71,Project,REG-08
BUD-202508-DEP-009-CC-104-CAT-011,2025,Q3,August,DEP-009,CC-104,CAT-011,53149.21,Departmental,REG-04
BUD-202508-DEP-009-CC-106-CAT-005,2025,Q3,August,DEP-009,CC-106,CAT-005,40953.83,Project,REG-07
BUD-202508-DEP-009-CC-109-CAT-014,2025,Q3,August,DEP-009,CC-109,CAT-014,43193.84,Operating,REG-07
BUD-202508-DEP-009-CC-105-CAT-010,2025,Q3,August,DEP-009,CC-105,CAT-010,39465.2,Capital,REG-04
BUD-202508-DEP-010-CC-108-CAT-005,2025,Q3,August,DEP-010,CC-108,CAT-005,27682.84,Operating,REG-01
BUD-202508-DEP-010-CC-104-CAT-007,2025,Q3,August,DEP-010,CC-104,CAT-007,18682.92,Operating,REG-08
BUD-202508-DEP-010-CC-114-CAT-003,2025,Q3,August,DEP-010,CC-114,CAT-003,29025.33,Project,REG-08
BUD-202508-DEP-010-CC-101-CAT-009,2025,Q3,August,DEP-010,CC-101,CAT-009,23404.87,Project,REG-08
BUD-202508-DEP-010-CC-118-CAT-004,2025,Q3,August,DEP-010,CC-118,CAT-004,44885.38,Operating,REG-04
BUD-202508-DEP-010-CC-111-CAT-005,2025,Q3,August,DEP-010,CC-111,CAT-005,22477.35,Operating,REG-02
BUD-202508-DEP-010-CC-116-CAT-008,2025,Q3,August,DEP-010,CC-116,CAT-008,39948.33,Operating,REG-03
BUD-202508-DEP-010-CC-118-CAT-001,2025,Q3,August,DEP-010,CC-118,CAT-001,35003.3,Project,REG-05
BUD-202508-DEP-010-CC-120-CAT-014,2025,Q3,August,DEP-010,CC-120,CAT-014,25866.58,Operating,REG-03
BUD-202508-DEP-010-CC-119-CAT-011,2025,Q3,August,DEP-010,CC-119,CAT-011,30969.83,Departmental,REG-08
BUD-202508-DEP-010-CC-113-CAT-015,2025,Q3,August,DEP-010,CC-113,CAT-015,28477.87,Project,REG-05
BUD-202508-DEP-010-CC-109-CAT-013,2025,Q3,August,DEP-010,CC-109,CAT-013,31537.23,Project,REG-07
BUD-202508-DEP-010-CC-105-CAT-003,2025,Q3,August,DEP-010,CC-105,CAT-003,27032.68,Capital,REG-03
BUD-202508-DEP-010-CC-102-CAT-007,2025,Q3,August,DEP-010,CC-102,CAT-007,17687.01,Operating,REG-08
BUD-202508-DEP-010-CC-102-CAT-010,2025,Q3,August,DEP-010,CC-102,CAT-010,23375.27,Operating,REG-03
BUD-202508-DEP-010-CC-115-CAT-012,2025,Q3,August,DEP-010,CC-115,CAT-012,21616.32,Capital,REG-02
BUD-202508-DEP-010-CC-106-CAT-006,2025,Q3,August,DEP-010,CC-106,CAT-006,33184.39,Departmental,REG-03
BUD-202508-DEP-010-CC-116-CAT-013,2025,Q3,August,DEP-010,CC-116,CAT-013,31171.77,Operating,REG-07
BUD-202508-DEP-010-CC-113-CAT-009,2025,Q3,August,DEP-010,CC-113,CAT-009,27294.19,Operating,REG-06
BUD-202508-DEP-010-CC-118-CAT-010,2025,Q3,August,DEP-010,CC-118,CAT-010,21653.6,Operating,REG-05
BUD-202508-DEP-010-CC-103-CAT-008,2025,Q3,August,DEP-010,CC-103,CAT-008,38601.45,Operating,REG-01
BUD-202508-DEP-010-CC-114-CAT-006,2025,Q3,August,DEP-010,CC-114,CAT-006,35911.13,Operating,REG-03
BUD-202508-DEP-010-CC-111-CAT-014,2025,Q3,August,DEP-010,CC-111,CAT-014,28042.02,Capital,REG-07
BUD-202508-DEP-010-CC-102-CAT-005,2025,Q3,August,DEP-010,CC-102,CAT-005,24009.32,Capital,REG-03
BUD-202508-DEP-010-CC-107-CAT-008,2025,Q3,August,DEP-010,CC-107,CAT-008,36607.83,Capital,REG-08
BUD-202508-DEP-010-CC-108-CAT-006,2025,Q3,August,DEP-010,CC-108,CAT-006,36736.37,Capital,REG-07
BUD-202508-DEP-010-CC-108-CAT-010,2025,Q3,August,DEP-010,CC-108,CAT-010,21140.0,Operating,REG-01
BUD-202508-DEP-010-CC-116-CAT-011,2025,Q3,August,DEP-010,CC-116,CAT-011,35169.59,Operating,REG-01
BUD-202508-DEP-010-CC-112-CAT-005,2025,Q3,August,DEP-010,CC-112,CAT-005,25053.51,Operating,REG-02
BUD-202508-DEP-010-CC-115-CAT-014,2025,Q3,August,DEP-010,CC-115,CAT-014,30330.65,Operating,REG-01
BUD-202508-DEP-010-CC-109-CAT-005,2025,Q3,August,DEP-010,CC-109,CAT-005,26085.9,Operating,REG-05
BUD-202508-DEP-010-CC-104-CAT-008,2025,Q3,August,DEP-010,CC-104,CAT-008,42220.43,Project,REG-01
BUD-202508-DEP-010-CC-113-CAT-004,2025,Q3,August,DEP-010,CC-113,CAT-004,42511.62,Operating,REG-05
BUD-202508-DEP-010-CC-109-CAT-004,2025,Q3,August,DEP-010,CC-109,CAT-004,40088.83,Operating,REG-04
BUD-202508-DEP-010-CC-109-CAT-006,2025,Q3,August,DEP-010,CC-109,CAT-006,35813.22,Operating,REG-07
BUD-202508-DEP-010-CC-117-CAT-001,2025,Q3,August,DEP-010,CC-117,CAT-001,32285.61,Project,REG-05
BUD-202508-DEP-010-CC-112-CAT-015,2025,Q3,August,DEP-010,CC-112,CAT-015,28295.05,Operating,REG-02
BUD-202508-DEP-010-CC-110-CAT-008,2025,Q3,August,DEP-010,CC-110,CAT-008,36264.64,Departmental,REG-01
BUD-202508-DEP-010-CC-114-CAT-013,2025,Q3,August,DEP-010,CC-114,CAT-013,37977.13,Capital,REG-07
BUD-202508-DEP-010-CC-107-CAT-002,2025,Q3,August,DEP-010,CC-107,CAT-002,20517.86,Operating,REG-07
BUD-202508-DEP-010-CC-118-CAT-007,2025,Q3,August,DEP-010,CC-118,CAT-007,16432.56,Operating,REG-06
BUD-202508-DEP-010-CC-106-CAT-014,2025,Q3,August,DEP-010,CC-106,CAT-014,24500.05,Operating,REG-06
BUD-202508-DEP-010-CC-110-CAT-003,2025,Q3,August,DEP-010,CC-110,CAT-003,28643.45,Departmental,REG-04
BUD-202508-DEP-010-CC-106-CAT-004,2025,Q3,August,DEP-010,CC-106,CAT-004,43650.43,Capital,REG-03
BUD-202508-DEP-010-CC-105-CAT-013,2025,Q3,August,DEP-010,CC-105,CAT-013,34936.98,Operating,REG-05
BUD-202508-DEP-010-CC-106-CAT-015,2025,Q3,August,DEP-010,CC-106,CAT-015,33786.95,Operating,REG-05
BUD-202508-DEP-010-CC-108-CAT-015,2025,Q3,August,DEP-010,CC-108,CAT-015,31434.78,Operating,REG-04
BUD-202512-DEP-001-CC-111-CAT-011,2025,Q4,December,DEP-001,CC-111,CAT-011,38898.01,Operating,REG-06
BUD-202512-DEP-001-CC-115-CAT-001,2025,Q4,December,DEP-001,CC-115,CAT-001,49388.83,Operating,REG-02
BUD-202512-DEP-001-CC-119-CAT-005,2025,Q4,December,DEP-001,CC-119,CAT-005,36525.48,Departmental,REG-06
BUD-202512-DEP-001-CC-111-CAT-001,2025,Q4,December,DEP-001,CC-111,CAT-001,52431.04,Operating,REG-08
BUD-202512-DEP-001-CC-104-CAT-005,2025,Q4,December,DEP-001,CC-104,CAT-005,34544.07,Departmental,REG-06
BUD-202512-DEP-001-CC-120-CAT-001,2025,Q4,December,DEP-001,CC-120,CAT-001,51516.91,Capital,REG-07
BUD-202512-DEP-001-CC-116-CAT-012,2025,Q4,December,DEP-001,CC-116,CAT-012,27803.85,Capital,REG-08
BUD-202512-DEP-001-CC-106-CAT-012,2025,Q4,December,DEP-001,CC-106,CAT-012,32104.43,Departmental,REG-01
BUD-202512-DEP-001-CC-109-CAT-008,2025,Q4,December,DEP-001,CC-109,CAT-008,46237.69,Operating,REG-06
BUD-202512-DEP-001-CC-112-CAT-013,2025,Q4,December,DEP-001,CC-112,CAT-013,50937.66,Operating,REG-07
BUD-202512-DEP-001-CC-113-CAT-004,2025,Q4,December,DEP-001,CC-113,CAT-004,60578.13,Departmental,REG-03
BUD-202512-DEP-001-CC-110-CAT-004,2025,Q4,December,DEP-001,CC-110,CAT-004,56455.7,Departmental,REG-03
BUD-202512-DEP-001-CC-120-CAT-013,2025,Q4,December,DEP-001,CC-120,CAT-013,50467.95,Operating,REG-01
BUD-202512-DEP-001-CC-113-CAT-003,2025,Q4,December,DEP-001,CC-113,CAT-003,40076.28,Capital,REG-05
BUD-202512-DEP-001-CC-102-CAT-001,2025,Q4,December,DEP-001,CC-102,CAT-001,42590.0,Departmental,REG-05
BUD-202512-DEP-001-CC-101-CAT-004,2025,Q4,December,DEP-001,CC-101,CAT-004,50619.18,Operating,REG-05
BUD-202512-DEP-001-CC-106-CAT-007,2025,Q4,December,DEP-001,CC-106,CAT-007,22160.56,Departmental,REG-02
BUD-202512-DEP-001-CC-113-CAT-012,2025,Q4,December,DEP-001,CC-113,CAT-012,27790.45,Project,REG-01
BUD-202512-DEP-001-CC-114-CAT-009,2025,Q4,December,DEP-001,CC-114,CAT-009,35248.76,Operating,REG-06
BUD-202512-DEP-001-CC-115-CAT-007,2025,Q4,December,DEP-001,CC-115,CAT-007,26100.82,Operating,REG-08
BUD-202512-DEP-001-CC-109-CAT-001,2025,Q4,December,DEP-001,CC-109,CAT-001,43461.29,Operating,REG-04
BUD-202512-DEP-001-CC-119-CAT-004,2025,Q4,December,DEP-001,CC-119,CAT-004,58165.81,Project,REG-08
BUD-202512-DEP-001-CC-110-CAT-009,2025,Q4,December,DEP-001,CC-110,CAT-009,36974.68,Operating,REG-05
BUD-202512-DEP-001-CC-106-CAT-015,2025,Q4,December,DEP-001,CC-106,CAT-015,41603.79,Operating,REG-08
BUD-202512-DEP-001-CC-115-CAT-008,2025,Q4,December,DEP-001,CC-115,CAT-008,51963.97,Operating,REG-02
BUD-202512-DEP-001-CC-114-CAT-009,2025,Q4,December,DEP-001,CC-114,CAT-009,36101.83,Capital,REG-06
BUD-202512-DEP-001-CC-112-CAT-015,2025,Q4,December,DEP-001,CC-112,CAT-015,43772.96,Departmental,REG-05
BUD-202512-DEP-001-CC-114-CAT-002,2025,Q4,December,DEP-001,CC-114,CAT-002,27228.17,Capital,REG-07
BUD-202512-DEP-001-CC-114-CAT-011,2025,Q4,December,DEP-001,CC-114,CAT-011,47398.91,Operating,REG-08
BUD-202512-DEP-001-CC-116-CAT-003,2025,Q4,December,DEP-001,CC-116,CAT-003,39751.05,Operating,REG-01
BUD-202512-DEP-001-CC-119-CAT-001,2025,Q4,December,DEP-001,CC-119,CAT-001,43563.36,Operating,REG-02
BUD-202512-DEP-001-CC-112-CAT-004,2025,Q4,December,DEP-001,CC-112,CAT-004,54636.48,Operating,REG-07
BUD-202512-DEP-001-CC-118-CAT-003,2025,Q4,December,DEP-001,CC-118,CAT-003,35225.91,Operating,REG-06
BUD-202512-DEP-001-CC-106-CAT-015,2025,Q4,December,DEP-001,CC-106,CAT-015,41494.47,Operating,REG-08
BUD-202512-DEP-001-CC-109-CAT-003,2025,Q4,December,DEP-001,CC-109,CAT-003,43015.47,Capital,REG-07
BUD-202512-DEP-001-CC-108-CAT-007,2025,Q4,December,DEP-001,CC-108,CAT-007,27304.95,Operating,REG-04
BUD-202512-DEP-001-CC-115-CAT-007,2025,Q4,December,DEP-001,CC-115,CAT-007,23728.55,Project,REG-04
BUD-202512-DEP-001-CC-101-CAT-006,2025,Q4,December,DEP-001,CC-101,CAT-006,47999.65,Operating,REG-04
BUD-202512-DEP-001-CC-118-CAT-004,2025,Q4,December,DEP-001,CC-118,CAT-004,58440.86,Capital,REG-07
BUD-202512-DEP-001-CC-115-CAT-012,2025,Q4,December,DEP-001,CC-115,CAT-012,29970.11,Operating,REG-08
BUD-202512-DEP-001-CC-116-CAT-011,2025,Q4,December,DEP-001,CC-116,CAT-011,38732.88,Departmental,REG-02
BUD-202512-DEP-001-CC-102-CAT-011,2025,Q4,December,DEP-001,CC-102,CAT-011,44988.37,Departmental,REG-05
BUD-202512-DEP-001-CC-116-CAT-009,2025,Q4,December,DEP-001,CC-116,CAT-009,33670.93,Operating,REG-08
BUD-202512-DEP-002-CC-111-CAT-003,2025,Q4,December,DEP-002,CC-111,CAT-003,29425.84,Operating,REG-04
BUD-202512-DEP-002-CC-102-CAT-002,2025,Q4,December,DEP-002,CC-102,CAT-002,18304.15,Operating,REG-01
BUD-202512-DEP-002-CC-119-CAT-010,2025,Q4,December,DEP-002,CC-119,CAT-010,23306.23,Departmental,REG-08
BUD-202512-DEP-002-CC-113-CAT-015,2025,Q4,December,DEP-002,CC-113,CAT-015,26124.11,Operating,REG-01
BUD-202512-DEP-002-CC-118-CAT-003,2025,Q4,December,DEP-002,CC-118,CAT-003,30874.63,Operating,REG-03
BUD-202512-DEP-002-CC-102-CAT-009,2025,Q4,December,DEP-002,CC-102,CAT-009,23556.93,Operating,REG-04
BUD-202512-DEP-002-CC-111-CAT-014,2025,Q4,December,DEP-002,CC-111,CAT-014,24590.73,Operating,REG-06
BUD-202512-DEP-002-CC-108-CAT-008,2025,Q4,December,DEP-002,CC-108,CAT-008,34430.33,Operating,REG-03
BUD-202512-DEP-002-CC-112-CAT-004,2025,Q4,December,DEP-002,CC-112,CAT-004,44664.11,Operating,REG-01
BUD-202512-DEP-002-CC-118-CAT-008,2025,Q4,December,DEP-002,CC-118,CAT-008,36350.36,Capital,REG-05
BUD-202512-DEP-002-CC-114-CAT-014,2025,Q4,December,DEP-002,CC-114,CAT-014,29025.32,Operating,REG-07
BUD-202512-DEP-002-CC-108-CAT-009,2025,Q4,December,DEP-002,CC-108,CAT-009,25653.37,Operating,REG-03
BUD-202512-DEP-002-CC-113-CAT-008,2025,Q4,December,DEP-002,CC-113,CAT-008,35309.01,Capital,REG-08
BUD-202512-DEP-002-CC-108-CAT-010,2025,Q4,December,DEP-002,CC-108,CAT-010,20693.58,Operating,REG-05
BUD-202512-DEP-002-CC-108-CAT-008,2025,Q4,December,DEP-002,CC-108,CAT-008,33277.83,Capital,REG-05
BUD-202512-DEP-002-CC-101-CAT-007,2025,Q4,December,DEP-002,CC-101,CAT-007,16170.78,Departmental,REG-05
BUD-202512-DEP-002-CC-108-CAT-001,2025,Q4,December,DEP-002,CC-108,CAT-001,31069.63,Operating,REG-01
BUD-202512-DEP-002-CC-102-CAT-001,2025,Q4,December,DEP-002,CC-102,CAT-001,35711.93,Operating,REG-03
BUD-202512-DEP-002-CC-106-CAT-009,2025,Q4,December,DEP-002,CC-106,CAT-009,24615.5,Project,REG-02
BUD-202512-DEP-002-CC-101-CAT-013,2025,Q4,December,DEP-002,CC-101,CAT-013,32834.95,Operating,REG-06
BUD-202512-DEP-002-CC-115-CAT-001,2025,Q4,December,DEP-002,CC-115,CAT-001,31339.27,Project,REG-07
BUD-202512-DEP-002-CC-103-CAT-007,2025,Q4,December,DEP-002,CC-103,CAT-007,15861.8,Project,REG-05
BUD-202512-DEP-002-CC-111-CAT-005,2025,Q4,December,DEP-002,CC-111,CAT-005,25933.16,Operating,REG-03
BUD-202512-DEP-002-CC-120-CAT-007,2025,Q4,December,DEP-002,CC-120,CAT-007,18199.53,Project,REG-03
BUD-202512-DEP-002-CC-113-CAT-008,2025,Q4,December,DEP-002,CC-113,CAT-008,36509.83,Capital,REG-04
BUD-202512-DEP-002-CC-119-CAT-015,2025,Q4,December,DEP-002,CC-119,CAT-015,28096.25,Departmental,REG-07
BUD-202512-DEP-002-CC-106-CAT-008,2025,Q4,December,DEP-002,CC-106,CAT-008,37315.73,Project,REG-08
BUD-202512-DEP-002-CC-106-CAT-011,2025,Q4,December,DEP-002,CC-106,CAT-011,32328.09,Project,REG-03
BUD-202512-DEP-002-CC-114-CAT-007,2025,Q4,December,DEP-002,CC-114,CAT-007,18073.19,Capital,REG-05
BUD-202512-DEP-002-CC-119-CAT-013,2025,Q4,December,DEP-002,CC-119,CAT-013,36150.42,Departmental,REG-06
BUD-202512-DEP-002-CC-118-CAT-014,2025,Q4,December,DEP-002,CC-118,CAT-014,29223.49,Capital,REG-08
BUD-202512-DEP-002-CC-116-CAT-010,2025,Q4,December,DEP-002,CC-116,CAT-010,23634.68,Capital,REG-03
BUD-202512-DEP-002-CC-106-CAT-006,2025,Q4,December,DEP-002,CC-106,CAT-006,34522.32,Capital,REG-05
BUD-202512-DEP-002-CC-110-CAT-012,2025,Q4,December,DEP-002,CC-110,CAT-012,19386.99,Operating,REG-05
BUD-202512-DEP-002-CC-107-CAT-010,2025,Q4,December,DEP-002,CC-107,CAT-010,21996.3,Operating,REG-06
BUD-202512-DEP-002-CC-103-CAT-009,2025,Q4,December,DEP-002,CC-103,CAT-009,26098.09,Capital,REG-07
BUD-202512-DEP-002-CC-116-CAT-008,2025,Q4,December,DEP-002,CC-116,CAT-008,34170.71,Operating,REG-03
BUD-202512-DEP-002-CC-116-CAT-006,2025,Q4,December,DEP-002,CC-116,CAT-006,34686.69,Project,REG-02
BUD-202512-DEP-002-CC-108-CAT-004,2025,Q4,December,DEP-002,CC-108,CAT-004,38384.81,Operating,REG-02
BUD-202512-DEP-002-CC-119-CAT-014,2025,Q4,December,DEP-002,CC-119,CAT-014,25586.67,Operating,REG-06
BUD-202512-DEP-002-CC-110-CAT-002,2025,Q4,December,DEP-002,CC-110,CAT-002,20837.51,Operating,REG-08
BUD-202512-DEP-002-CC-119-CAT-004,2025,Q4,December,DEP-002,CC-119,CAT-004,36175.86,Operating,REG-08
BUD-202512-DEP-003-CC-117-CAT-008,2025,Q4,December,DEP-003,CC-117,CAT-008,55004.5,Project,REG-04
BUD-202512-DEP-003-CC-107-CAT-005,2025,Q4,December,DEP-003,CC-107,CAT-005,43578.1,Operating,REG-07
BUD-202512-DEP-003-CC-104-CAT-013,2025,Q4,December,DEP-003,CC-104,CAT-013,51874.53,Departmental,REG-01
BUD-202512-DEP-003-CC-103-CAT-010,2025,Q4,December,DEP-003,CC-103,CAT-010,41355.53,Capital,REG-06
BUD-202512-DEP-003-CC-107-CAT-006,2025,Q4,December,DEP-003,CC-107,CAT-006,49703.49,Operating,REG-04
BUD-202512-DEP-003-CC-110-CAT-004,2025,Q4,December,DEP-003,CC-110,CAT-004,69011.13,Operating,REG-08
BUD-202512-DEP-003-CC-111-CAT-003,2025,Q4,December,DEP-003,CC-111,CAT-003,40195.01,Operating,REG-02
BUD-202512-DEP-003-CC-111-CAT-005,2025,Q4,December,DEP-003,CC-111,CAT-005,36114.77,Departmental,REG-01
BUD-202512-DEP-003-CC-107-CAT-001,2025,Q4,December,DEP-003,CC-107,CAT-001,51867.28,Project,REG-03
BUD-202512-DEP-003-CC-104-CAT-010,2025,Q4,December,DEP-003,CC-104,CAT-010,34003.53,Capital,REG-04
BUD-202512-DEP-003-CC-115-CAT-002,2025,Q4,December,DEP-003,CC-115,CAT-002,35049.48,Departmental,REG-07
BUD-202512-DEP-003-CC-117-CAT-012,2025,Q4,December,DEP-003,CC-117,CAT-012,33280.24,Project,REG-05
BUD-202512-DEP-003-CC-108-CAT-012,2025,Q4,December,DEP-003,CC-108,CAT-012,34875.84,Operating,REG-08
BUD-202512-DEP-003-CC-116-CAT-003,2025,Q4,December,DEP-003,CC-116,CAT-003,40945.43,Operating,REG-04
BUD-202512-DEP-003-CC-106-CAT-003,2025,Q4,December,DEP-003,CC-106,CAT-003,45603.44,Operating,REG-03
BUD-202512-DEP-003-CC-110-CAT-009,2025,Q4,December,DEP-003,CC-110,CAT-009,42655.14,Operating,REG-01
BUD-202512-DEP-003-CC-108-CAT-005,2025,Q4,December,DEP-003,CC-108,CAT-005,36247.59,Operating,REG-04
BUD-202512-DEP-003-CC-108-CAT-014,2025,Q4,December,DEP-003,CC-108,CAT-014,46827.12,Operating,REG-05
BUD-202512-DEP-003-CC-105-CAT-003,2025,Q4,December,DEP-003,CC-105,CAT-003,45385.84,Departmental,REG-03
BUD-202512-DEP-003-CC-118-CAT-010,2025,Q4,December,DEP-003,CC-118,CAT-010,40466.41,Capital,REG-08
BUD-202512-DEP-003-CC-107-CAT-010,2025,Q4,December,DEP-003,CC-107,CAT-010,35186.19,Capital,REG-02
BUD-202512-DEP-003-CC-106-CAT-008,2025,Q4,December,DEP-003,CC-106,CAT-008,54687.8,Project,REG-02
BUD-202512-DEP-003-CC-109-CAT-006,2025,Q4,December,DEP-003,CC-109,CAT-006,54629.36,Operating,REG-03
BUD-202512-DEP-003-CC-112-CAT-007,2025,Q4,December,DEP-003,CC-112,CAT-007,30689.07,Operating,REG-01
BUD-202512-DEP-003-CC-104-CAT-014,2025,Q4,December,DEP-003,CC-104,CAT-014,43655.47,Operating,REG-02
BUD-202512-DEP-003-CC-103-CAT-010,2025,Q4,December,DEP-003,CC-103,CAT-010,38755.63,Departmental,REG-08
BUD-202512-DEP-003-CC-108-CAT-002,2025,Q4,December,DEP-003,CC-108,CAT-002,35752.23,Project,REG-01
BUD-202512-DEP-003-CC-113-CAT-010,2025,Q4,December,DEP-003,CC-113,CAT-010,38006.1,Project,REG-01
BUD-202512-DEP-003-CC-109-CAT-009,2025,Q4,December,DEP-003,CC-109,CAT-009,39657.96,Operating,REG-05
BUD-202512-DEP-003-CC-116-CAT-010,2025,Q4,December,DEP-003,CC-116,CAT-010,40900.64,Departmental,REG-05
BUD-202512-DEP-003-CC-105-CAT-002,2025,Q4,December,DEP-003,CC-105,CAT-002,36245.37,Project,REG-05
BUD-202512-DEP-003-CC-105-CAT-015,2025,Q4,December,DEP-003,CC-105,CAT-015,45953.39,Departmental,REG-04
BUD-202512-DEP-003-CC-111-CAT-008,2025,Q4,December,DEP-003,CC-111,CAT-008,62466.66,Departmental,REG-08
BUD-202512-DEP-003-CC-106-CAT-003,2025,Q4,December,DEP-003,CC-106,CAT-003,43898.62,Operating,REG-01
BUD-202512-DEP-003-CC-104-CAT-008,2025,Q4,December,DEP-003,CC-104,CAT-008,57816.88,Operating,REG-08
BUD-202512-DEP-003-CC-113-CAT-014,2025,Q4,December,DEP-003,CC-113,CAT-014,40046.22,Departmental,REG-06
BUD-202512-DEP-003-CC-117-CAT-005,2025,Q4,December,DEP-003,CC-117,CAT-005,38522.68,Departmental,REG-07
BUD-202512-DEP-003-CC-115-CAT-006,2025,Q4,December,DEP-003,CC-115,CAT-006,51826.07,Departmental,REG-03
BUD-202512-DEP-003-CC-112-CAT-008,2025,Q4,December,DEP-003,CC-112,CAT-008,53086.55,Project,REG-06
BUD-202512-DEP-003-CC-115-CAT-015,2025,Q4,December,DEP-003,CC-115,CAT-015,43340.63,Capital,REG-05
BUD-202512-DEP-003-CC-111-CAT-001,2025,Q4,December,DEP-003,CC-111,CAT-001,53071.71,Operating,REG-05
BUD-202512-DEP-003-CC-102-CAT-012,2025,Q4,December,DEP-003,CC-102,CAT-012,37943.29,Capital,REG-01
BUD-202512-DEP-003-CC-105-CAT-006,2025,Q4,December,DEP-003,CC-105,CAT-006,47804.14,Operating,REG-06
BUD-202512-DEP-003-CC-117-CAT-005,2025,Q4,December,DEP-003,CC-117,CAT-005,39194.41,Operating,REG-03
BUD-202512-DEP-004-CC-103-CAT-008,2025,Q4,December,DEP-004,CC-103,CAT-008,42927.19,Capital,REG-01
BUD-202512-DEP-004-CC-115-CAT-003,2025,Q4,December,DEP-004,CC-115,CAT-003,32642.17,Capital,REG-01
BUD-202512-DEP-004-CC-110-CAT-008,2025,Q4,December,DEP-004,CC-110,CAT-008,43246.24,Operating,REG-02
BUD-202512-DEP-004-CC-113-CAT-007,2025,Q4,December,DEP-004,CC-113,CAT-007,21213.47,Capital,REG-01
BUD-202512-DEP-004-CC-116-CAT-001,2025,Q4,December,DEP-004,CC-116,CAT-001,34497.82,Operating,REG-03
BUD-202512-DEP-004-CC-103-CAT-013,2025,Q4,December,DEP-004,CC-103,CAT-013,34536.41,Operating,REG-04
BUD-202512-DEP-004-CC-108-CAT-014,2025,Q4,December,DEP-004,CC-108,CAT-014,27211.54,Operating,REG-05
BUD-202512-DEP-004-CC-119-CAT-010,2025,Q4,December,DEP-004,CC-119,CAT-010,22799.96,Project,REG-06
BUD-202512-DEP-004-CC-106-CAT-002,2025,Q4,December,DEP-004,CC-106,CAT-002,21044.41,Project,REG-05
BUD-202512-DEP-004-CC-119-CAT-015,2025,Q4,December,DEP-004,CC-119,CAT-015,35925.39,Operating,REG-04
BUD-202512-DEP-004-CC-101-CAT-007,2025,Q4,December,DEP-004,CC-101,CAT-007,21503.32,Departmental,REG-08
BUD-202512-DEP-004-CC-105-CAT-011,2025,Q4,December,DEP-004,CC-105,CAT-011,31239.88,Departmental,REG-07
BUD-202512-DEP-004-CC-107-CAT-005,2025,Q4,December,DEP-004,CC-107,CAT-005,24431.5,Project,REG-02
BUD-202512-DEP-004-CC-112-CAT-001,2025,Q4,December,DEP-004,CC-112,CAT-001,34860.76,Operating,REG-02
BUD-202512-DEP-004-CC-120-CAT-009,2025,Q4,December,DEP-004,CC-120,CAT-009,30887.45,Project,REG-08
BUD-202512-DEP-004-CC-108-CAT-005,2025,Q4,December,DEP-004,CC-108,CAT-005,29309.9,Project,REG-06
BUD-202512-DEP-004-CC-118-CAT-013,2025,Q4,December,DEP-004,CC-118,CAT-013,34845.39,Operating,REG-05
BUD-202512-DEP-004-CC-120-CAT-014,2025,Q4,December,DEP-004,CC-120,CAT-014,26730.39,Operating,REG-07
BUD-202512-DEP-004-CC-113-CAT-011,2025,Q4,December,DEP-004,CC-113,CAT-011,29677.22,Operating,REG-03
BUD-202512-DEP-004-CC-103-CAT-015,2025,Q4,December,DEP-004,CC-103,CAT-015,29571.24,Operating,REG-06
BUD-202512-DEP-004-CC-113-CAT-010,2025,Q4,December,DEP-004,CC-113,CAT-010,26954.14,Capital,REG-06
BUD-202512-DEP-004-CC-115-CAT-008,2025,Q4,December,DEP-004,CC-115,CAT-008,39226.17,Departmental,REG-04
BUD-202512-DEP-004-CC-103-CAT-010,2025,Q4,December,DEP-004,CC-103,CAT-010,23673.68,Operating,REG-04
BUD-202512-DEP-004-CC-110-CAT-006,2025,Q4,December,DEP-004,CC-110,CAT-006,33245.74,Project,REG-07
BUD-202512-DEP-004-CC-103-CAT-013,2025,Q4,December,DEP-004,CC-103,CAT-013,33025.48,Operating,REG-04
BUD-202512-DEP-004-CC-108-CAT-013,2025,Q4,December,DEP-004,CC-108,CAT-013,35530.72,Operating,REG-04
BUD-202512-DEP-004-CC-107-CAT-013,2025,Q4,December,DEP-004,CC-107,CAT-013,37910.24,Operating,REG-01
BUD-202512-DEP-004-CC-104-CAT-012,2025,Q4,December,DEP-004,CC-104,CAT-012,24975.44,Capital,REG-04
BUD-202512-DEP-004-CC-117-CAT-006,2025,Q4,December,DEP-004,CC-117,CAT-006,38042.7,Project,REG-04
BUD-202512-DEP-004-CC-110-CAT-002,2025,Q4,December,DEP-004,CC-110,CAT-002,23557.34,Operating,REG-08
BUD-202512-DEP-004-CC-102-CAT-015,2025,Q4,December,DEP-004,CC-102,CAT-015,34147.68,Operating,REG-04
BUD-202512-DEP-004-CC-101-CAT-003,2025,Q4,December,DEP-004,CC-101,CAT-003,31057.6,Operating,REG-03
BUD-202512-DEP-004-CC-120-CAT-002,2025,Q4,December,DEP-004,CC-120,CAT-002,20946.42,Operating,REG-01
BUD-202512-DEP-004-CC-111-CAT-012,2025,Q4,December,DEP-004,CC-111,CAT-012,21563.97,Operating,REG-06
BUD-202512-DEP-004-CC-116-CAT-010,2025,Q4,December,DEP-004,CC-116,CAT-010,26376.22,Operating,REG-02
BUD-202512-DEP-004-CC-104-CAT-012,2025,Q4,December,DEP-004,CC-104,CAT-012,22367.64,Project,REG-03
BUD-202512-DEP-004-CC-102-CAT-005,2025,Q4,December,DEP-004,CC-102,CAT-005,26719.05,Operating,REG-06
BUD-202512-DEP-004-CC-117-CAT-014,2025,Q4,December,DEP-004,CC-117,CAT-014,26220.12,Operating,REG-06
BUD-202512-DEP-004-CC-113-CAT-009,2025,Q4,December,DEP-004,CC-113,CAT-009,27994.75,Operating,REG-07
BUD-202512-DEP-004-CC-117-CAT-003,2025,Q4,December,DEP-004,CC-117,CAT-003,28670.68,Operating,REG-01
BUD-202512-DEP-004-CC-120-CAT-002,2025,Q4,December,DEP-004,CC-120,CAT-002,24518.82,Operating,REG-04
BUD-202512-DEP-004-CC-119-CAT-011,2025,Q4,December,DEP-004,CC-119,CAT-011,30697.62,Operating,REG-07
BUD-202512-DEP-005-CC-116-CAT-008,2025,Q4,December,DEP-005,CC-116,CAT-008,44006.46,Operating,REG-05
BUD-202512-DEP-005-CC-109-CAT-010,2025,Q4,December,DEP-005,CC-109,CAT-010,31452.91,Project,REG-03
BUD-202512-DEP-005-CC-102-CAT-011,2025,Q4,December,DEP-005,CC-102,CAT-011,40207.96,Departmental,REG-06
BUD-202512-DEP-005-CC-116-CAT-009,2025,Q4,December,DEP-005,CC-116,CAT-009,33816.14,Operating,REG-02
BUD-202512-DEP-005-CC-111-CAT-005,2025,Q4,December,DEP-005,CC-111,CAT-005,32874.52,Capital,REG-01
BUD-202512-DEP-005-CC-113-CAT-015,2025,Q4,December,DEP-005,CC-113,CAT-015,34227.23,Capital,REG-07
BUD-202512-DEP-005-CC-114-CAT-004,2025,Q4,December,DEP-005,CC-114,CAT-004,51362.87,Departmental,REG-06
BUD-202512-DEP-005-CC-103-CAT-005,2025,Q4,December,DEP-005,CC-103,CAT-005,31537.38,Project,REG-06
BUD-202512-DEP-005-CC-104-CAT-015,2025,Q4,December,DEP-005,CC-104,CAT-015,38393.09,Departmental,REG-07
BUD-202512-DEP-005-CC-117-CAT-012,2025,Q4,December,DEP-005,CC-117,CAT-012,27941.53,Departmental,REG-01
BUD-202512-DEP-005-CC-114-CAT-004,2025,Q4,December,DEP-005,CC-114,CAT-004,56323.11,Operating,REG-03
BUD-202512-DEP-005-CC-110-CAT-011,2025,Q4,December,DEP-005,CC-110,CAT-011,35506.63,Operating,REG-07
BUD-202512-DEP-005-CC-108-CAT-011,2025,Q4,December,DEP-005,CC-108,CAT-011,37366.58,Departmental,REG-08
BUD-202512-DEP-005-CC-111-CAT-013,2025,Q4,December,DEP-005,CC-111,CAT-013,39645.71,Operating,REG-01
BUD-202512-DEP-005-CC-116-CAT-015,2025,Q4,December,DEP-005,CC-116,CAT-015,33337.87,Operating,REG-02
BUD-202512-DEP-005-CC-110-CAT-006,2025,Q4,December,DEP-005,CC-110,CAT-006,39819.07,Departmental,REG-07
BUD-202512-DEP-005-CC-112-CAT-008,2025,Q4,December,DEP-005,CC-112,CAT-008,45091.42,Operating,REG-07
BUD-202512-DEP-005-CC-119-CAT-009,2025,Q4,December,DEP-005,CC-119,CAT-009,31405.28,Capital,REG-06
BUD-202512-DEP-005-CC-101-CAT-015,2025,Q4,December,DEP-005,CC-101,CAT-015,37870.53,Operating,REG-05
BUD-202512-DEP-005-CC-112-CAT-014,2025,Q4,December,DEP-005,CC-112,CAT-014,33686.34,Operating,REG-04
BUD-202512-DEP-005-CC-120-CAT-004,2025,Q4,December,DEP-005,CC-120,CAT-004,46899.08,Capital,REG-07
BUD-202512-DEP-005-CC-107-CAT-003,2025,Q4,December,DEP-005,CC-107,CAT-003,35103.04,Operating,REG-08
BUD-202512-DEP-005-CC-111-CAT-011,2025,Q4,December,DEP-005,CC-111,CAT-011,38934.35,Project,REG-04
BUD-202512-DEP-005-CC-118-CAT-005,2025,Q4,December,DEP-005,CC-118,CAT-005,33136.87,Operating,REG-04
BUD-202512-DEP-005-CC-109-CAT-011,2025,Q4,December,DEP-005,CC-109,CAT-011,38478.58,Operating,REG-08
BUD-202512-DEP-005-CC-113-CAT-015,2025,Q4,December,DEP-005,CC-113,CAT-015,33005.64,Operating,REG-05
BUD-202512-DEP-005-CC-112-CAT-013,2025,Q4,December,DEP-005,CC-112,CAT-013,42911.28,Project,REG-05
BUD-202512-DEP-005-CC-118-CAT-014,2025,Q4,December,DEP-005,CC-118,CAT-014,35975.37,Project,REG-06
BUD-202512-DEP-005-CC-104-CAT-009,2025,Q4,December,DEP-005,CC-104,CAT-009,31698.64,Operating,REG-01
BUD-202512-DEP-005-CC-112-CAT-010,2025,Q4,December,DEP-005,CC-112,CAT-010,27201.77,Capital,REG-01
BUD-202512-DEP-005-CC-111-CAT-013,2025,Q4,December,DEP-005,CC-111,CAT-013,46129.59,Operating,REG-05
BUD-202512-DEP-005-CC-106-CAT-005,2025,Q4,December,DEP-005,CC-106,CAT-005,27433.47,Project,REG-07
BUD-202512-DEP-005-CC-101-CAT-009,2025,Q4,December,DEP-005,CC-101,CAT-009,34082.59,Operating,REG-05
BUD-202512-DEP-005-CC-109-CAT-013,2025,Q4,December,DEP-005,CC-109,CAT-013,43607.29,Operating,REG-04
BUD-202512-DEP-005-CC-119-CAT-005,2025,Q4,December,DEP-005,CC-119,CAT-005,27445.95,Operating,REG-06
BUD-202512-DEP-005-CC-113-CAT-014,2025,Q4,December,DEP-005,CC-113,CAT-014,33069.73,Operating,REG-01
BUD-202512-DEP-005-CC-106-CAT-004,2025,Q4,December,DEP-005,CC-106,CAT-004,52276.27,Operating,REG-08
BUD-202512-DEP-005-CC-109-CAT-009,2025,Q4,December,DEP-005,CC-109,CAT-009,31175.72,Operating,REG-07
BUD-202512-DEP-005-CC-110-CAT-002,2025,Q4,December,DEP-005,CC-110,CAT-002,26718.23,Capital,REG-05
BUD-202512-DEP-005-CC-120-CAT-009,2025,Q4,December,DEP-005,CC-120,CAT-009,28572.17,Departmental,REG-03
BUD-202512-DEP-005-CC-111-CAT-004,2025,Q4,December,DEP-005,CC-111,CAT-004,53992.27,Operating,REG-07
BUD-202512-DEP-005-CC-109-CAT-007,2025,Q4,December,DEP-005,CC-109,CAT-007,22248.04,Departmental,REG-04
BUD-202512-DEP-005-CC-118-CAT-007,2025,Q4,December,DEP-005,CC-118,CAT-007,21067.95,Operating,REG-03
BUD-202512-DEP-005-CC-104-CAT-009,2025,Q4,December,DEP-005,CC-104,CAT-009,35452.33,Operating,REG-07
BUD-202512-DEP-006-CC-113-CAT-003,2025,Q4,December,DEP-006,CC-113,CAT-003,25515.39,Project,REG-02
BUD-202512-DEP-006-CC-106-CAT-007,2025,Q4,December,DEP-006,CC-106,CAT-007,14204.08,Departmental,REG-03
BUD-202512-DEP-006-CC-118-CAT-012,2025,Q4,December,DEP-006,CC-118,CAT-012,20172.47,Operating,REG-02
BUD-202512-DEP-006-CC-114-CAT-003,2025,Q4,December,DEP-006,CC-114,CAT-003,25871.39,Operating,REG-08
BUD-202512-DEP-006-CC-116-CAT-005,2025,Q4,December,DEP-006,CC-116,CAT-005,22663.62,Capital,REG-01
BUD-202512-DEP-006-CC-117-CAT-013,2025,Q4,December,DEP-006,CC-117,CAT-013,30143.12,Operating,REG-04
BUD-202512-DEP-006-CC-109-CAT-003,2025,Q4,December,DEP-006,CC-109,CAT-003,25399.73,Departmental,REG-07
BUD-202512-DEP-006-CC-101-CAT-008,2025,Q4,December,DEP-006,CC-101,CAT-008,35916.99,Departmental,REG-06
BUD-202512-DEP-006-CC-120-CAT-007,2025,Q4,December,DEP-006,CC-120,CAT-007,16690.88,Operating,REG-03
BUD-202512-DEP-006-CC-116-CAT-008,2025,Q4,December,DEP-006,CC-116,CAT-008,34198.37,Operating,REG-02
BUD-202512-DEP-006-CC-104-CAT-011,2025,Q4,December,DEP-006,CC-104,CAT-011,28296.14,Departmental,REG-02
BUD-202512-DEP-006-CC-102-CAT-012,2025,Q4,December,DEP-006,CC-102,CAT-012,18318.74,Operating,REG-08
BUD-202512-DEP-006-CC-120-CAT-005,2025,Q4,December,DEP-006,CC-120,CAT-005,21118.69,Project,REG-03
BUD-202512-DEP-006-CC-106-CAT-005,2025,Q4,December,DEP-006,CC-106,CAT-005,21923.7,Project,REG-01
BUD-202512-DEP-006-CC-101-CAT-010,2025,Q4,December,DEP-006,CC-101,CAT-010,18181.67,Project,REG-07
BUD-202512-DEP-006-CC-114-CAT-015,2025,Q4,December,DEP-006,CC-114,CAT-015,25864.27,Capital,REG-05
BUD-202512-DEP-006-CC-118-CAT-001,2025,Q4,December,DEP-006,CC-118,CAT-001,30755.77,Operating,REG-05
BUD-202512-DEP-006-CC-105-CAT-005,2025,Q4,December,DEP-006,CC-105,CAT-005,20868.24,Operating,REG-06
BUD-202512-DEP-006-CC-102-CAT-009,2025,Q4,December,DEP-006,CC-102,CAT-009,22206.95,Capital,REG-07
BUD-202512-DEP-006-CC-107-CAT-002,2025,Q4,December,DEP-006,CC-107,CAT-002,18082.44,Operating,REG-02
BUD-202512-DEP-006-CC-107-CAT-012,2025,Q4,December,DEP-006,CC-107,CAT-012,18282.4,Operating,REG-03
BUD-202512-DEP-006-CC-103-CAT-011,2025,Q4,December,DEP-006,CC-103,CAT-011,28421.3,Operating,REG-07
BUD-202512-DEP-006-CC-116-CAT-005,2025,Q4,December,DEP-006,CC-116,CAT-005,23351.13,Operating,REG-04
BUD-202512-DEP-006-CC-110-CAT-014,2025,Q4,December,DEP-006,CC-110,CAT-014,23941.36,Project,REG-04
BUD-202512-DEP-006-CC-120-CAT-003,2025,Q4,December,DEP-006,CC-120,CAT-003,24024.68,Operating,REG-08
BUD-202512-DEP-006-CC-101-CAT-006,2025,Q4,December,DEP-006,CC-101,CAT-006,26422.7,Departmental,REG-04
BUD-202512-DEP-006-CC-119-CAT-009,2025,Q4,December,DEP-006,CC-119,CAT-009,22600.48,Project,REG-07
BUD-202512-DEP-006-CC-120-CAT-011,2025,Q4,December,DEP-006,CC-120,CAT-011,27538.93,Operating,REG-01
BUD-202512-DEP-006-CC-110-CAT-011,2025,Q4,December,DEP-006,CC-110,CAT-011,26136.89,Operating,REG-08
BUD-202512-DEP-006-CC-102-CAT-009,2025,Q4,December,DEP-006,CC-102,CAT-009,21577.22,Operating,REG-05
BUD-202512-DEP-006-CC-120-CAT-003,2025,Q4,December,DEP-006,CC-120,CAT-003,24548.09,Project,REG-07
BUD-202512-DEP-006-CC-115-CAT-001,2025,Q4,December,DEP-006,CC-115,CAT-001,32349.87,Capital,REG-07
BUD-202512-DEP-006-CC-104-CAT-001,2025,Q4,December,DEP-006,CC-104,CAT-001,26392.79,Project,REG-06
BUD-202512-DEP-006-CC-113-CAT-014,2025,Q4,December,DEP-006,CC-113,CAT-014,24202.87,Departmental,REG-01
BUD-202512-DEP-006-CC-114-CAT-014,2025,Q4,December,DEP-006,CC-114,CAT-014,23687.12,Operating,REG-01
BUD-202512-DEP-006-CC-120-CAT-004,2025,Q4,December,DEP-006,CC-120,CAT-004,35703.43,Operating,REG-07
BUD-202512-DEP-006-CC-102-CAT-015,2025,Q4,December,DEP-006,CC-102,CAT-015,26737.2,Operating,REG-05
BUD-202512-DEP-006-CC-118-CAT-001,2025,Q4,December,DEP-006,CC-118,CAT-001,32104.47,Operating,REG-04
BUD-202512-DEP-006-CC-111-CAT-006,2025,Q4,December,DEP-006,CC-111,CAT-006,30199.88,Operating,REG-03
BUD-202512-DEP-006-CC-119-CAT-014,2025,Q4,December,DEP-006,CC-119,CAT-014,24371.0,Operating,REG-08
BUD-202512-DEP-006-CC-105-CAT-006,2025,Q4,December,DEP-006,CC-105,CAT-006,25572.22,Capital,REG-06
BUD-202512-DEP-006-CC-115-CAT-013,2025,Q4,December,DEP-006,CC-115,CAT-013,30524.3,Capital,REG-02
BUD-202512-DEP-006-CC-105-CAT-009,2025,Q4,December,DEP-006,CC-105,CAT-009,21045.76,Departmental,REG-07
BUD-202512-DEP-006-CC-101-CAT-010,2025,Q4,December,DEP-006,CC-101,CAT-010,20131.94,Operating,REG-02
BUD-202512-DEP-006-CC-104-CAT-003,2025,Q4,December,DEP-006,CC-104,CAT-003,26661.68,Capital,REG-02
BUD-202512-DEP-007-CC-108-CAT-008,2025,Q4,December,DEP-007,CC-108,CAT-008,54847.62,Operating,REG-02
BUD-202512-DEP-007-CC-114-CAT-006,2025,Q4,December,DEP-007,CC-114,CAT-006,50850.13,Operating,REG-03
BUD-202512-DEP-007-CC-103-CAT-001,2025,Q4,December,DEP-007,CC-103,CAT-001,56163.3,Capital,REG-04
BUD-202512-DEP-007-CC-117-CAT-006,2025,Q4,December,DEP-007,CC-117,CAT-006,52265.27,Operating,REG-07
BUD-202512-DEP-007-CC-109-CAT-011,2025,Q4,December,DEP-007,CC-109,CAT-011,44933.83,Capital,REG-05
BUD-202512-DEP-007-CC-114-CAT-003,2025,Q4,December,DEP-007,CC-114,CAT-003,39265.09,Operating,REG-01
BUD-202512-DEP-007-CC-101-CAT-004,2025,Q4,December,DEP-007,CC-101,CAT-004,63754.57,Capital,REG-01
BUD-202512-DEP-007-CC-104-CAT-004,2025,Q4,December,DEP-007,CC-104,CAT-004,62016.91,Capital,REG-01
BUD-202512-DEP-007-CC-102-CAT-011,2025,Q4,December,DEP-007,CC-102,CAT-011,45343.69,Operating,REG-06
BUD-202512-DEP-007-CC-116-CAT-001,2025,Q4,December,DEP-007,CC-116,CAT-001,56978.6,Operating,REG-01
BUD-202512-DEP-007-CC-113-CAT-001,2025,Q4,December,DEP-007,CC-113,CAT-001,48021.46,Operating,REG-05
BUD-202512-DEP-007-CC-120-CAT-013,2025,Q4,December,DEP-007,CC-120,CAT-013,54204.31,Project,REG-06
BUD-202512-DEP-007-CC-116-CAT-007,2025,Q4,December,DEP-007,CC-116,CAT-007,24556.23,Operating,REG-02
BUD-202512-DEP-007-CC-103-CAT-013,2025,Q4,December,DEP-007,CC-103,CAT-013,54757.71,Operating,REG-03
BUD-202512-DEP-007-CC-111-CAT-007,2025,Q4,December,DEP-007,CC-111,CAT-007,24176.7,Departmental,REG-05
BUD-202512-DEP-007-CC-119-CAT-007,2025,Q4,December,DEP-007,CC-119,CAT-007,28363.25,Departmental,REG-02
BUD-202512-DEP-007-CC-117-CAT-012,2025,Q4,December,DEP-007,CC-117,CAT-012,31364.58,Project,REG-07
BUD-202512-DEP-007-CC-113-CAT-001,2025,Q4,December,DEP-007,CC-113,CAT-001,56523.82,Project,REG-08
BUD-202512-DEP-007-CC-117-CAT-001,2025,Q4,December,DEP-007,CC-117,CAT-001,56333.61,Operating,REG-02
BUD-202512-DEP-007-CC-117-CAT-006,2025,Q4,December,DEP-007,CC-117,CAT-006,51887.52,Capital,REG-08
BUD-202512-DEP-007-CC-105-CAT-009,2025,Q4,December,DEP-007,CC-105,CAT-009,42158.17,Operating,REG-04
BUD-202512-DEP-007-CC-107-CAT-012,2025,Q4,December,DEP-007,CC-107,CAT-012,30955.71,Operating,REG-07
BUD-202512-DEP-007-CC-104-CAT-003,2025,Q4,December,DEP-007,CC-104,CAT-003,40930.27,Operating,REG-05
BUD-202512-DEP-007-CC-110-CAT-003,2025,Q4,December,DEP-007,CC-110,CAT-003,40120.2,Project,REG-07
BUD-202512-DEP-007-CC-120-CAT-001,2025,Q4,December,DEP-007,CC-120,CAT-001,53739.96,Operating,REG-07
BUD-202512-DEP-007-CC-106-CAT-012,2025,Q4,December,DEP-007,CC-106,CAT-012,32030.11,Departmental,REG-01
BUD-202512-DEP-007-CC-105-CAT-008,2025,Q4,December,DEP-007,CC-105,CAT-008,50476.31,Operating,REG-04
BUD-202512-DEP-007-CC-112-CAT-011,2025,Q4,December,DEP-007,CC-112,CAT-011,42128.17,Operating,REG-07
BUD-202512-DEP-007-CC-104-CAT-009,2025,Q4,December,DEP-007,CC-104,CAT-009,40774.63,Capital,REG-08
BUD-202512-DEP-007-CC-119-CAT-005,2025,Q4,December,DEP-007,CC-119,CAT-005,34953.88,Project,REG-01
BUD-202512-DEP-007-CC-111-CAT-014,2025,Q4,December,DEP-007,CC-111,CAT-014,41952.44,Operating,REG-02
BUD-202512-DEP-007-CC-113-CAT-005,2025,Q4,December,DEP-007,CC-113,CAT-005,32398.76,Operating,REG-04
BUD-202512-DEP-007-CC-106-CAT-013,2025,Q4,December,DEP-007,CC-106,CAT-013,49725.36,Operating,REG-03
BUD-202512-DEP-007-CC-101-CAT-001,2025,Q4,December,DEP-007,CC-101,CAT-001,52881.38,Operating,REG-04
BUD-202512-DEP-007-CC-111-CAT-012,2025,Q4,December,DEP-007,CC-111,CAT-012,31973.63,Departmental,REG-06
BUD-202512-DEP-007-CC-119-CAT-014,2025,Q4,December,DEP-007,CC-119,CAT-014,42228.56,Operating,REG-04
BUD-202512-DEP-007-CC-115-CAT-008,2025,Q4,December,DEP-007,CC-115,CAT-008,51774.75,Operating,REG-07
BUD-202512-DEP-007-CC-113-CAT-001,2025,Q4,December,DEP-007,CC-113,CAT-001,57843.83,Operating,REG-05
BUD-202512-DEP-007-CC-102-CAT-009,2025,Q4,December,DEP-007,CC-102,CAT-009,38400.93,Capital,REG-02
BUD-202512-DEP-007-CC-102-CAT-006,2025,Q4,December,DEP-007,CC-102,CAT-006,43521.67,Departmental,REG-08
BUD-202512-DEP-008-CC-103-CAT-011,2025,Q4,December,DEP-008,CC-103,CAT-011,30097.04,Project,REG-08
BUD-202512-DEP-008-CC-120-CAT-008,2025,Q4,December,DEP-008,CC-120,CAT-008,38803.57,Departmental,REG-01
BUD-202512-DEP-008-CC-110-CAT-009,2025,Q4,December,DEP-008,CC-110,CAT-009,27218.9,Operating,REG-02
BUD-202512-DEP-008-CC-108-CAT-011,2025,Q4,December,DEP-008,CC-108,CAT-011,31884.13,Capital,REG-05
BUD-202512-DEP-008-CC-118-CAT-012,2025,Q4,December,DEP-008,CC-118,CAT-012,20244.16,Operating,REG-07
BUD-202512-DEP-008-CC-115-CAT-011,2025,Q4,December,DEP-008,CC-115,CAT-011,29849.24,Operating,REG-02
BUD-202512-DEP-008-CC-102-CAT-004,2025,Q4,December,DEP-008,CC-102,CAT-004,43226.26,Departmental,REG-05
BUD-202512-DEP-008-CC-120-CAT-007,2025,Q4,December,DEP-008,CC-120,CAT-007,19341.91,Project,REG-05
BUD-202512-DEP-008-CC-103-CAT-013,2025,Q4,December,DEP-008,CC-103,CAT-013,33160.61,Capital,REG-03
BUD-202512-DEP-008-CC-105-CAT-008,2025,Q4,December,DEP-008,CC-105,CAT-008,37572.51,Operating,REG-01
BUD-202512-DEP-008-CC-119-CAT-012,2025,Q4,December,DEP-008,CC-119,CAT-012,23723.98,Operating,REG-04
BUD-202512-DEP-008-CC-114-CAT-014,2025,Q4,December,DEP-008,CC-114,CAT-014,29216.55,Operating,REG-02
BUD-202512-DEP-008-CC-115-CAT-014,2025,Q4,December,DEP-008,CC-115,CAT-014,27392.74,Project,REG-02
BUD-202512-DEP-008-CC-115-CAT-011,2025,Q4,December,DEP-008,CC-115,CAT-011,32257.3,Operating,REG-08
BUD-202512-DEP-008-CC-118-CAT-009,2025,Q4,December,DEP-008,CC-118,CAT-009,27807.17,Departmental,REG-07
BUD-202512-DEP-008-CC-120-CAT-007,2025,Q4,December,DEP-008,CC-120,CAT-007,17506.93,Operating,REG-07
BUD-202512-DEP-008-CC-116-CAT-008,2025,Q4,December,DEP-008,CC-116,CAT-008,38530.54,Departmental,REG-07
BUD-202512-DEP-008-CC-107-CAT-009,2025,Q4,December,DEP-008,CC-107,CAT-009,28634.67,Operating,REG-03
BUD-202512-DEP-008-CC-108-CAT-013,2025,Q4,December,DEP-008,CC-108,CAT-013,37681.52,Operating,REG-06
BUD-202512-DEP-008-CC-101-CAT-007,2025,Q4,December,DEP-008,CC-101,CAT-007,19268.83,Operating,REG-06
BUD-202512-DEP-008-CC-105-CAT-013,2025,Q4,December,DEP-008,CC-105,CAT-013,33928.36,Operating,REG-04
BUD-202512-DEP-008-CC-120-CAT-014,2025,Q4,December,DEP-008,CC-120,CAT-014,29203.51,Operating,REG-04
BUD-202512-DEP-008-CC-113-CAT-011,2025,Q4,December,DEP-008,CC-113,CAT-011,33110.52,Operating,REG-07
BUD-202512-DEP-008-CC-108-CAT-014,2025,Q4,December,DEP-008,CC-108,CAT-014,31125.95,Operating,REG-05
BUD-202512-DEP-008-CC-112-CAT-005,2025,Q4,December,DEP-008,CC-112,CAT-005,27475.86,Project,REG-05
BUD-202512-DEP-008-CC-113-CAT-005,2025,Q4,December,DEP-008,CC-113,CAT-005,23204.16,Operating,REG-06
BUD-202512-DEP-008-CC-117-CAT-005,2025,Q4,December,DEP-008,CC-117,CAT-005,24102.93,Departmental,REG-08
BUD-202512-DEP-008-CC-101-CAT-005,2025,Q4,December,DEP-008,CC-101,CAT-005,25410.75,Project,REG-08
BUD-202512-DEP-008-CC-116-CAT-004,2025,Q4,December,DEP-008,CC-116,CAT-004,45146.13,Project,REG-05
BUD-202512-DEP-008-CC-107-CAT-009,2025,Q4,December,DEP-008,CC-107,CAT-009,29469.55,Operating,REG-06
BUD-202512-DEP-008-CC-109-CAT-001,2025,Q4,December,DEP-008,CC-109,CAT-001,36031.27,Operating,REG-07
BUD-202512-DEP-008-CC-107-CAT-014,2025,Q4,December,DEP-008,CC-107,CAT-014,28449.19,Project,REG-01
BUD-202512-DEP-008-CC-110-CAT-007,2025,Q4,December,DEP-008,CC-110,CAT-007,16975.21,Operating,REG-04
BUD-202512-DEP-008-CC-114-CAT-009,2025,Q4,December,DEP-008,CC-114,CAT-009,24599.89,Operating,REG-08
BUD-202512-DEP-008-CC-104-CAT-003,2025,Q4,December,DEP-008,CC-104,CAT-003,30969.6,Operating,REG-01
BUD-202512-DEP-008-CC-102-CAT-014,2025,Q4,December,DEP-008,CC-102,CAT-014,27068.95,Operating,REG-07
BUD-202512-DEP-008-CC-102-CAT-003,2025,Q4,December,DEP-008,CC-102,CAT-003,29118.13,Operating,REG-02
BUD-202512-DEP-008-CC-111-CAT-015,2025,Q4,December,DEP-008,CC-111,CAT-015,31363.3,Operating,REG-04
BUD-202512-DEP-008-CC-117-CAT-012,2025,Q4,December,DEP-008,CC-117,CAT-012,24715.35,Project,REG-08
BUD-202512-DEP-008-CC-105-CAT-001,2025,Q4,December,DEP-008,CC-105,CAT-001,38076.11,Capital,REG-06
BUD-202512-DEP-008-CC-114-CAT-004,2025,Q4,December,DEP-008,CC-114,CAT-004,38731.64,Departmental,REG-03
BUD-202512-DEP-008-CC-104-CAT-012,2025,Q4,December,DEP-008,CC-104,CAT-012,24503.8,Capital,REG-08
BUD-202512-DEP-008-CC-111-CAT-012,2025,Q4,December,DEP-008,CC-111,CAT-012,23180.54,Departmental,REG-01
BUD-202512-DEP-008-CC-116-CAT-015,2025,Q4,December,DEP-008,CC-116,CAT-015,27196.56,Operating,REG-01
BUD-202512-DEP-008-CC-107-CAT-011,2025,Q4,December,DEP-008,CC-107,CAT-011,30804.43,Operating,REG-03
BUD-202512-DEP-009-CC-116-CAT-006,2025,Q4,December,DEP-009,CC-116,CAT-006,56942.01,Departmental,REG-01
BUD-202512-DEP-009-CC-117-CAT-010,2025,Q4,December,DEP-009,CC-117,CAT-010,40822.95,Operating,REG-04
BUD-202512-DEP-009-CC-109-CAT-006,2025,Q4,December,DEP-009,CC-109,CAT-006,58104.18,Departmental,REG-03
BUD-202512-DEP-009-CC-104-CAT-013,2025,Q4,December,DEP-009,CC-104,CAT-013,59192.95,Capital,REG-06
BUD-202512-DEP-009-CC-110-CAT-011,2025,Q4,December,DEP-009,CC-110,CAT-011,56993.02,Operating,REG-08
BUD-202512-DEP-009-CC-113-CAT-004,2025,Q4,December,DEP-009,CC-113,CAT-004,72451.3,Operating,REG-08
BUD-202512-DEP-009-CC-105-CAT-008,2025,Q4,December,DEP-009,CC-105,CAT-008,69525.28,Operating,REG-07
BUD-202512-DEP-009-CC-117-CAT-007,2025,Q4,December,DEP-009,CC-117,CAT-007,34299.59,Operating,REG-03
BUD-202512-DEP-009-CC-115-CAT-007,2025,Q4,December,DEP-009,CC-115,CAT-007,30774.54,Operating,REG-03
BUD-202512-DEP-009-CC-102-CAT-014,2025,Q4,December,DEP-009,CC-102,CAT-014,46673.9,Operating,REG-01
BUD-202512-DEP-009-CC-104-CAT-001,2025,Q4,December,DEP-009,CC-104,CAT-001,60201.12,Capital,REG-06
BUD-202512-DEP-009-CC-108-CAT-002,2025,Q4,December,DEP-009,CC-108,CAT-002,36967.78,Departmental,REG-01
BUD-202512-DEP-009-CC-117-CAT-005,2025,Q4,December,DEP-009,CC-117,CAT-005,39109.13,Capital,REG-06
BUD-202512-DEP-009-CC-101-CAT-009,2025,Q4,December,DEP-009,CC-101,CAT-009,49487.04,Capital,REG-05
BUD-202512-DEP-009-CC-112-CAT-006,2025,Q4,December,DEP-009,CC-112,CAT-006,61862.79,Departmental,REG-06
BUD-202512-DEP-009-CC-108-CAT-011,2025,Q4,December,DEP-009,CC-108,CAT-011,48391.95,Departmental,REG-01
BUD-202512-DEP-009-CC-114-CAT-003,2025,Q4,December,DEP-009,CC-114,CAT-003,54809.81,Departmental,REG-01
BUD-202512-DEP-009-CC-105-CAT-006,2025,Q4,December,DEP-009,CC-105,CAT-006,52989.99,Operating,REG-05
BUD-202512-DEP-009-CC-115-CAT-012,2025,Q4,December,DEP-009,CC-115,CAT-012,34241.49,Operating,REG-05
BUD-202512-DEP-009-CC-120-CAT-011,2025,Q4,December,DEP-009,CC-120,CAT-011,51413.91,Operating,REG-01
BUD-202512-DEP-009-CC-106-CAT-005,2025,Q4,December,DEP-009,CC-106,CAT-005,38737.18,Operating,REG-01
BUD-202512-DEP-009-CC-119-CAT-001,2025,Q4,December,DEP-009,CC-119,CAT-001,59740.47,Capital,REG-04
BUD-202512-DEP-009-CC-119-CAT-007,2025,Q4,December,DEP-009,CC-119,CAT-007,33810.84,Capital,REG-04
BUD-202512-DEP-009-CC-104-CAT-013,2025,Q4,December,DEP-009,CC-104,CAT-013,60779.23,Capital,REG-04
BUD-202512-DEP-009-CC-111-CAT-010,2025,Q4,December,DEP-009,CC-111,CAT-010,41010.7,Operating,REG-07
BUD-202512-DEP-009-CC-101-CAT-010,2025,Q4,December,DEP-009,CC-101,CAT-010,41825.87,Operating,REG-04
BUD-202512-DEP-009-CC-105-CAT-006,2025,Q4,December,DEP-009,CC-105,CAT-006,54214.98,Operating,REG-07
BUD-202512-DEP-009-CC-103-CAT-002,2025,Q4,December,DEP-009,CC-103,CAT-002,40858.3,Operating,REG-05
BUD-202512-DEP-009-CC-120-CAT-009,2025,Q4,December,DEP-009,CC-120,CAT-009,41208.5,Departmental,REG-07
BUD-202512-DEP-009-CC-119-CAT-009,2025,Q4,December,DEP-009,CC-119,CAT-009,46829.54,Operating,REG-07
BUD-202512-DEP-009-CC-110-CAT-007,2025,Q4,December,DEP-009,CC-110,CAT-007,32653.02,Operating,REG-08
BUD-202512-DEP-009-CC-102-CAT-005,2025,Q4,December,DEP-009,CC-102,CAT-005,43953.48,Operating,REG-05
BUD-202512-DEP-009-CC-115-CAT-010,2025,Q4,December,DEP-009,CC-115,CAT-010,43822.43,Capital,REG-03
BUD-202512-DEP-009-CC-109-CAT-010,2025,Q4,December,DEP-009,CC-109,CAT-010,43185.8,Operating,REG-02
BUD-202512-DEP-009-CC-114-CAT-007,2025,Q4,December,DEP-009,CC-114,CAT-007,29378.37,Capital,REG-08
BUD-202512-DEP-009-CC-105-CAT-013,2025,Q4,December,DEP-009,CC-105,CAT-013,53363.79,Operating,REG-01
BUD-202512-DEP-009-CC-113-CAT-004,2025,Q4,December,DEP-009,CC-113,CAT-004,75834.39,Project,REG-07
BUD-202512-DEP-009-CC-104-CAT-015,2025,Q4,December,DEP-009,CC-104,CAT-015,55881.1,Operating,REG-01
BUD-202512-DEP-009-CC-111-CAT-005,2025,Q4,December,DEP-009,CC-111,CAT-005,44696.93,Departmental,REG-04
BUD-202512-DEP-009-CC-114-CAT-015,2025,Q4,December,DEP-009,CC-114,CAT-015,52718.75,Capital,REG-01
BUD-202512-DEP-009-CC-111-CAT-009,2025,Q4,December,DEP-009,CC-111,CAT-009,44003.85,Project,REG-02
BUD-202512-DEP-009-CC-103-CAT-011,2025,Q4,December,DEP-009,CC-103,CAT-011,48357.67,Operating,REG-08
BUD-202512-DEP-009-CC-105-CAT-015,2025,Q4,December,DEP-009,CC-105,CAT-015,46984.15,Operating,REG-08
BUD-202512-DEP-009-CC-110-CAT-004,2025,Q4,December,DEP-009,CC-110,CAT-004,64764.9,Capital,REG-04
BUD-202512-DEP-009-CC-102-CAT-008,2025,Q4,December,DEP-009,CC-102,CAT-008,62681.92,Departmental,REG-04
BUD-202512-DEP-009-CC-114-CAT-002,2025,Q4,December,DEP-009,CC-114,CAT-002,34484.73,Departmental,REG-06
BUD-202512-DEP-009-CC-120-CAT-008,2025,Q4,December,DEP-009,CC-120,CAT-008,59887.85,Operating,REG-04
BUD-202512-DEP-009-CC-118-CAT-004,2025,Q4,December,DEP-009,CC-118,CAT-004,77631.31,Operating,REG-07
BUD-202512-DEP-009-CC-116-CAT-013,2025,Q4,December,DEP-009,CC-116,CAT-013,53937.45,Operating,REG-03
BUD-202512-DEP-009-CC-118-CAT-014,2025,Q4,December,DEP-009,CC-118,CAT-014,45051.61,Departmental,REG-06
BUD-202512-DEP-009-CC-119-CAT-015,2025,Q4,December,DEP-009,CC-119,CAT-015,55566.27,Operating,REG-08
BUD-202512-DEP-009-CC-120-CAT-012,2025,Q4,December,DEP-009,CC-120,CAT-012,38824.89,Operating,REG-02
BUD-202512-DEP-009-CC-103-CAT-007,2025,Q4,December,DEP-009,CC-103,CAT-007,35462.72,Operating,REG-02
BUD-202512-DEP-009-CC-113-CAT-007,2025,Q4,December,DEP-009,CC-113,CAT-007,31770.2,Operating,REG-03
BUD-202512-DEP-009-CC-106-CAT-006,2025,Q4,December,DEP-009,CC-106,CAT-006,52259.95,Operating,REG-07
BUD-202512-DEP-010-CC-114-CAT-010,2025,Q4,December,DEP-010,CC-114,CAT-010,23759.51,Operating,REG-07
BUD-202512-DEP-010-CC-118-CAT-002,2025,Q4,December,DEP-010,CC-118,CAT-002,21529.25,Capital,REG-03
BUD-202512-DEP-010-CC-106-CAT-013,2025,Q4,December,DEP-010,CC-106,CAT-013,36818.01,Project,REG-03
BUD-202512-DEP-010-CC-117-CAT-002,2025,Q4,December,DEP-010,CC-117,CAT-002,21307.23,Capital,REG-07
BUD-202512-DEP-010-CC-106-CAT-006,2025,Q4,December,DEP-010,CC-106,CAT-006,39007.3,Project,REG-07
BUD-202512-DEP-010-CC-115-CAT-008,2025,Q4,December,DEP-010,CC-115,CAT-008,42031.55,Project,REG-05
BUD-202512-DEP-010-CC-113-CAT-014,2025,Q4,December,DEP-010,CC-113,CAT-014,29078.25,Capital,REG-07
BUD-202512-DEP-010-CC-109-CAT-004,2025,Q4,December,DEP-010,CC-109,CAT-004,46856.51,Project,REG-04
BUD-202512-DEP-010-CC-115-CAT-015,2025,Q4,December,DEP-010,CC-115,CAT-015,33991.23,Departmental,REG-05
BUD-202512-DEP-010-CC-110-CAT-011,2025,Q4,December,DEP-010,CC-110,CAT-011,31605.17,Capital,REG-06
BUD-202512-DEP-010-CC-106-CAT-006,2025,Q4,December,DEP-010,CC-106,CAT-006,39524.62,Project,REG-04
BUD-202512-DEP-010-CC-114-CAT-002,2025,Q4,December,DEP-010,CC-114,CAT-002,25637.53,Operating,REG-03
BUD-202512-DEP-010-CC-109-CAT-010,2025,Q4,December,DEP-010,CC-109,CAT-010,28237.41,Project,REG-01
BUD-202512-DEP-010-CC-117-CAT-002,2025,Q4,December,DEP-010,CC-117,CAT-002,21545.85,Operating,REG-07
BUD-202512-DEP-010-CC-104-CAT-006,2025,Q4,December,DEP-010,CC-104,CAT-006,34320.85,Project,REG-06
BUD-202512-DEP-010-CC-109-CAT-009,2025,Q4,December,DEP-010,CC-109,CAT-009,26400.34,Operating,REG-04
BUD-202512-DEP-010-CC-115-CAT-011,2025,Q4,December,DEP-010,CC-115,CAT-011,31320.69,Operating,REG-06
BUD-202512-DEP-010-CC-105-CAT-007,2025,Q4,December,DEP-010,CC-105,CAT-007,20787.04,Operating,REG-03
BUD-202512-DEP-010-CC-103-CAT-005,2025,Q4,December,DEP-010,CC-103,CAT-005,28315.77,Operating,REG-07
BUD-202512-DEP-010-CC-116-CAT-008,2025,Q4,December,DEP-010,CC-116,CAT-008,39529.75,Capital,REG-07
BUD-202512-DEP-010-CC-106-CAT-009,2025,Q4,December,DEP-010,CC-106,CAT-009,30686.32,Operating,REG-04
BUD-202512-DEP-010-CC-110-CAT-006,2025,Q4,December,DEP-010,CC-110,CAT-006,41002.13,Operating,REG-07
BUD-202512-DEP-010-CC-113-CAT-007,2025,Q4,December,DEP-010,CC-113,CAT-007,18399.9,Operating,REG-02
BUD-202512-DEP-010-CC-111-CAT-002,2025,Q4,December,DEP-010,CC-111,CAT-002,21035.66,Departmental,REG-01
BUD-202512-DEP-010-CC-117-CAT-011,2025,Q4,December,DEP-010,CC-117,CAT-011,37379.61,Project,REG-04
BUD-202512-DEP-010-CC-118-CAT-012,2025,Q4,December,DEP-010,CC-118,CAT-012,27288.34,Departmental,REG-06
BUD-202512-DEP-010-CC-104-CAT-003,2025,Q4,December,DEP-010,CC-104,CAT-003,29124.53,Capital,REG-06
BUD-202512-DEP-010-CC-102-CAT-011,2025,Q4,December,DEP-010,CC-102,CAT-011,31917.11,Operating,REG-08
BUD-202512-DEP-010-CC-113-CAT-013,2025,Q4,December,DEP-010,CC-113,CAT-013,39496.45,Capital,REG-02
BUD-202512-DEP-010-CC-116-CAT-007,2025,Q4,December,DEP-010,CC-116,CAT-007,18281.94,Capital,REG-05
BUD-202512-DEP-010-CC-119-CAT-012,2025,Q4,December,DEP-010,CC-119,CAT-012,22141.14,Departmental,REG-03
BUD-202512-DEP-010-CC-104-CAT-009,2025,Q4,December,DEP-010,CC-104,CAT-009,32500.03,Departmental,REG-08
BUD-202512-DEP-010-CC-111-CAT-006,2025,Q4,December,DEP-010,CC-111,CAT-006,39384.36,Operating,REG-07
BUD-202512-DEP-010-CC-112-CAT-002,2025,Q4,December,DEP-010,CC-112,CAT-002,25350.2,Operating,REG-08
BUD-202512-DEP-010-CC-104-CAT-013,2025,Q4,December,DEP-010,CC-104,CAT-013,36106.25,Operating,REG-05
BUD-202512-DEP-010-CC-106-CAT-008,2025,Q4,December,DEP-010,CC-106,CAT-008,39975.04,Capital,REG-05
BUD-202512-DEP-010-CC-115-CAT-009,2025,Q4,December,DEP-010,CC-115,CAT-009,26259.06,Operating,REG-01
BUD-202512-DEP-010-CC-101-CAT-014,2025,Q4,December,DEP-010,CC-101,CAT-014,31707.6,Operating,REG-08
BUD-202502-DEP-001-CC-104-CAT-002,2025,Q1,February,DEP-001,CC-104,CAT-002,23385.18,Departmental,REG-06
BUD-202502-DEP-001-CC-107-CAT-003,2025,Q1,February,DEP-001,CC-107,CAT-003,34675.0,Departmental,REG-01
BUD-202502-DEP-001-CC-119-CAT-014,2025,Q1,February,DEP-001,CC-119,CAT-014,29361.53,Operating,REG-08
BUD-202502-DEP-001-CC-105-CAT-009,2025,Q1,February,DEP-001,CC-105,CAT-009,26610.18,Capital,REG-02
BUD-202502-DEP-001-CC-116-CAT-015,2025,Q1,February,DEP-001,CC-116,CAT-015,34829.8,Project,REG-05
BUD-202502-DEP-001-CC-118-CAT-009,2025,Q1,February,DEP-001,CC-118,CAT-009,30633.16,Departmental,REG-07
BUD-202502-DEP-001-CC-108-CAT-008,2025,Q1,February,DEP-001,CC-108,CAT-008,37058.29,Capital,REG-08
BUD-202502-DEP-001-CC-118-CAT-011,2025,Q1,February,DEP-001,CC-118,CAT-011,37734.84,Project,REG-02
BUD-202502-DEP-001-CC-103-CAT-004,2025,Q1,February,DEP-001,CC-103,CAT-004,46119.74,Operating,REG-04
BUD-202502-DEP-001-CC-101-CAT-006,2025,Q1,February,DEP-001,CC-101,CAT-006,37036.34,Departmental,REG-05
BUD-202502-DEP-001-CC-103-CAT-010,2025,Q1,February,DEP-001,CC-103,CAT-010,25622.38,Capital,REG-06
BUD-202502-DEP-001-CC-111-CAT-004,2025,Q1,February,DEP-001,CC-111,CAT-004,49468.06,Project,REG-04
BUD-202502-DEP-001-CC-107-CAT-004,2025,Q1,February,DEP-001,CC-107,CAT-004,42346.32,Departmental,REG-07
BUD-202502-DEP-001-CC-118-CAT-001,2025,Q1,February,DEP-001,CC-118,CAT-001,39437.13,Operating,REG-04
BUD-202502-DEP-001-CC-110-CAT-011,2025,Q1,February,DEP-001,CC-110,CAT-011,34590.52,Operating,REG-06
BUD-202502-DEP-001-CC-120-CAT-001,2025,Q1,February,DEP-001,CC-120,CAT-001,41141.92,Operating,REG-08
BUD-202502-DEP-001-CC-112-CAT-013,2025,Q1,February,DEP-001,CC-112,CAT-013,41084.79,Project,REG-07
BUD-202502-DEP-001-CC-104-CAT-013,2025,Q1,February,DEP-001,CC-104,CAT-013,35284.33,Departmental,REG-01
BUD-202502-DEP-001-CC-103-CAT-009,2025,Q1,February,DEP-001,CC-103,CAT-009,28524.92,Project,REG-06
BUD-202502-DEP-001-CC-107-CAT-001,2025,Q1,February,DEP-001,CC-107,CAT-001,39149.81,Project,REG-01
BUD-202502-DEP-001-CC-110-CAT-015,2025,Q1,February,DEP-001,CC-110,CAT-015,33937.01,Operating,REG-08
BUD-202502-DEP-001-CC-119-CAT-013,2025,Q1,February,DEP-001,CC-119,CAT-013,37705.13,Project,REG-06
BUD-202502-DEP-001-CC-108-CAT-003,2025,Q1,February,DEP-001,CC-108,CAT-003,29062.84,Operating,REG-02
BUD-202502-DEP-001-CC-103-CAT-015,2025,Q1,February,DEP-001,CC-103,CAT-015,31262.95,Operating,REG-07
BUD-202502-DEP-001-CC-114-CAT-003,2025,Q1,February,DEP-001,CC-114,CAT-003,34721.45,Operating,REG-07
BUD-202502-DEP-001-CC-102-CAT-006,2025,Q1,February,DEP-001,CC-102,CAT-006,38355.33,Capital,REG-08
BUD-202502-DEP-001-CC-118-CAT-003,2025,Q1,February,DEP-001,CC-118,CAT-003,34014.01,Capital,REG-04
BUD-202502-DEP-001-CC-106-CAT-010,2025,Q1,February,DEP-001,CC-106,CAT-010,25801.13,Operating,REG-01
BUD-202502-DEP-001-CC-113-CAT-013,2025,Q1,February,DEP-001,CC-113,CAT-013,37413.26,Project,REG-01
BUD-202502-DEP-001-CC-110-CAT-005,2025,Q1,February,DEP-001,CC-110,CAT-005,30601.72,Capital,REG-03
BUD-202502-DEP-001-CC-115-CAT-014,2025,Q1,February,DEP-001,CC-115,CAT-014,32159.77,Operating,REG-07
BUD-202502-DEP-001-CC-105-CAT-002,2025,Q1,February,DEP-001,CC-105,CAT-002,21193.28,Capital,REG-04
BUD-202502-DEP-001-CC-105-CAT-010,2025,Q1,February,DEP-001,CC-105,CAT-010,27052.22,Operating,REG-04
BUD-202502-DEP-001-CC-106-CAT-011,2025,Q1,February,DEP-001,CC-106,CAT-011,35052.56,Operating,REG-04
BUD-202502-DEP-001-CC-115-CAT-010,2025,Q1,February,DEP-001,CC-115,CAT-010,23145.48,Capital,REG-03
BUD-202502-DEP-001-CC-105-CAT-013,2025,Q1,February,DEP-001,CC-105,CAT-013,35740.05,Departmental,REG-01
BUD-202502-DEP-001-CC-106-CAT-010,2025,Q1,February,DEP-001,CC-106,CAT-010,27419.26,Project,REG-05
BUD-202502-DEP-001-CC-108-CAT-003,2025,Q1,February,DEP-001,CC-108,CAT-003,32141.75,Operating,REG-08
BUD-202502-DEP-002-CC-117-CAT-005,2025,Q1,February,DEP-002,CC-117,CAT-005,19613.23,Operating,REG-03
BUD-202502-DEP-002-CC-110-CAT-006,2025,Q1,February,DEP-002,CC-110,CAT-006,25957.74,Operating,REG-08
BUD-202502-DEP-002-CC-108-CAT-007,2025,Q1,February,DEP-002,CC-108,CAT-007,14757.24,Operating,REG-08
BUD-202502-DEP-002-CC-110-CAT-008,2025,Q1,February,DEP-002,CC-110,CAT-008,28006.27,Operating,REG-06
BUD-202502-DEP-002-CC-117-CAT-012,2025,Q1,February,DEP-002,CC-117,CAT-012,16813.89,Operating,REG-01
BUD-202502-DEP-002-CC-112-CAT-007,2025,Q1,February,DEP-002,CC-112,CAT-007,13331.57,Operating,REG-03
BUD-202502-DEP-002-CC-118-CAT-013,2025,Q1,February,DEP-002,CC-118,CAT-013,27859.1,Operating,REG-08
BUD-202502-DEP-002-CC-107-CAT-004,2025,Q1,February,DEP-002,CC-107,CAT-004,31006.24,Operating,REG-08
BUD-202502-DEP-002-CC-101-CAT-012,2025,Q1,February,DEP-002,CC-101,CAT-012,18200.0,Operating,REG-07
BUD-202502-DEP-002-CC-108-CAT-015,2025,Q1,February,DEP-002,CC-108,CAT-015,25904.79,Operating,REG-07
BUD-202502-DEP-002-CC-101-CAT-012,2025,Q1,February,DEP-002,CC-101,CAT-012,17786.83,Operating,REG-01
BUD-202502-DEP-002-CC-111-CAT-012,2025,Q1,February,DEP-002,CC-111,CAT-012,19336.36,Departmental,REG-02
BUD-202502-DEP-002-CC-116-CAT-010,2025,Q1,February,DEP-002,CC-116,CAT-010,19364.17,Operating,REG-08
BUD-202502-DEP-002-CC-116-CAT-011,2025,Q1,February,DEP-002,CC-116,CAT-011,24156.55,Departmental,REG-03
BUD-202502-DEP-002-CC-104-CAT-011,2025,Q1,February,DEP-002,CC-104,CAT-011,22500.31,Capital,REG-07
BUD-202502-DEP-002-CC-113-CAT-004,2025,Q1,February,DEP-002,CC-113,CAT-004,29518.27,Operating,REG-06
BUD-202502-DEP-002-CC-119-CAT-015,2025,Q1,February,DEP-002,CC-119,CAT-015,24783.26,Operating,REG-06
BUD-202502-DEP-002-CC-103-CAT-006,2025,Q1,February,DEP-002,CC-103,CAT-006,24218.48,Operating,REG-08
BUD-202502-DEP-002-CC-109-CAT-006,2025,Q1,February,DEP-002,CC-109,CAT-006,23441.26,Operating,REG-04
BUD-202502-DEP-002-CC-118-CAT-006,2025,Q1,February,DEP-002,CC-118,CAT-006,26013.3,Operating,REG-05
BUD-202502-DEP-002-CC-120-CAT-009,2025,Q1,February,DEP-002,CC-120,CAT-009,19378.84,Operating,REG-01
BUD-202502-DEP-002-CC-120-CAT-008,2025,Q1,February,DEP-002,CC-120,CAT-008,32347.59,Capital,REG-07
BUD-202502-DEP-002-CC-110-CAT-002,2025,Q1,February,DEP-002,CC-110,CAT-002,15714.69,Operating,REG-05
BUD-202502-DEP-002-CC-104-CAT-007,2025,Q1,February,DEP-002,CC-104,CAT-007,13974.84,Operating,REG-03
BUD-202502-DEP-002-CC-103-CAT-008,2025,Q1,February,DEP-002,CC-103,CAT-008,28552.49,Project,REG-03
BUD-202502-DEP-002-CC-114-CAT-014,2025,Q1,February,DEP-002,CC-114,CAT-014,22959.38,Operating,REG-01
BUD-202502-DEP-002-CC-102-CAT-011,2025,Q1,February,DEP-002,CC-102,CAT-011,23867.09,Operating,REG-01
BUD-202502-DEP-002-CC-120-CAT-005,2025,Q1,February,DEP-002,CC-120,CAT-005,20475.51,Operating,REG-07
BUD-202502-DEP-002-CC-109-CAT-015,2025,Q1,February,DEP-002,CC-109,CAT-015,21591.38,Operating,REG-01
BUD-202502-DEP-002-CC-109-CAT-010,2025,Q1,February,DEP-002,CC-109,CAT-010,19936.42,Operating,REG-06
BUD-202502-DEP-002-CC-115-CAT-002,2025,Q1,February,DEP-002,CC-115,CAT-002,15509.71,Operating,REG-03
BUD-202502-DEP-002-CC-113-CAT-004,2025,Q1,February,DEP-002,CC-113,CAT-004,32525.58,Operating,REG-04
BUD-202502-DEP-002-CC-111-CAT-014,2025,Q1,February,DEP-002,CC-111,CAT-014,20721.94,Operating,REG-07
BUD-202502-DEP-002-CC-110-CAT-009,2025,Q1,February,DEP-002,CC-110,CAT-009,19555.62,Capital,REG-02
BUD-202502-DEP-002-CC-106-CAT-008,2025,Q1,February,DEP-002,CC-106,CAT-008,31193.46,Operating,REG-05
BUD-202502-DEP-002-CC-109-CAT-006,2025,Q1,February,DEP-002,CC-109,CAT-006,25362.25,Operating,REG-01
BUD-202502-DEP-002-CC-105-CAT-015,2025,Q1,February,DEP-002,CC-105,CAT-015,24168.1,Operating,REG-05
BUD-202502-DEP-002-CC-120-CAT-005,2025,Q1,February,DEP-002,CC-120,CAT-005,19885.67,Operating,REG-03
BUD-202502-DEP-002-CC-108-CAT-005,2025,Q1,February,DEP-002,CC-108,CAT-005,18593.51,Operating,REG-03
BUD-202502-DEP-002-CC-107-CAT-003,2025,Q1,February,DEP-002,CC-107,CAT-003,23057.86,Departmental,REG-01
BUD-202502-DEP-002-CC-108-CAT-001,2025,Q1,February,DEP-002,CC-108,CAT-001,27610.79,Project,REG-01
BUD-202502-DEP-002-CC-120-CAT-004,2025,Q1,February,DEP-002,CC-120,CAT-004,32569.72,Operating,REG-02
BUD-202502-DEP-002-CC-114-CAT-003,2025,Q1,February,DEP-002,CC-114,CAT-003,23257.49,Operating,REG-08
BUD-202502-DEP-002-CC-106-CAT-006,2025,Q1,February,DEP-002,CC-106,CAT-006,25452.72,Operating,REG-08
BUD-202502-DEP-002-CC-116-CAT-008,2025,Q1,February,DEP-002,CC-116,CAT-008,26873.47,Project,REG-02
BUD-202502-DEP-002-CC-106-CAT-007,2025,Q1,February,DEP-002,CC-106,CAT-007,14227.63,Capital,REG-06
BUD-202502-DEP-002-CC-119-CAT-004,2025,Q1,February,DEP-002,CC-119,CAT-004,31529.81,Departmental,REG-06
BUD-202502-DEP-002-CC-118-CAT-002,2025,Q1,February,DEP-002,CC-118,CAT-002,17928.75,Operating,REG-03
BUD-202502-DEP-002-CC-115-CAT-008,2025,Q1,February,DEP-002,CC-115,CAT-008,26971.34,Operating,REG-01
BUD-202502-DEP-003-CC-107-CAT-003,2025,Q1,February,DEP-003,CC-107,CAT-003,34563.48,Project,REG-08
BUD-202502-DEP-003-CC-107-CAT-002,2025,Q1,February,DEP-003,CC-107,CAT-002,26993.52,Operating,REG-01
BUD-202502-DEP-003-CC-119-CAT-015,2025,Q1,February,DEP-003,CC-119,CAT-015,39019.24,Project,REG-08
BUD-202502-DEP-003-CC-112-CAT-013,2025,Q1,February,DEP-003,CC-112,CAT-013,44317.43,Operating,REG-08
BUD-202502-DEP-003-CC-120-CAT-001,2025,Q1,February,DEP-003,CC-120,CAT-001,40469.07,Operating,REG-08
BUD-202502-DEP-003-CC-120-CAT-012,2025,Q1,February,DEP-003,CC-120,CAT-012,30213.04,Operating,REG-02
BUD-202502-DEP-003-CC-108-CAT-015,2025,Q1,February,DEP-003,CC-108,CAT-015,41085.93,Operating,REG-04
BUD-202502-DEP-003-CC-120-CAT-005,2025,Q1,February,DEP-003,CC-120,CAT-005,28285.64,Departmental,REG-05
BUD-202502-DEP-003-CC-119-CAT-001,2025,Q1,February,DEP-003,CC-119,CAT-001,45830.64,Departmental,REG-05
BUD-202502-DEP-003-CC-104-CAT-008,2025,Q1,February,DEP-003,CC-104,CAT-008,50445.79,Operating,REG-05
BUD-202502-DEP-003-CC-118-CAT-006,2025,Q1,February,DEP-003,CC-118,CAT-006,39640.17,Operating,REG-03
BUD-202502-DEP-003-CC-105-CAT-005,2025,Q1,February,DEP-003,CC-105,CAT-005,28973.01,Departmental,REG-01
BUD-202502-DEP-003-CC-117-CAT-014,2025,Q1,February,DEP-003,CC-117,CAT-014,35769.86,Departmental,REG-02
BUD-202502-DEP-003-CC-113-CAT-003,2025,Q1,February,DEP-003,CC-113,CAT-003,34739.81,Operating,REG-01
BUD-202502-DEP-003-CC-108-CAT-006,2025,Q1,February,DEP-003,CC-108,CAT-006,42187.67,Operating,REG-08
BUD-202502-DEP-003-CC-110-CAT-015,2025,Q1,February,DEP-003,CC-110,CAT-015,34479.59,Operating,REG-01
BUD-202502-DEP-003-CC-107-CAT-014,2025,Q1,February,DEP-003,CC-107,CAT-014,31684.75,Operating,REG-02
BUD-202502-DEP-003-CC-111-CAT-002,2025,Q1,February,DEP-003,CC-111,CAT-002,26947.52,Operating,REG-08
BUD-202502-DEP-003-CC-101-CAT-008,2025,Q1,February,DEP-003,CC-101,CAT-008,50597.14,Operating,REG-08
BUD-202502-DEP-003-CC-117-CAT-014,2025,Q1,February,DEP-003,CC-117,CAT-014,34865.64,Operating,REG-02
BUD-202502-DEP-003-CC-115-CAT-013,2025,Q1,February,DEP-003,CC-115,CAT-013,47410.93,Capital,REG-08
BUD-202502-DEP-003-CC-120-CAT-008,2025,Q1,February,DEP-003,CC-120,CAT-008,52740.63,Operating,REG-06
BUD-202502-DEP-003-CC-103-CAT-008,2025,Q1,February,DEP-003,CC-103,CAT-008,51573.88,Operating,REG-06
BUD-202502-DEP-003-CC-108-CAT-015,2025,Q1,February,DEP-003,CC-108,CAT-015,36567.94,Departmental,REG-02
BUD-202502-DEP-003-CC-115-CAT-005,2025,Q1,February,DEP-003,CC-115,CAT-005,30883.85,Project,REG-07
BUD-202502-DEP-003-CC-107-CAT-014,2025,Q1,February,DEP-003,CC-107,CAT-014,38202.73,Departmental,REG-08
BUD-202502-DEP-003-CC-118-CAT-011,2025,Q1,February,DEP-003,CC-118,CAT-011,43549.69,Operating,REG-04
BUD-202502-DEP-003-CC-109-CAT-005,2025,Q1,February,DEP-003,CC-109,CAT-005,34007.47,Operating,REG-02
BUD-202502-DEP-003-CC-117-CAT-004,2025,Q1,February,DEP-003,CC-117,CAT-004,49552.78,Project,REG-08
BUD-202502-DEP-003-CC-115-CAT-006,2025,Q1,February,DEP-003,CC-115,CAT-006,37136.26,Operating,REG-04
BUD-202502-DEP-003-CC-115-CAT-003,2025,Q1,February,DEP-003,CC-115,CAT-003,33361.9,Operating,REG-05
BUD-202502-DEP-003-CC-112-CAT-002,2025,Q1,February,DEP-003,CC-112,CAT-002,28291.97,Operating,REG-05
BUD-202502-DEP-003-CC-120-CAT-013,2025,Q1,February,DEP-003,CC-120,CAT-013,42441.99,Project,REG-03
BUD-202502-DEP-003-CC-117-CAT-002,2025,Q1,February,DEP-003,CC-117,CAT-002,24801.5,Project,REG-05
BUD-202502-DEP-003-CC-109-CAT-001,2025,Q1,February,DEP-003,CC-109,CAT-001,43587.95,Project,REG-03
BUD-202502-DEP-003-CC-101-CAT-003,2025,Q1,February,DEP-003,CC-101,CAT-003,38103.79,Operating,REG-08
BUD-202502-DEP-003-CC-108-CAT-004,2025,Q1,February,DEP-003,CC-108,CAT-004,57933.75,Operating,REG-04
BUD-202502-DEP-003-CC-104-CAT-005,2025,Q1,February,DEP-003,CC-104,CAT-005,32128.75,Project,REG-02
BUD-202502-DEP-003-CC-113-CAT-014,2025,Q1,February,DEP-003,CC-113,CAT-014,34137.25,Project,REG-08
BUD-202502-DEP-004-CC-115-CAT-011,2025,Q1,February,DEP-004,CC-115,CAT-011,24423.34,Project,REG-05
BUD-202502-DEP-004-CC-106-CAT-005,2025,Q1,February,DEP-004,CC-106,CAT-005,21803.91,Operating,REG-06
BUD-202502-DEP-004-CC-114-CAT-004,2025,Q1,February,DEP-004,CC-114,CAT-004,38904.64,Operating,REG-02
BUD-202502-DEP-004-CC-106-CAT-014,2025,Q1,February,DEP-004,CC-106,CAT-014,26110.51,Capital,REG-08
BUD-202502-DEP-004-CC-114-CAT-014,2025,Q1,February,DEP-004,CC-114,CAT-014,25771.44,Operating,REG-03
BUD-202502-DEP-004-CC-102-CAT-001,2025,Q1,February,DEP-004,CC-102,CAT-001,31691.17,Capital,REG-01
BUD-202502-DEP-004-CC-112-CAT-015,2025,Q1,February,DEP-004,CC-112,CAT-015,28936.16,Project,REG-03
BUD-202502-DEP-004-CC-113-CAT-001,2025,Q1,February,DEP-004,CC-113,CAT-001,34346.21,Operating,REG-02
BUD-202502-DEP-004-CC-105-CAT-014,2025,Q1,February,DEP-004,CC-105,CAT-014,23210.26,Departmental,REG-01
BUD-202502-DEP-004-CC-101-CAT-006,2025,Q1,February,DEP-004,CC-101,CAT-006,27137.35,Capital,REG-05
BUD-202502-DEP-004-CC-116-CAT-012,2025,Q1,February,DEP-004,CC-116,CAT-012,18226.79,Departmental,REG-01
BUD-202502-DEP-004-CC-115-CAT-013,2025,Q1,February,DEP-004,CC-115,CAT-013,26431.41,Operating,REG-07
BUD-202502-DEP-004-CC-111-CAT-011,2025,Q1,February,DEP-004,CC-111,CAT-011,30183.76,Departmental,REG-02
BUD-202502-DEP-004-CC-109-CAT-013,2025,Q1,February,DEP-004,CC-109,CAT-013,27834.99,Operating,REG-07
BUD-202502-DEP-004-CC-105-CAT-007,2025,Q1,February,DEP-004,CC-105,CAT-007,16304.01,Project,REG-07
BUD-202502-DEP-004-CC-103-CAT-008,2025,Q1,February,DEP-004,CC-103,CAT-008,29338.37,Operating,REG-05
BUD-202502-DEP-004-CC-102-CAT-015,2025,Q1,February,DEP-004,CC-102,CAT-015,28971.0,Project,REG-06
BUD-202502-DEP-004-CC-101-CAT-013,2025,Q1,February,DEP-004,CC-101,CAT-013,29998.58,Operating,REG-03
BUD-202502-DEP-004-CC-120-CAT-003,2025,Q1,February,DEP-004,CC-120,CAT-003,27444.89,Operating,REG-01
BUD-202502-DEP-004-CC-116-CAT-012,2025,Q1,February,DEP-004,CC-116,CAT-012,19946.04,Capital,REG-07
BUD-202502-DEP-004-CC-102-CAT-006,2025,Q1,February,DEP-004,CC-102,CAT-006,28908.86,Operating,REG-03
BUD-202502-DEP-004-CC-105-CAT-008,2025,Q1,February,DEP-004,CC-105,CAT-008,35225.32,Operating,REG-03
BUD-202502-DEP-004-CC-102-CAT-005,2025,Q1,February,DEP-004,CC-102,CAT-005,22267.43,Project,REG-08
BUD-202502-DEP-004-CC-115-CAT-013,2025,Q1,February,DEP-004,CC-115,CAT-013,28312.23,Departmental,REG-08
BUD-202502-DEP-004-CC-117-CAT-005,2025,Q1,February,DEP-004,CC-117,CAT-005,22518.83,Capital,REG-08
BUD-202502-DEP-004-CC-105-CAT-011,2025,Q1,February,DEP-004,CC-105,CAT-011,29440.46,Operating,REG-03
BUD-202502-DEP-004-CC-101-CAT-005,2025,Q1,February,DEP-004,CC-101,CAT-005,19508.02,Operating,REG-07
BUD-202502-DEP-004-CC-110-CAT-006,2025,Q1,February,DEP-004,CC-110,CAT-006,29943.75,Departmental,REG-02
BUD-202502-DEP-004-CC-103-CAT-012,2025,Q1,February,DEP-004,CC-103,CAT-012,20064.54,Project,REG-02
BUD-202502-DEP-004-CC-110-CAT-010,2025,Q1,February,DEP-004,CC-110,CAT-010,19242.26,Operating,REG-08
BUD-202502-DEP-004-CC-114-CAT-013,2025,Q1,February,DEP-004,CC-114,CAT-013,32717.44,Project,REG-01
BUD-202502-DEP-004-CC-114-CAT-004,2025,Q1,February,DEP-004,CC-114,CAT-004,40149.42,Operating,REG-01
BUD-202502-DEP-004-CC-109-CAT-007,2025,Q1,February,DEP-004,CC-109,CAT-007,15628.17,Project,REG-03
BUD-202502-DEP-004-CC-120-CAT-010,2025,Q1,February,DEP-004,CC-120,CAT-010,22234.9,Operating,REG-07
BUD-202502-DEP-004-CC-120-CAT-015,2025,Q1,February,DEP-004,CC-120,CAT-015,25158.84,Operating,REG-04
BUD-202502-DEP-004-CC-111-CAT-011,2025,Q1,February,DEP-004,CC-111,CAT-011,27746.22,Project,REG-08
BUD-202502-DEP-004-CC-104-CAT-008,2025,Q1,February,DEP-004,CC-104,CAT-008,36048.77,Capital,REG-04
BUD-202502-DEP-004-CC-111-CAT-015,2025,Q1,February,DEP-004,CC-111,CAT-015,26207.47,Operating,REG-03
BUD-202502-DEP-004-CC-113-CAT-004,2025,Q1,February,DEP-004,CC-113,CAT-004,36217.33,Operating,REG-02
BUD-202502-DEP-004-CC-116-CAT-002,2025,Q1,February,DEP-004,CC-116,CAT-002,16840.91,Operating,REG-07
BUD-202502-DEP-004-CC-105-CAT-004,2025,Q1,February,DEP-004,CC-105,CAT-004,33044.7,Project,REG-02
BUD-202502-DEP-004-CC-117-CAT-008,2025,Q1,February,DEP-004,CC-117,CAT-008,30917.76,Project,REG-01
BUD-202502-DEP-004-CC-117-CAT-005,2025,Q1,February,DEP-004,CC-117,CAT-005,20480.25,Operating,REG-04
BUD-202502-DEP-004-CC-107-CAT-001,2025,Q1,February,DEP-004,CC-107,CAT-001,31972.14,Operating,REG-05
BUD-202502-DEP-004-CC-109-CAT-011,2025,Q1,February,DEP-004,CC-109,CAT-011,24830.86,Operating,REG-05
BUD-202502-DEP-004-CC-117-CAT-008,2025,Q1,February,DEP-004,CC-117,CAT-008,29609.07,Capital,REG-05
BUD-202502-DEP-004-CC-113-CAT-009,2025,Q1,February,DEP-004,CC-113,CAT-009,22649.69,Project,REG-07
BUD-202502-DEP-004-CC-119-CAT-007,2025,Q1,February,DEP-004,CC-119,CAT-007,17402.71,Operating,REG-07
BUD-202502-DEP-005-CC-118-CAT-014,2025,Q1,February,DEP-005,CC-118,CAT-014,28706.1,Operating,REG-08
BUD-202502-DEP-005-CC-102-CAT-011,2025,Q1,February,DEP-005,CC-102,CAT-011,33818.38,Departmental,REG-02
BUD-202502-DEP-005-CC-116-CAT-014,2025,Q1,February,DEP-005,CC-116,CAT-014,26913.28,Operating,REG-02
BUD-202502-DEP-005-CC-101-CAT-004,2025,Q1,February,DEP-005,CC-101,CAT-004,44946.98,Departmental,REG-02
BUD-202502-DEP-005-CC-120-CAT-013,2025,Q1,February,DEP-005,CC-120,CAT-013,30599.21,Operating,REG-02
BUD-202502-DEP-005-CC-112-CAT-001,2025,Q1,February,DEP-005,CC-112,CAT-001,35227.37,Operating,REG-01
BUD-202502-DEP-005-CC-108-CAT-014,2025,Q1,February,DEP-005,CC-108,CAT-014,25583.65,Operating,REG-03
BUD-202502-DEP-005-CC-120-CAT-014,2025,Q1,February,DEP-005,CC-120,CAT-014,26821.26,Operating,REG-04
BUD-202502-DEP-005-CC-106-CAT-014,2025,Q1,February,DEP-005,CC-106,CAT-014,27708.68,Operating,REG-04
BUD-202502-DEP-005-CC-109-CAT-014,2025,Q1,February,DEP-005,CC-109,CAT-014,25614.99,Operating,REG-07
BUD-202502-DEP-005-CC-112-CAT-008,2025,Q1,February,DEP-005,CC-112,CAT-008,35548.55,Departmental,REG-02
BUD-202502-DEP-005-CC-119-CAT-004,2025,Q1,February,DEP-005,CC-119,CAT-004,45156.0,Operating,REG-04
BUD-202502-DEP-005-CC-104-CAT-008,2025,Q1,February,DEP-005,CC-104,CAT-008,40255.22,Capital,REG-01
BUD-202502-DEP-005-CC-114-CAT-008,2025,Q1,February,DEP-005,CC-114,CAT-008,42329.41,Departmental,REG-03
BUD-202502-DEP-005-CC-113-CAT-008,2025,Q1,February,DEP-005,CC-113,CAT-008,34430.28,Project,REG-04
BUD-202502-DEP-005-CC-120-CAT-006,2025,Q1,February,DEP-005,CC-120,CAT-006,35233.77,Operating,REG-01
BUD-202502-DEP-005-CC-103-CAT-012,2025,Q1,February,DEP-005,CC-103,CAT-012,20899.95,Capital,REG-07
BUD-202502-DEP-005-CC-102-CAT-009,2025,Q1,February,DEP-005,CC-102,CAT-009,23896.14,Operating,REG-06
BUD-202502-DEP-005-CC-119-CAT-014,2025,Q1,February,DEP-005,CC-119,CAT-014,25176.32,Project,REG-03
BUD-202502-DEP-005-CC-112-CAT-005,2025,Q1,February,DEP-005,CC-112,CAT-005,27704.83,Capital,REG-07
BUD-202502-DEP-005-CC-110-CAT-007,2025,Q1,February,DEP-005,CC-110,CAT-007,19986.13,Departmental,REG-07
BUD-202502-DEP-005-CC-110-CAT-015,2025,Q1,February,DEP-005,CC-110,CAT-015,31049.66,Operating,REG-08
BUD-202502-DEP-005-CC-102-CAT-008,2025,Q1,February,DEP-005,CC-102,CAT-008,35868.38,Operating,REG-05
BUD-202502-DEP-005-CC-112-CAT-007,2025,Q1,February,DEP-005,CC-112,CAT-007,18612.65,Operating,REG-07
BUD-202502-DEP-005-CC-114-CAT-007,2025,Q1,February,DEP-005,CC-114,CAT-007,17943.96,Project,REG-06
BUD-202502-DEP-005-CC-104-CAT-002,2025,Q1,February,DEP-005,CC-104,CAT-002,20091.16,Operating,REG-05
BUD-202502-DEP-005-CC-116-CAT-004,2025,Q1,February,DEP-005,CC-116,CAT-004,43180.01,Operating,REG-02
BUD-202502-DEP-005-CC-106-CAT-014,2025,Q1,February,DEP-005,CC-106,CAT-014,29406.92,Capital,REG-06
BUD-202502-DEP-005-CC-106-CAT-003,2025,Q1,February,DEP-005,CC-106,CAT-003,30170.43,Operating,REG-06
BUD-202502-DEP-005-CC-117-CAT-005,2025,Q1,February,DEP-005,CC-117,CAT-005,23241.31,Capital,REG-08
BUD-202502-DEP-005-CC-109-CAT-006,2025,Q1,February,DEP-005,CC-109,CAT-006,30338.06,Operating,REG-05
BUD-202502-DEP-005-CC-111-CAT-002,2025,Q1,February,DEP-005,CC-111,CAT-002,22205.37,Capital,REG-02
BUD-202502-DEP-005-CC-108-CAT-002,2025,Q1,February,DEP-005,CC-108,CAT-002,20889.31,Operating,REG-05
BUD-202502-DEP-005-CC-109-CAT-012,2025,Q1,February,DEP-005,CC-109,CAT-012,24421.56,Departmental,REG-06
BUD-202502-DEP-005-CC-117-CAT-006,2025,Q1,February,DEP-005,CC-117,CAT-006,34576.78,Operating,REG-07
BUD-202502-DEP-005-CC-111-CAT-001,2025,Q1,February,DEP-005,CC-111,CAT-001,36391.61,Departmental,REG-06
BUD-202502-DEP-005-CC-102-CAT-008,2025,Q1,February,DEP-005,CC-102,CAT-008,39824.52,Capital,REG-08
BUD-202502-DEP-005-CC-113-CAT-012,2025,Q1,February,DEP-005,CC-113,CAT-012,20598.03,Operating,REG-01
BUD-202502-DEP-005-CC-104-CAT-011,2025,Q1,February,DEP-005,CC-104,CAT-011,29470.42,Project,REG-06
BUD-202502-DEP-006-CC-101-CAT-004,2025,Q1,February,DEP-006,CC-101,CAT-004,26181.64,Operating,REG-08
BUD-202502-DEP-006-CC-110-CAT-015,2025,Q1,February,DEP-006,CC-110,CAT-015,21859.2,Capital,REG-08
BUD-202502-DEP-006-CC-102-CAT-006,2025,Q1,February,DEP-006,CC-102,CAT-006,23477.91,Project,REG-05
BUD-202502-DEP-006-CC-113-CAT-008,2025,Q1,February,DEP-006,CC-113,CAT-008,23331.86,Operating,REG-06
BUD-202502-DEP-006-CC-106-CAT-009,2025,Q1,February,DEP-006,CC-106,CAT-009,16368.13,Operating,REG-05
BUD-202502-DEP-006-CC-101-CAT-012,2025,Q1,February,DEP-006,CC-101,CAT-012,15979.45,Capital,REG-03
BUD-202502-DEP-006-CC-112-CAT-009,2025,Q1,February,DEP-006,CC-112,CAT-009,19543.61,Capital,REG-05
BUD-202502-DEP-006-CC-113-CAT-013,2025,Q1,February,DEP-006,CC-113,CAT-013,24939.54,Operating,REG-03
BUD-202502-DEP-006-CC-115-CAT-012,2025,Q1,February,DEP-006,CC-115,CAT-012,16002.04,Operating,REG-03
BUD-202502-DEP-006-CC-119-CAT-011,2025,Q1,February,DEP-006,CC-119,CAT-011,22863.71,Capital,REG-06
BUD-202502-DEP-006-CC-120-CAT-014,2025,Q1,February,DEP-006,CC-120,CAT-014,20179.16,Project,REG-07
BUD-202502-DEP-006-CC-114-CAT-011,2025,Q1,February,DEP-006,CC-114,CAT-011,19599.54,Operating,REG-05
BUD-202502-DEP-006-CC-104-CAT-011,2025,Q1,February,DEP-006,CC-104,CAT-011,19090.52,Departmental,REG-02
BUD-202502-DEP-006-CC-114-CAT-004,2025,Q1,February,DEP-006,CC-114,CAT-004,30677.28,Project,REG-07
BUD-202502-DEP-006-CC-120-CAT-008,2025,Q1,February,DEP-006,CC-120,CAT-008,28264.15,Operating,REG-06
BUD-202502-DEP-006-CC-117-CAT-009,2025,Q1,February,DEP-006,CC-117,CAT-009,19971.46,Project,REG-01
BUD-202502-DEP-006-CC-108-CAT-013,2025,Q1,February,DEP-006,CC-108,CAT-013,25810.98,Departmental,REG-08
BUD-202502-DEP-006-CC-116-CAT-009,2025,Q1,February,DEP-006,CC-116,CAT-009,16898.54,Operating,REG-05
BUD-202502-DEP-006-CC-111-CAT-007,2025,Q1,February,DEP-006,CC-111,CAT-007,12523.0,Operating,REG-05
BUD-202502-DEP-006-CC-110-CAT-010,2025,Q1,February,DEP-006,CC-110,CAT-010,17942.86,Capital,REG-08
BUD-202502-DEP-006-CC-109-CAT-003,2025,Q1,February,DEP-006,CC-109,CAT-003,20403.68,Operating,REG-01
BUD-202502-DEP-006-CC-114-CAT-002,2025,Q1,February,DEP-006,CC-114,CAT-002,15509.71,Departmental,REG-08
BUD-202502-DEP-006-CC-110-CAT-010,2025,Q1,February,DEP-006,CC-110,CAT-010,17067.33,Operating,REG-01
BUD-202502-DEP-006-CC-101-CAT-001,2025,Q1,February,DEP-006,CC-101,CAT-001,26809.31,Operating,REG-04
BUD-202502-DEP-006-CC-115-CAT-001,2025,Q1,February,DEP-006,CC-115,CAT-001,23149.14,Operating,REG-03
BUD-202502-DEP-006-CC-115-CAT-004,2025,Q1,February,DEP-006,CC-115,CAT-004,31170.46,Operating,REG-08
BUD-202502-DEP-006-CC-118-CAT-013,2025,Q1,February,DEP-006,CC-118,CAT-013,23849.25,Operating,REG-05
BUD-202502-DEP-006-CC-117-CAT-003,2025,Q1,February,DEP-006,CC-117,CAT-003,19670.86,Operating,REG-03
BUD-202502-DEP-006-CC-106-CAT-004,2025,Q1,February,DEP-006,CC-106,CAT-004,29691.51,Departmental,REG-02
BUD-202502-DEP-006-CC-102-CAT-008,2025,Q1,February,DEP-006,CC-102,CAT-008,23577.65,Operating,REG-02
BUD-202502-DEP-006-CC-120-CAT-008,2025,Q1,February,DEP-006,CC-120,CAT-008,28069.55,Capital,REG-06
BUD-202502-DEP-006-CC-116-CAT-002,2025,Q1,February,DEP-006,CC-116,CAT-002,14204.0,Departmental,REG-04
BUD-202502-DEP-006-CC-111-CAT-002,2025,Q1,February,DEP-006,CC-111,CAT-002,15105.53,Operating,REG-04
BUD-202502-DEP-006-CC-119-CAT-007,2025,Q1,February,DEP-006,CC-119,CAT-007,12559.47,Departmental,REG-01
BUD-202502-DEP-006-CC-109-CAT-015,2025,Q1,February,DEP-006,CC-109,CAT-015,23155.03,Capital,REG-05
BUD-202502-DEP-007-CC-109-CAT-007,2025,Q1,February,DEP-007,CC-109,CAT-007,20735.58,Project,REG-01
BUD-202502-DEP-007-CC-111-CAT-001,2025,Q1,February,DEP-007,CC-111,CAT-001,43789.24,Operating,REG-04
BUD-202502-DEP-007-CC-106-CAT-011,2025,Q1,February,DEP-007,CC-106,CAT-011,37107.8,Capital,REG-04
BUD-202502-DEP-007-CC-117-CAT-011,2025,Q1,February,DEP-007,CC-117,CAT-011,34140.32,Departmental,REG-05
BUD-202502-DEP-007-CC-115-CAT-012,2025,Q1,February,DEP-007,CC-115,CAT-012,28109.94,Operating,REG-03
BUD-202502-DEP-007-CC-108-CAT-014,2025,Q1,February,DEP-007,CC-108,CAT-014,36522.95,Operating,REG-08
BUD-202502-DEP-007-CC-104-CAT-012,2025,Q1,February,DEP-007,CC-104,CAT-012,27286.09,Operating,REG-07
BUD-202502-DEP-007-CC-104-CAT-010,2025,Q1,February,DEP-007,CC-104,CAT-010,27236.1,Departmental,REG-03
BUD-202502-DEP-007-CC-117-CAT-013,2025,Q1,February,DEP-007,CC-117,CAT-013,38872.28,Capital,REG-08
BUD-202502-DEP-007-CC-105-CAT-002,2025,Q1,February,DEP-007,CC-105,CAT-002,24823.13,Operating,REG-07
BUD-202502-DEP-007-CC-113-CAT-008,2025,Q1,February,DEP-007,CC-113,CAT-008,47103.48,Operating,REG-01
BUD-202502-DEP-007-CC-120-CAT-013,2025,Q1,February,DEP-007,CC-120,CAT-013,36228.01,Capital,REG-06
BUD-202502-DEP-007-CC-115-CAT-011,2025,Q1,February,DEP-007,CC-115,CAT-011,34683.93,Operating,REG-01
BUD-202502-DEP-007-CC-116-CAT-009,2025,Q1,February,DEP-007,CC-116,CAT-009,29173.44,Operating,REG-01
BUD-202502-DEP-007-CC-113-CAT-007,2025,Q1,February,DEP-007,CC-113,CAT-007,23091.03,Operating,REG-03
BUD-202502-DEP-007-CC-109-CAT-004,2025,Q1,February,DEP-007,CC-109,CAT-004,47043.86,Project,REG-05
BUD-202502-DEP-007-CC-114-CAT-014,2025,Q1,February,DEP-007,CC-114,CAT-014,33160.34,Operating,REG-07
BUD-202502-DEP-007-CC-119-CAT-008,2025,Q1,February,DEP-007,CC-119,CAT-008,47098.97,Operating,REG-08
BUD-202502-DEP-007-CC-112-CAT-008,2025,Q1,February,DEP-007,CC-112,CAT-008,43526.75,Capital,REG-08
BUD-202502-DEP-007-CC-114-CAT-009,2025,Q1,February,DEP-007,CC-114,CAT-009,27762.66,Operating,REG-08
BUD-202502-DEP-007-CC-112-CAT-006,2025,Q1,February,DEP-007,CC-112,CAT-006,34357.43,Operating,REG-03
BUD-202502-DEP-007-CC-103-CAT-003,2025,Q1,February,DEP-007,CC-103,CAT-003,37924.44,Operating,REG-04
BUD-202502-DEP-007-CC-118-CAT-015,2025,Q1,February,DEP-007,CC-118,CAT-015,36177.26,Project,REG-02
BUD-202502-DEP-007-CC-108-CAT-007,2025,Q1,February,DEP-007,CC-108,CAT-007,22492.02,Departmental,REG-05
BUD-202502-DEP-007-CC-112-CAT-004,2025,Q1,February,DEP-007,CC-112,CAT-004,48884.06,Operating,REG-07
BUD-202502-DEP-007-CC-102-CAT-012,2025,Q1,February,DEP-007,CC-102,CAT-012,27246.02,Operating,REG-07
BUD-202502-DEP-007-CC-105-CAT-011,2025,Q1,February,DEP-007,CC-105,CAT-011,37880.74,Operating,REG-01
BUD-202502-DEP-007-CC-104-CAT-012,2025,Q1,February,DEP-007,CC-104,CAT-012,23608.53,Departmental,REG-03
BUD-202502-DEP-007-CC-104-CAT-007,2025,Q1,February,DEP-007,CC-104,CAT-007,19298.77,Departmental,REG-06
BUD-202502-DEP-007-CC-114-CAT-006,2025,Q1,February,DEP-007,CC-114,CAT-006,38861.62,Operating,REG-06
BUD-202502-DEP-007-CC-116-CAT-014,2025,Q1,February,DEP-007,CC-116,CAT-014,30709.54,Capital,REG-06
BUD-202502-DEP-007-CC-105-CAT-004,2025,Q1,February,DEP-007,CC-105,CAT-004,48916.83,Project,REG-03
BUD-202502-DEP-007-CC-107-CAT-009,2025,Q1,February,DEP-007,CC-107,CAT-009,33079.74,Project,REG-08
BUD-202502-DEP-007-CC-120-CAT-007,2025,Q1,February,DEP-007,CC-120,CAT-007,21884.88,Operating,REG-06
BUD-202502-DEP-007-CC-115-CAT-001,2025,Q1,February,DEP-007,CC-115,CAT-001,43039.81,Operating,REG-06
BUD-202502-DEP-007-CC-108-CAT-013,2025,Q1,February,DEP-007,CC-108,CAT-013,43953.96,Operating,REG-03
BUD-202502-DEP-007-CC-106-CAT-008,2025,Q1,February,DEP-007,CC-106,CAT-008,50086.5,Departmental,REG-06
BUD-202502-DEP-007-CC-113-CAT-011,2025,Q1,February,DEP-007,CC-113,CAT-011,38026.56,Project,REG-07
BUD-202502-DEP-007-CC-104-CAT-012,2025,Q1,February,DEP-007,CC-104,CAT-012,27363.85,Operating,REG-07
BUD-202502-DEP-007-CC-102-CAT-002,2025,Q1,February,DEP-007,CC-102,CAT-002,22875.68,Operating,REG-06
BUD-202502-DEP-007-CC-111-CAT-007,2025,Q1,February,DEP-007,CC-111,CAT-007,23254.25,Operating,REG-07
BUD-202502-DEP-008-CC-107-CAT-009,2025,Q1,February,DEP-008,CC-107,CAT-009,20874.26,Operating,REG-08
BUD-202502-DEP-008-CC-112-CAT-015,2025,Q1,February,DEP-008,CC-112,CAT-015,25972.25,Project,REG-06
BUD-202502-DEP-008-CC-110-CAT-005,2025,Q1,February,DEP-008,CC-110,CAT-005,19604.41,Operating,REG-07
BUD-202502-DEP-008-CC-109-CAT-002,2025,Q1,February,DEP-008,CC-109,CAT-002,17932.2,Operating,REG-08
BUD-202502-DEP-008-CC-106-CAT-015,2025,Q1,February,DEP-008,CC-106,CAT-015,24331.57,Operating,REG-04
BUD-202502-DEP-008-CC-108-CAT-006,2025,Q1,February,DEP-008,CC-108,CAT-006,25542.5,Operating,REG-05
BUD-202502-DEP-008-CC-107-CAT-007,2025,Q1,February,DEP-008,CC-107,CAT-007,15485.18,Capital,REG-02
BUD-202502-DEP-008-CC-114-CAT-014,2025,Q1,February,DEP-008,CC-114,CAT-014,23590.2,Capital,REG-01
BUD-202502-DEP-008-CC-118-CAT-013,2025,Q1,February,DEP-008,CC-118,CAT-013,29626.72,Operating,REG-08
BUD-202502-DEP-008-CC-111-CAT-006,2025,Q1,February,DEP-008,CC-111,CAT-006,26924.28,Operating,REG-05
BUD-202502-DEP-008-CC-107-CAT-012,2025,Q1,February,DEP-008,CC-107,CAT-012,20324.25,Operating,REG-07
BUD-202502-DEP-008-CC-107-CAT-010,2025,Q1,February,DEP-008,CC-107,CAT-010,18250.76,Project,REG-04
BUD-202502-DEP-008-CC-101-CAT-006,2025,Q1,February,DEP-008,CC-101,CAT-006,27295.98,Operating,REG-02
BUD-202502-DEP-008-CC-102-CAT-004,2025,Q1,February,DEP-008,CC-102,CAT-004,31182.66,Operating,REG-07
BUD-202502-DEP-008-CC-103-CAT-004,2025,Q1,February,DEP-008,CC-103,CAT-004,31407.24,Operating,REG-08
BUD-202502-DEP-008-CC-105-CAT-009,2025,Q1,February,DEP-008,CC-105,CAT-009,20968.57,Operating,REG-07
BUD-202502-DEP-008-CC-118-CAT-011,2025,Q1,February,DEP-008,CC-118,CAT-011,26381.12,Departmental,REG-07
BUD-202502-DEP-008-CC-118-CAT-007,2025,Q1,February,DEP-008,CC-118,CAT-007,16365.27,Operating,REG-03
BUD-202502-DEP-008-CC-119-CAT-005,2025,Q1,February,DEP-008,CC-119,CAT-005,21352.96,Departmental,REG-08
BUD-202502-DEP-008-CC-102-CAT-004,2025,Q1,February,DEP-008,CC-102,CAT-004,38318.87,Operating,REG-03
BUD-202502-DEP-008-CC-116-CAT-004,2025,Q1,February,DEP-008,CC-116,CAT-004,34396.6,Capital,REG-01
BUD-202502-DEP-008-CC-108-CAT-009,2025,Q1,February,DEP-008,CC-108,CAT-009,24050.79,Operating,REG-05
BUD-202502-DEP-008-CC-115-CAT-014,2025,Q1,February,DEP-008,CC-115,CAT-014,24486.35,Capital,REG-06
BUD-202502-DEP-008-CC-105-CAT-001,2025,Q1,February,DEP-008,CC-105,CAT-001,26448.26,Operating,REG-03
BUD-202502-DEP-008-CC-110-CAT-012,2025,Q1,February,DEP-008,CC-110,CAT-012,17904.52,Operating,REG-08
BUD-202502-DEP-008-CC-112-CAT-007,2025,Q1,February,DEP-008,CC-112,CAT-007,14827.32,Departmental,REG-05
BUD-202502-DEP-008-CC-109-CAT-012,2025,Q1,February,DEP-008,CC-109,CAT-012,18717.56,Operating,REG-03
BUD-202502-DEP-008-CC-105-CAT-005,2025,Q1,February,DEP-008,CC-105,CAT-005,19614.87,Project,REG-08
BUD-202502-DEP-008-CC-101-CAT-009,2025,Q1,February,DEP-008,CC-101,CAT-009,22057.34,Operating,REG-08
BUD-202502-DEP-008-CC-111-CAT-008,2025,Q1,February,DEP-008,CC-111,CAT-008,30436.02,Project,REG-06
BUD-202502-DEP-008-CC-116-CAT-015,2025,Q1,February,DEP-008,CC-116,CAT-015,21973.77,Operating,REG-07
BUD-202502-DEP-008-CC-109-CAT-010,2025,Q1,February,DEP-008,CC-109,CAT-010,19313.35,Departmental,REG-04
BUD-202502-DEP-008-CC-118-CAT-009,2025,Q1,February,DEP-008,CC-118,CAT-009,20899.19,Project,REG-04
BUD-202502-DEP-008-CC-102-CAT-001,2025,Q1,February,DEP-008,CC-102,CAT-001,29523.56,Operating,REG-03
BUD-202502-DEP-008-CC-116-CAT-015,2025,Q1,February,DEP-008,CC-116,CAT-015,25899.89,Operating,REG-03
BUD-202502-DEP-009-CC-101-CAT-003,2025,Q1,February,DEP-009,CC-101,CAT-003,37775.53,Project,REG-03
BUD-202502-DEP-009-CC-112-CAT-004,2025,Q1,February,DEP-009,CC-112,CAT-004,59911.67,Departmental,REG-05
BUD-202502-DEP-009-CC-106-CAT-004,2025,Q1,February,DEP-009,CC-106,CAT-004,66325.71,Operating,REG-02
BUD-202502-DEP-009-CC-118-CAT-001,2025,Q1,February,DEP-009,CC-118,CAT-001,47571.99,Operating,REG-04
BUD-202502-DEP-009-CC-113-CAT-006,2025,Q1,February,DEP-009,CC-113,CAT-006,49489.23,Capital,REG-03
BUD-202502-DEP-009-CC-114-CAT-015,2025,Q1,February,DEP-009,CC-114,CAT-015,39637.56,Operating,REG-07
BUD-202502-DEP-009-CC-105-CAT-001,2025,Q1,February,DEP-009,CC-105,CAT-001,55157.58,Capital,REG-01
BUD-202502-DEP-009-CC-111-CAT-011,2025,Q1,February,DEP-009,CC-111,CAT-011,43044.91,Operating,REG-01
BUD-202502-DEP-009-CC-101-CAT-004,2025,Q1,February,DEP-009,CC-101,CAT-004,62558.76,Operating,REG-08
BUD-202502-DEP-009-CC-105-CAT-002,2025,Q1,February,DEP-009,CC-105,CAT-002,26408.34,Capital,REG-04
BUD-202502-DEP-009-CC-115-CAT-013,2025,Q1,February,DEP-009,CC-115,CAT-013,43017.77,Operating,REG-04
BUD-202502-DEP-009-CC-107-CAT-003,2025,Q1,February,DEP-009,CC-107,CAT-003,38615.94,Operating,REG-03
BUD-202502-DEP-009-CC-103-CAT-005,2025,Q1,February,DEP-009,CC-103,CAT-005,37285.57,Capital,REG-08
BUD-202502-DEP-009-CC-119-CAT-011,2025,Q1,February,DEP-009,CC-119,CAT-011,47470.6,Operating,REG-02
BUD-202502-DEP-009-CC-102-CAT-002,2025,Q1,February,DEP-009,CC-102,CAT-002,31655.54,Operating,REG-05
BUD-202502-DEP-009-CC-117-CAT-005,2025,Q1,February,DEP-009,CC-117,CAT-005,39178.36,Operating,REG-04
BUD-202502-DEP-009-CC-103-CAT-007,2025,Q1,February,DEP-009,CC-103,CAT-007,23070.68,Departmental,REG-03
BUD-202502-DEP-009-CC-104-CAT-002,2025,Q1,February,DEP-009,CC-104,CAT-002,29135.11,Operating,REG-04
BUD-202502-DEP-009-CC-111-CAT-004,2025,Q1,February,DEP-009,CC-111,CAT-004,64344.35,Capital,REG-05
BUD-202502-DEP-009-CC-116-CAT-001,2025,Q1,February,DEP-009,CC-116,CAT-001,54403.95,Capital,REG-07
BUD-202502-DEP-009-CC-117-CAT-009,2025,Q1,February,DEP-009,CC-117,CAT-009,37544.22,Operating,REG-04
BUD-202502-DEP-009-CC-117-CAT-015,2025,Q1,February,DEP-009,CC-117,CAT-015,47378.5,Operating,REG-01
BUD-202502-DEP-009-CC-112-CAT-008,2025,Q1,February,DEP-009,CC-112,CAT-008,53071.76,Capital,REG-03
BUD-202502-DEP-009-CC-115-CAT-013,2025,Q1,February,DEP-009,CC-115,CAT-013,52411.07,Operating,REG-06
BUD-202502-DEP-009-CC-108-CAT-008,2025,Q1,February,DEP-009,CC-108,CAT-008,53393.92,Capital,REG-06
BUD-202502-DEP-009-CC-116-CAT-006,2025,Q1,February,DEP-009,CC-116,CAT-006,43458.24,Capital,REG-01
BUD-202502-DEP-009-CC-106-CAT-011,2025,Q1,February,DEP-009,CC-106,CAT-011,39387.8,Operating,REG-02
BUD-202502-DEP-009-CC-109-CAT-007,2025,Q1,February,DEP-009,CC-109,CAT-007,23839.82,Operating,REG-04
BUD-202502-DEP-009-CC-116-CAT-013,2025,Q1,February,DEP-009,CC-116,CAT-013,52167.03,Capital,REG-06
BUD-202502-DEP-009-CC-112-CAT-011,2025,Q1,February,DEP-009,CC-112,CAT-011,44207.99,Operating,REG-05
BUD-202502-DEP-009-CC-120-CAT-006,2025,Q1,February,DEP-009,CC-120,CAT-006,43269.22,Operating,REG-03
BUD-202502-DEP-009-CC-105-CAT-012,2025,Q1,February,DEP-009,CC-105,CAT-012,29072.16,Operating,REG-04
BUD-202502-DEP-009-CC-110-CAT-003,2025,Q1,February,DEP-009,CC-110,CAT-003,39083.09,Operating,REG-07
BUD-202502-DEP-009-CC-111-CAT-013,2025,Q1,February,DEP-009,CC-111,CAT-013,52290.92,Project,REG-02
BUD-202502-DEP-009-CC-106-CAT-013,2025,Q1,February,DEP-009,CC-106,CAT-013,45255.79,Departmental,REG-01
BUD-202502-DEP-009-CC-108-CAT-012,2025,Q1,February,DEP-009,CC-108,CAT-012,30932.97,Operating,REG-06
BUD-202502-DEP-009-CC-105-CAT-015,2025,Q1,February,DEP-009,CC-105,CAT-015,45490.35,Project,REG-01
BUD-202502-DEP-009-CC-109-CAT-009,2025,Q1,February,DEP-009,CC-109,CAT-009,40468.29,Operating,REG-08
BUD-202502-DEP-009-CC-108-CAT-014,2025,Q1,February,DEP-009,CC-108,CAT-014,37172.83,Operating,REG-02
BUD-202502-DEP-009-CC-101-CAT-012,2025,Q1,February,DEP-009,CC-101,CAT-012,29195.93,Departmental,REG-04
BUD-202502-DEP-009-CC-104-CAT-014,2025,Q1,February,DEP-009,CC-104,CAT-014,36910.86,Operating,REG-06
BUD-202502-DEP-009-CC-109-CAT-007,2025,Q1,February,DEP-009,CC-109,CAT-007,25088.23,Operating,REG-02
BUD-202502-DEP-009-CC-119-CAT-007,2025,Q1,February,DEP-009,CC-119,CAT-007,27651.29,Operating,REG-06
BUD-202502-DEP-009-CC-109-CAT-012,2025,Q1,February,DEP-009,CC-109,CAT-012,31371.48,Capital,REG-08
BUD-202502-DEP-009-CC-111-CAT-014,2025,Q1,February,DEP-009,CC-111,CAT-014,37067.56,Operating,REG-05
BUD-202502-DEP-009-CC-120-CAT-013,2025,Q1,February,DEP-009,CC-120,CAT-013,44560.06,Operating,REG-05
BUD-202502-DEP-010-CC-111-CAT-012,2025,Q1,February,DEP-010,CC-111,CAT-012,21108.87,Capital,REG-07
BUD-202502-DEP-010-CC-117-CAT-013,2025,Q1,February,DEP-010,CC-117,CAT-013,32342.95,Operating,REG-06
BUD-202502-DEP-010-CC-112-CAT-005,2025,Q1,February,DEP-010,CC-112,CAT-005,23851.1,Operating,REG-01
BUD-202502-DEP-010-CC-105-CAT-004,2025,Q1,February,DEP-010,CC-105,CAT-004,37122.16,Operating,REG-01
BUD-202502-DEP-010-CC-104-CAT-012,2025,Q1,February,DEP-010,CC-104,CAT-012,19109.57,Operating,REG-02
BUD-202502-DEP-010-CC-113-CAT-009,2025,Q1,February,DEP-010,CC-113,CAT-009,26716.47,Capital,REG-07
BUD-202502-DEP-010-CC-103-CAT-006,2025,Q1,February,DEP-010,CC-103,CAT-006,29138.04,Project,REG-06
BUD-202502-DEP-010-CC-116-CAT-015,2025,Q1,February,DEP-010,CC-116,CAT-015,30493.86,Departmental,REG-02
BUD-202502-DEP-010-CC-111-CAT-012,2025,Q1,February,DEP-010,CC-111,CAT-012,22189.44,Operating,REG-04
BUD-202502-DEP-010-CC-103-CAT-013,2025,Q1,February,DEP-010,CC-103,CAT-013,29323.85,Operating,REG-03
BUD-202502-DEP-010-CC-110-CAT-014,2025,Q1,February,DEP-010,CC-110,CAT-014,24893.22,Capital,REG-01
BUD-202502-DEP-010-CC-111-CAT-013,2025,Q1,February,DEP-010,CC-111,CAT-013,32184.24,Operating,REG-07
BUD-202502-DEP-010-CC-110-CAT-004,2025,Q1,February,DEP-010,CC-110,CAT-004,42571.49,Operating,REG-06
BUD-202502-DEP-010-CC-118-CAT-012,2025,Q1,February,DEP-010,CC-118,CAT-012,18237.41,Project,REG-08
BUD-202502-DEP-010-CC-103-CAT-009,2025,Q1,February,DEP-010,CC-103,CAT-009,23754.04,Operating,REG-03
BUD-202502-DEP-010-CC-108-CAT-002,2025,Q1,February,DEP-010,CC-108,CAT-002,20261.22,Capital,REG-08
BUD-202502-DEP-010-CC-101-CAT-008,2025,Q1,February,DEP-010,CC-101,CAT-008,34730.92,Departmental,REG-07
BUD-202502-DEP-010-CC-105-CAT-005,2025,Q1,February,DEP-010,CC-105,CAT-005,24031.56,Operating,REG-03
BUD-202502-DEP-010-CC-118-CAT-004,2025,Q1,February,DEP-010,CC-118,CAT-004,41076.07,Departmental,REG-03
BUD-202502-DEP-010-CC-102-CAT-006,2025,Q1,February,DEP-010,CC-102,CAT-006,32814.1,Operating,REG-04
BUD-202502-DEP-010-CC-113-CAT-015,2025,Q1,February,DEP-010,CC-113,CAT-015,27001.71,Operating,REG-05
BUD-202502-DEP-010-CC-105-CAT-011,2025,Q1,February,DEP-010,CC-105,CAT-011,32173.53,Capital,REG-06
BUD-202502-DEP-010-CC-101-CAT-008,2025,Q1,February,DEP-010,CC-101,CAT-008,36144.21,Departmental,REG-06
BUD-202502-DEP-010-CC-117-CAT-011,2025,Q1,February,DEP-010,CC-117,CAT-011,29181.94,Operating,REG-08
BUD-202502-DEP-010-CC-102-CAT-005,2025,Q1,February,DEP-010,CC-102,CAT-005,23835.89,Capital,REG-05
BUD-202502-DEP-010-CC-116-CAT-012,2025,Q1,February,DEP-010,CC-116,CAT-012,20158.55,Capital,REG-04
BUD-202502-DEP-010-CC-109-CAT-001,2025,Q1,February,DEP-010,CC-109,CAT-001,36123.59,Operating,REG-07
BUD-202502-DEP-010-CC-114-CAT-004,2025,Q1,February,DEP-010,CC-114,CAT-004,37628.79,Departmental,REG-06
BUD-202502-DEP-010-CC-116-CAT-003,2025,Q1,February,DEP-010,CC-116,CAT-003,24870.55,Project,REG-04
BUD-202502-DEP-010-CC-112-CAT-002,2025,Q1,February,DEP-010,CC-112,CAT-002,21443.13,Capital,REG-01
BUD-202502-DEP-010-CC-110-CAT-014,2025,Q1,February,DEP-010,CC-110,CAT-014,23650.44,Operating,REG-04
BUD-202502-DEP-010-CC-120-CAT-011,2025,Q1,February,DEP-010,CC-120,CAT-011,28000.76,Project,REG-05
BUD-202502-DEP-010-CC-102-CAT-011,2025,Q1,February,DEP-010,CC-102,CAT-011,26056.52,Operating,REG-08
BUD-202502-DEP-010-CC-103-CAT-007,2025,Q1,February,DEP-010,CC-103,CAT-007,15278.2,Capital,REG-04
BUD-202502-DEP-010-CC-101-CAT-014,2025,Q1,February,DEP-010,CC-101,CAT-014,25582.95,Departmental,REG-01
BUD-202502-DEP-010-CC-115-CAT-004,2025,Q1,February,DEP-010,CC-115,CAT-004,39274.19,Capital,REG-02
BUD-202502-DEP-010-CC-111-CAT-007,2025,Q1,February,DEP-010,CC-111,CAT-007,17278.06,Departmental,REG-08
BUD-202502-DEP-010-CC-106-CAT-013,2025,Q1,February,DEP-010,CC-106,CAT-013,31296.14,Operating,REG-05
BUD-202502-DEP-010-CC-105-CAT-012,2025,Q1,February,DEP-010,CC-105,CAT-012,20240.71,Operating,REG-07
BUD-202502-DEP-010-CC-101-CAT-002,2025,Q1,February,DEP-010,CC-101,CAT-002,19013.69,Operating,REG-08
BUD-202502-DEP-010-CC-117-CAT-012,2025,Q1,February,DEP-010,CC-117,CAT-012,21897.68,Capital,REG-08
BUD-202502-DEP-010-CC-119-CAT-011,2025,Q1,February,DEP-010,CC-119,CAT-011,31957.73,Operating,REG-07
BUD-202502-DEP-010-CC-118-CAT-006,2025,Q1,February,DEP-010,CC-118,CAT-006,30694.21,Capital,REG-05
BUD-202502-DEP-010-CC-111-CAT-003,2025,Q1,February,DEP-010,CC-111,CAT-003,28442.91,Departmental,REG-04
BUD-202501-DEP-001-CC-102-CAT-003,2025,Q1,January,DEP-001,CC-102,CAT-003,29182.51,Operating,REG-07
BUD-202501-DEP-001-CC-115-CAT-008,2025,Q1,January,DEP-001,CC-115,CAT-008,43963.99,Operating,REG-07
BUD-202501-DEP-001-CC-112-CAT-007,2025,Q1,January,DEP-001,CC-112,CAT-007,19120.32,Operating,REG-02
BUD-202501-DEP-001-CC-113-CAT-015,2025,Q1,January,DEP-001,CC-113,CAT-015,30157.46,Operating,REG-08
BUD-202501-DEP-001-CC-117-CAT-015,2025,Q1,January,DEP-001,CC-117,CAT-015,28533.22,Departmental,REG-08
BUD-202501-DEP-001-CC-111-CAT-013,2025,Q1,January,DEP-001,CC-111,CAT-013,34911.25,Operating,REG-07
BUD-202501-DEP-001-CC-103-CAT-005,2025,Q1,January,DEP-001,CC-103,CAT-005,26806.79,Capital,REG-06
BUD-202501-DEP-001-CC-103-CAT-010,2025,Q1,January,DEP-001,CC-103,CAT-010,23570.66,Operating,REG-01
BUD-202501-DEP-001-CC-111-CAT-011,2025,Q1,January,DEP-001,CC-111,CAT-011,36660.46,Operating,REG-03
BUD-202501-DEP-001-CC-118-CAT-013,2025,Q1,January,DEP-001,CC-118,CAT-013,38660.66,Operating,REG-01
BUD-202501-DEP-001-CC-119-CAT-012,2025,Q1,January,DEP-001,CC-119,CAT-012,22104.38,Operating,REG-02
BUD-202501-DEP-001-CC-107-CAT-009,2025,Q1,January,DEP-001,CC-107,CAT-009,26855.89,Operating,REG-07
BUD-202501-DEP-001-CC-116-CAT-010,2025,Q1,January,DEP-001,CC-116,CAT-010,23507.13,Project,REG-04
BUD-202501-DEP-001-CC-112-CAT-015,2025,Q1,January,DEP-001,CC-112,CAT-015,34897.21,Project,REG-02
BUD-202501-DEP-001-CC-106-CAT-005,2025,Q1,January,DEP-001,CC-106,CAT-005,28334.0,Operating,REG-02
BUD-202501-DEP-001-CC-117-CAT-009,2025,Q1,January,DEP-001,CC-117,CAT-009,25929.79,Operating,REG-01
BUD-202501-DEP-001-CC-113-CAT-005,2025,Q1,January,DEP-001,CC-113,CAT-005,23319.0,Operating,REG-01
BUD-202501-DEP-001-CC-110-CAT-005,2025,Q1,January,DEP-001,CC-110,CAT-005,23355.18,Operating,REG-05
BUD-202501-DEP-001-CC-114-CAT-001,2025,Q1,January,DEP-001,CC-114,CAT-001,33773.15,Capital,REG-02
BUD-202501-DEP-001-CC-112-CAT-009,2025,Q1,January,DEP-001,CC-112,CAT-009,29119.31,Operating,REG-02
BUD-202501-DEP-001-CC-113-CAT-006,2025,Q1,January,DEP-001,CC-113,CAT-006,33312.68,Operating,REG-03
BUD-202501-DEP-001-CC-112-CAT-006,2025,Q1,January,DEP-001,CC-112,CAT-006,36881.24,Project,REG-05
BUD-202501-DEP-001-CC-105-CAT-010,2025,Q1,January,DEP-001,CC-105,CAT-010,23629.16,Operating,REG-04
BUD-202501-DEP-001-CC-115-CAT-014,2025,Q1,January,DEP-001,CC-115,CAT-014,31362.47,Capital,REG-01
BUD-202501-DEP-001-CC-112-CAT-009,2025,Q1,January,DEP-001,CC-112,CAT-009,28168.18,Project,REG-05
BUD-202501-DEP-001-CC-116-CAT-007,2025,Q1,January,DEP-001,CC-116,CAT-007,19664.56,Operating,REG-01
BUD-202501-DEP-001-CC-111-CAT-014,2025,Q1,January,DEP-001,CC-111,CAT-014,25546.21,Capital,REG-02
BUD-202501-DEP-001-CC-110-CAT-012,2025,Q1,January,DEP-001,CC-110,CAT-012,25142.12,Operating,REG-02
BUD-202501-DEP-001-CC-102-CAT-007,2025,Q1,January,DEP-001,CC-102,CAT-007,19782.49,Operating,REG-03
BUD-202501-DEP-001-CC-107-CAT-008,2025,Q1,January,DEP-001,CC-107,CAT-008,38808.79,Departmental,REG-06
BUD-202501-DEP-001-CC-107-CAT-009,2025,Q1,January,DEP-001,CC-107,CAT-009,26157.93,Operating,REG-04
BUD-202501-DEP-001-CC-115-CAT-013,2025,Q1,January,DEP-001,CC-115,CAT-013,36125.57,Capital,REG-05
BUD-202501-DEP-001-CC-118-CAT-007,2025,Q1,January,DEP-001,CC-118,CAT-007,19779.69,Operating,REG-03
BUD-202501-DEP-001-CC-106-CAT-014,2025,Q1,January,DEP-001,CC-106,CAT-014,28986.47,Operating,REG-04
BUD-202501-DEP-001-CC-102-CAT-005,2025,Q1,January,DEP-001,CC-102,CAT-005,27968.95,Project,REG-07
BUD-202501-DEP-001-CC-119-CAT-002,2025,Q1,January,DEP-001,CC-119,CAT-002,23272.15,Capital,REG-03
BUD-202501-DEP-001-CC-103-CAT-010,2025,Q1,January,DEP-001,CC-103,CAT-010,22085.87,Departmental,REG-06
BUD-202501-DEP-001-CC-111-CAT-009,2025,Q1,January,DEP-001,CC-111,CAT-009,24328.46,Departmental,REG-04
BUD-202501-DEP-001-CC-101-CAT-008,2025,Q1,January,DEP-001,CC-101,CAT-008,35631.69,Operating,REG-06
BUD-202501-DEP-001-CC-107-CAT-004,2025,Q1,January,DEP-001,CC-107,CAT-004,40747.46,Operating,REG-05
BUD-202501-DEP-001-CC-103-CAT-007,2025,Q1,January,DEP-001,CC-103,CAT-007,18153.7,Operating,REG-01
BUD-202501-DEP-002-CC-107-CAT-010,2025,Q1,January,DEP-002,CC-107,CAT-010,19013.54,Operating,REG-04
BUD-202501-DEP-002-CC-101-CAT-006,2025,Q1,January,DEP-002,CC-101,CAT-006,25042.21,Operating,REG-02
BUD-202501-DEP-002-CC-104-CAT-003,2025,Q1,January,DEP-002,CC-104,CAT-003,22218.25,Capital,REG-04
BUD-202501-DEP-002-CC-110-CAT-010,2025,Q1,January,DEP-002,CC-110,CAT-010,18164.28,Operating,REG-06
BUD-202501-DEP-002-CC-102-CAT-004,2025,Q1,January,DEP-002,CC-102,CAT-004,33894.69,Operating,REG-03
BUD-202501-DEP-002-CC-118-CAT-005,2025,Q1,January,DEP-002,CC-118,CAT-005,17215.09,Operating,REG-01
BUD-202501-DEP-002-CC-106-CAT-015,2025,Q1,January,DEP-002,CC-106,CAT-015,20789.35,Operating,REG-03
BUD-202501-DEP-002-CC-104-CAT-003,2025,Q1,January,DEP-002,CC-104,CAT-003,22947.62,Departmental,REG-01
BUD-202501-DEP-002-CC-101-CAT-007,2025,Q1,January,DEP-002,CC-101,CAT-007,13376.33,Operating,REG-04
BUD-202501-DEP-002-CC-106-CAT-004,2025,Q1,January,DEP-002,CC-106,CAT-004,34046.39,Departmental,REG-06
BUD-202501-DEP-002-CC-105-CAT-015,2025,Q1,January,DEP-002,CC-105,CAT-015,23560.91,Operating,REG-01
BUD-202501-DEP-002-CC-107-CAT-009,2025,Q1,January,DEP-002,CC-107,CAT-009,21885.99,Operating,REG-08
BUD-202501-DEP-002-CC-101-CAT-013,2025,Q1,January,DEP-002,CC-101,CAT-013,25915.11,Capital,REG-08
BUD-202501-DEP-002-CC-108-CAT-006,2025,Q1,January,DEP-002,CC-108,CAT-006,22028.88,Capital,REG-01
BUD-202501-DEP-002-CC-116-CAT-012,2025,Q1,January,DEP-002,CC-116,CAT-012,17646.07,Operating,REG-06
BUD-202501-DEP-002-CC-103-CAT-010,2025,Q1,January,DEP-002,CC-103,CAT-010,16115.65,Operating,REG-03
BUD-202501-DEP-002-CC-110-CAT-008,2025,Q1,January,DEP-002,CC-110,CAT-008,25547.94,Departmental,REG-02
BUD-202501-DEP-002-CC-111-CAT-015,2025,Q1,January,DEP-002,CC-111,CAT-015,20554.7,Operating,REG-08
BUD-202501-DEP-002-CC-113-CAT-010,2025,Q1,January,DEP-002,CC-113,CAT-010,18300.81,Project,REG-07
BUD-202501-DEP-002-CC-104-CAT-001,2025,Q1,January,DEP-002,CC-104,CAT-001,27465.86,Operating,REG-02
BUD-202501-DEP-002-CC-110-CAT-003,2025,Q1,January,DEP-002,CC-110,CAT-003,23261.09,Capital,REG-01
BUD-202501-DEP-002-CC-103-CAT-009,2025,Q1,January,DEP-002,CC-103,CAT-009,20163.77,Operating,REG-06
BUD-202501-DEP-002-CC-111-CAT-002,2025,Q1,January,DEP-002,CC-111,CAT-002,14992.78,Capital,REG-02
BUD-202501-DEP-002-CC-114-CAT-002,2025,Q1,January,DEP-002,CC-114,CAT-002,14207.83,Operating,REG-06
BUD-202501-DEP-002-CC-115-CAT-005,2025,Q1,January,DEP-002,CC-115,CAT-005,20454.97,Project,REG-05
BUD-202501-DEP-002-CC-108-CAT-012,2025,Q1,January,DEP-002,CC-108,CAT-012,14906.22,Capital,REG-05
BUD-202501-DEP-002-CC-104-CAT-015,2025,Q1,January,DEP-002,CC-104,CAT-015,19784.87,Operating,REG-05
BUD-202501-DEP-002-CC-117-CAT-001,2025,Q1,January,DEP-002,CC-117,CAT-001,26680.8,Departmental,REG-05
BUD-202501-DEP-002-CC-112-CAT-005,2025,Q1,January,DEP-002,CC-112,CAT-005,18426.56,Operating,REG-01
BUD-202501-DEP-002-CC-101-CAT-012,2025,Q1,January,DEP-002,CC-101,CAT-012,16651.92,Operating,REG-07
BUD-202501-DEP-002-CC-111-CAT-003,2025,Q1,January,DEP-002,CC-111,CAT-003,22177.74,Operating,REG-06
BUD-202501-DEP-002-CC-117-CAT-006,2025,Q1,January,DEP-002,CC-117,CAT-006,25353.43,Capital,REG-03
BUD-202501-DEP-002-CC-102-CAT-005,2025,Q1,January,DEP-002,CC-102,CAT-005,18293.82,Operating,REG-01
BUD-202501-DEP-002-CC-120-CAT-010,2025,Q1,January,DEP-002,CC-120,CAT-010,18004.14,Capital,REG-08
BUD-202501-DEP-002-CC-107-CAT-009,2025,Q1,January,DEP-002,CC-107,CAT-009,18375.37,Operating,REG-01
BUD-202501-DEP-002-CC-114-CAT-013,2025,Q1,January,DEP-002,CC-114,CAT-013,22691.84,Operating,REG-03
BUD-202501-DEP-002-CC-108-CAT-007,2025,Q1,January,DEP-002,CC-108,CAT-007,13265.8,Project,REG-04
BUD-202501-DEP-002-CC-102-CAT-002,2025,Q1,January,DEP-002,CC-102,CAT-002,14774.96,Operating,REG-05
BUD-202501-DEP-002-CC-114-CAT-011,2025,Q1,January,DEP-002,CC-114,CAT-011,23094.45,Operating,REG-03
BUD-202501-DEP-002-CC-109-CAT-005,2025,Q1,January,DEP-002,CC-109,CAT-005,18098.68,Capital,REG-08
BUD-202501-DEP-002-CC-110-CAT-005,2025,Q1,January,DEP-002,CC-110,CAT-005,18476.56,Project,REG-08
BUD-202501-DEP-003-CC-116-CAT-002,2025,Q1,January,DEP-003,CC-116,CAT-002,23897.48,Operating,REG-06
BUD-202501-DEP-003-CC-120-CAT-003,2025,Q1,January,DEP-003,CC-120,CAT-003,37085.9,Operating,REG-01
BUD-202501-DEP-003-CC-117-CAT-015,2025,Q1,January,DEP-003,CC-117,CAT-015,40832.12,Operating,REG-05
BUD-202501-DEP-003-CC-120-CAT-002,2025,Q1,January,DEP-003,CC-120,CAT-002,26525.0,Operating,REG-04
BUD-202501-DEP-003-CC-120-CAT-004,2025,Q1,January,DEP-003,CC-120,CAT-004,45972.39,Operating,REG-02
BUD-202501-DEP-003-CC-104-CAT-001,2025,Q1,January,DEP-003,CC-104,CAT-001,38696.13,Operating,REG-07
BUD-202501-DEP-003-CC-101-CAT-009,2025,Q1,January,DEP-003,CC-101,CAT-009,31807.47,Departmental,REG-04
BUD-202501-DEP-003-CC-109-CAT-015,2025,Q1,January,DEP-003,CC-109,CAT-015,38451.18,Project,REG-06
BUD-202501-DEP-003-CC-104-CAT-009,2025,Q1,January,DEP-003,CC-104,CAT-009,31078.42,Operating,REG-05
BUD-202501-DEP-003-CC-104-CAT-015,2025,Q1,January,DEP-003,CC-104,CAT-015,37354.47,Operating,REG-08
BUD-202501-DEP-003-CC-101-CAT-006,2025,Q1,January,DEP-003,CC-101,CAT-006,40919.26,Project,REG-06
BUD-202501-DEP-003-CC-108-CAT-008,2025,Q1,January,DEP-003,CC-108,CAT-008,48026.2,Project,REG-08
BUD-202501-DEP-003-CC-114-CAT-014,2025,Q1,January,DEP-003,CC-114,CAT-014,29882.85,Capital,REG-07
BUD-202501-DEP-003-CC-117-CAT-009,2025,Q1,January,DEP-003,CC-117,CAT-009,29139.77,Operating,REG-05
BUD-202501-DEP-003-CC-109-CAT-007,2025,Q1,January,DEP-003,CC-109,CAT-007,20358.01,Operating,REG-08
BUD-202501-DEP-003-CC-110-CAT-001,2025,Q1,January,DEP-003,CC-110,CAT-001,44170.74,Project,REG-02
BUD-202501-DEP-003-CC-104-CAT-006,2025,Q1,January,DEP-003,CC-104,CAT-006,36933.42,Capital,REG-04
BUD-202501-DEP-003-CC-104-CAT-008,2025,Q1,January,DEP-003,CC-104,CAT-008,50608.02,Operating,REG-08
BUD-202501-DEP-003-CC-118-CAT-013,2025,Q1,January,DEP-003,CC-118,CAT-013,46341.02,Operating,REG-01
BUD-202501-DEP-003-CC-110-CAT-006,2025,Q1,January,DEP-003,CC-110,CAT-006,40957.62,Operating,REG-04
BUD-202501-DEP-003-CC-101-CAT-002,2025,Q1,January,DEP-003,CC-101,CAT-002,27846.75,Departmental,REG-08
BUD-202501-DEP-003-CC-105-CAT-004,2025,Q1,January,DEP-003,CC-105,CAT-004,53218.14,Operating,REG-07
BUD-202501-DEP-003-CC-103-CAT-003,2025,Q1,January,DEP-003,CC-103,CAT-003,34980.45,Project,REG-06
BUD-202501-DEP-003-CC-118-CAT-002,2025,Q1,January,DEP-003,CC-118,CAT-002,25852.45,Project,REG-05
BUD-202501-DEP-003-CC-119-CAT-010,2025,Q1,January,DEP-003,CC-119,CAT-010,28197.37,Operating,REG-07
BUD-202501-DEP-003-CC-108-CAT-006,2025,Q1,January,DEP-003,CC-108,CAT-006,38225.68,Operating,REG-03
BUD-202501-DEP-003-CC-104-CAT-010,2025,Q1,January,DEP-003,CC-104,CAT-010,28040.4,Operating,REG-08
BUD-202501-DEP-003-CC-109-CAT-014,2025,Q1,January,DEP-003,CC-109,CAT-014,34527.6,Project,REG-03
BUD-202501-DEP-003-CC-110-CAT-008,2025,Q1,January,DEP-003,CC-110,CAT-008,51332.7,Operating,REG-02
BUD-202501-DEP-003-CC-120-CAT-006,2025,Q1,January,DEP-003,CC-120,CAT-006,35791.96,Departmental,REG-02
BUD-202501-DEP-003-CC-114-CAT-011,2025,Q1,January,DEP-003,CC-114,CAT-011,42200.44,Operating,REG-01
BUD-202501-DEP-003-CC-106-CAT-007,2025,Q1,January,DEP-003,CC-106,CAT-007,21113.16,Operating,REG-05
BUD-202501-DEP-003-CC-111-CAT-008,2025,Q1,January,DEP-003,CC-111,CAT-008,44069.36,Capital,REG-06
BUD-202501-DEP-003-CC-115-CAT-008,2025,Q1,January,DEP-003,CC-115,CAT-008,42184.08,Capital,REG-07
BUD-202501-DEP-003-CC-106-CAT-013,2025,Q1,January,DEP-003,CC-106,CAT-013,39314.44,Project,REG-02
BUD-202501-DEP-003-CC-112-CAT-008,2025,Q1,January,DEP-003,CC-112,CAT-008,45408.64,Operating,REG-07
BUD-202501-DEP-003-CC-119-CAT-015,2025,Q1,January,DEP-003,CC-119,CAT-015,39303.99,Capital,REG-04
BUD-202501-DEP-003-CC-111-CAT-007,2025,Q1,January,DEP-003,CC-111,CAT-007,19986.85,Departmental,REG-03
BUD-202501-DEP-003-CC-107-CAT-010,2025,Q1,January,DEP-003,CC-107,CAT-010,31811.12,Project,REG-02
BUD-202501-DEP-003-CC-109-CAT-015,2025,Q1,January,DEP-003,CC-109,CAT-015,40394.56,Project,REG-04
BUD-202501-DEP-003-CC-108-CAT-006,2025,Q1,January,DEP-003,CC-108,CAT-006,42796.84,Operating,REG-04
BUD-202501-DEP-003-CC-110-CAT-011,2025,Q1,January,DEP-003,CC-110,CAT-011,39754.72,Operating,REG-02
BUD-202501-DEP-003-CC-119-CAT-006,2025,Q1,January,DEP-003,CC-119,CAT-006,37035.3,Operating,REG-01
BUD-202501-DEP-003-CC-107-CAT-001,2025,Q1,January,DEP-003,CC-107,CAT-001,38817.83,Operating,REG-04
BUD-202501-DEP-003-CC-102-CAT-010,2025,Q1,January,DEP-003,CC-102,CAT-010,29929.96,Project,REG-05
BUD-202501-DEP-003-CC-109-CAT-003,2025,Q1,January,DEP-003,CC-109,CAT-003,32962.62,Operating,REG-01
BUD-202501-DEP-003-CC-117-CAT-007,2025,Q1,January,DEP-003,CC-117,CAT-007,25234.86,Departmental,REG-01
BUD-202501-DEP-004-CC-103-CAT-004,2025,Q1,January,DEP-004,CC-103,CAT-004,37409.93,Operating,REG-04
BUD-202501-DEP-004-CC-112-CAT-001,2025,Q1,January,DEP-004,CC-112,CAT-001,30329.44,Project,REG-01
BUD-202501-DEP-004-CC-117-CAT-010,2025,Q1,January,DEP-004,CC-117,CAT-010,17450.81,Operating,REG-01
BUD-202501-DEP-004-CC-101-CAT-013,2025,Q1,January,DEP-004,CC-101,CAT-013,25601.78,Operating,REG-01
BUD-202501-DEP-004-CC-102-CAT-011,2025,Q1,January,DEP-004,CC-102,CAT-011,26815.07,Departmental,REG-01
BUD-202501-DEP-004-CC-106-CAT-006,2025,Q1,January,DEP-004,CC-106,CAT-006,25313.58,Departmental,REG-06
BUD-202501-DEP-004-CC-107-CAT-013,2025,Q1,January,DEP-004,CC-107,CAT-013,25310.03,Project,REG-02
BUD-202501-DEP-004-CC-114-CAT-008,2025,Q1,January,DEP-004,CC-114,CAT-008,31910.04,Operating,REG-03
BUD-202501-DEP-004-CC-105-CAT-011,2025,Q1,January,DEP-004,CC-105,CAT-011,25008.24,Project,REG-05
BUD-202501-DEP-004-CC-101-CAT-004,2025,Q1,January,DEP-004,CC-101,CAT-004,36235.89,Operating,REG-03
BUD-202501-DEP-004-CC-118-CAT-003,2025,Q1,January,DEP-004,CC-118,CAT-003,22843.82,Operating,REG-06
BUD-202501-DEP-004-CC-103-CAT-012,2025,Q1,January,DEP-004,CC-103,CAT-012,20645.4,Operating,REG-03
BUD-202501-DEP-004-CC-103-CAT-001,2025,Q1,January,DEP-004,CC-103,CAT-001,30025.02,Departmental,REG-08
BUD-202501-DEP-004-CC-116-CAT-004,2025,Q1,January,DEP-004,CC-116,CAT-004,30858.04,Capital,REG-05
BUD-202501-DEP-004-CC-102-CAT-001,2025,Q1,January,DEP-004,CC-102,CAT-001,29371.75,Project,REG-01
BUD-202501-DEP-004-CC-120-CAT-007,2025,Q1,January,DEP-004,CC-120,CAT-007,14686.25,Operating,REG-01
BUD-202501-DEP-004-CC-103-CAT-012,2025,Q1,January,DEP-004,CC-103,CAT-012,18829.73,Operating,REG-08
BUD-202501-DEP-004-CC-104-CAT-015,2025,Q1,January,DEP-004,CC-104,CAT-015,24104.26,Operating,REG-04
BUD-202501-DEP-004-CC-116-CAT-007,2025,Q1,January,DEP-004,CC-116,CAT-007,16048.01,Project,REG-03
BUD-202501-DEP-004-CC-112-CAT-001,2025,Q1,January,DEP-004,CC-112,CAT-001,26009.67,Capital,REG-05
BUD-202501-DEP-004-CC-102-CAT-014,2025,Q1,January,DEP-004,CC-102,CAT-014,22488.57,Departmental,REG-08
BUD-202501-DEP-004-CC-113-CAT-013,2025,Q1,January,DEP-004,CC-113,CAT-013,29033.33,Operating,REG-03
BUD-202501-DEP-004-CC-118-CAT-013,2025,Q1,January,DEP-004,CC-118,CAT-013,28554.04,Operating,REG-08
BUD-202501-DEP-004-CC-104-CAT-015,2025,Q1,January,DEP-004,CC-104,CAT-015,23321.39,Operating,REG-06
BUD-202501-DEP-004-CC-113-CAT-008,2025,Q1,January,DEP-004,CC-113,CAT-008,35255.09,Operating,REG-06
BUD-202501-DEP-004-CC-118-CAT-007,2025,Q1,January,DEP-004,CC-118,CAT-007,14808.63,Operating,REG-04
BUD-202501-DEP-004-CC-112-CAT-002,2025,Q1,January,DEP-004,CC-112,CAT-002,17392.97,Project,REG-07
BUD-202501-DEP-004-CC-110-CAT-001,2025,Q1,January,DEP-004,CC-110,CAT-001,31051.62,Operating,REG-01
BUD-202501-DEP-004-CC-114-CAT-003,2025,Q1,January,DEP-004,CC-114,CAT-003,25107.34,Project,REG-04
BUD-202501-DEP-004-CC-118-CAT-002,2025,Q1,January,DEP-004,CC-118,CAT-002,15472.47,Operating,REG-04
BUD-202501-DEP-004-CC-118-CAT-014,2025,Q1,January,DEP-004,CC-118,CAT-014,25629.79,Operating,REG-07
BUD-202501-DEP-004-CC-112-CAT-004,2025,Q1,January,DEP-004,CC-112,CAT-004,32179.83,Capital,REG-06
BUD-202501-DEP-004-CC-102-CAT-001,2025,Q1,January,DEP-004,CC-102,CAT-001,27833.4,Operating,REG-02
BUD-202501-DEP-004-CC-101-CAT-011,2025,Q1,January,DEP-004,CC-101,CAT-011,27348.63,Project,REG-05
BUD-202501-DEP-004-CC-101-CAT-014,2025,Q1,January,DEP-004,CC-101,CAT-014,24716.09,Departmental,REG-06
BUD-202501-DEP-004-CC-112-CAT-006,2025,Q1,January,DEP-004,CC-112,CAT-006,25564.96,Project,REG-05
BUD-202501-DEP-004-CC-106-CAT-011,2025,Q1,January,DEP-004,CC-106,CAT-011,24675.37,Project,REG-08
BUD-202501-DEP-004-CC-107-CAT-006,2025,Q1,January,DEP-004,CC-107,CAT-006,29775.29,Operating,REG-08
BUD-202501-DEP-004-CC-119-CAT-006,2025,Q1,January,DEP-004,CC-119,CAT-006,26810.36,Operating,REG-03
BUD-202501-DEP-004-CC-116-CAT-009,2025,Q1,January,DEP-004,CC-116,CAT-009,23333.08,Operating,REG-01
BUD-202501-DEP-004-CC-108-CAT-008,2025,Q1,January,DEP-004,CC-108,CAT-008,30076.42,Capital,REG-08
BUD-202501-DEP-004-CC-112-CAT-001,2025,Q1,January,DEP-004,CC-112,CAT-001,30544.41,Operating,REG-05
BUD-202501-DEP-004-CC-118-CAT-015,2025,Q1,January,DEP-004,CC-118,CAT-015,23691.34,Capital,REG-07
BUD-202501-DEP-004-CC-112-CAT-012,2025,Q1,January,DEP-004,CC-112,CAT-012,19668.68,Departmental,REG-02
BUD-202501-DEP-005-CC-114-CAT-005,2025,Q1,January,DEP-005,CC-114,CAT-005,25270.95,Operating,REG-03
BUD-202501-DEP-005-CC-116-CAT-003,2025,Q1,January,DEP-005,CC-116,CAT-003,30622.98,Operating,REG-05
BUD-202501-DEP-005-CC-104-CAT-015,2025,Q1,January,DEP-005,CC-104,CAT-015,27395.82,Operating,REG-05
BUD-202501-DEP-005-CC-107-CAT-004,2025,Q1,January,DEP-005,CC-107,CAT-004,40947.96,Operating,REG-05
BUD-202501-DEP-005-CC-111-CAT-002,2025,Q1,January,DEP-005,CC-111,CAT-002,18071.89,Operating,REG-03
BUD-202501-DEP-005-CC-105-CAT-008,2025,Q1,January,DEP-005,CC-105,CAT-008,36670.35,Operating,REG-04
BUD-202501-DEP-005-CC-105-CAT-003,2025,Q1,January,DEP-005,CC-105,CAT-003,29363.73,Capital,REG-02
BUD-202501-DEP-005-CC-109-CAT-005,2025,Q1,January,DEP-005,CC-109,CAT-005,24653.25,Operating,REG-02
BUD-202501-DEP-005-CC-112-CAT-008,2025,Q1,January,DEP-005,CC-112,CAT-008,37951.06,Departmental,REG-03
BUD-202501-DEP-005-CC-105-CAT-009,2025,Q1,January,DEP-005,CC-105,CAT-009,23494.96,Departmental,REG-02
BUD-202501-DEP-005-CC-120-CAT-003,2025,Q1,January,DEP-005,CC-120,CAT-003,29685.82,Operating,REG-08
BUD-202501-DEP-005-CC-108-CAT-003,2025,Q1,January,DEP-005,CC-108,CAT-003,30280.84,Capital,REG-04
BUD-202501-DEP-005-CC-115-CAT-014,2025,Q1,January,DEP-005,CC-115,CAT-014,23584.59,Operating,REG-07
BUD-202501-DEP-005-CC-113-CAT-011,2025,Q1,January,DEP-005,CC-113,CAT-011,29718.81,Operating,REG-03
BUD-202501-DEP-005-CC-117-CAT-001,2025,Q1,January,DEP-005,CC-117,CAT-001,36127.56,Project,REG-07
BUD-202501-DEP-005-CC-117-CAT-001,2025,Q1,January,DEP-005,CC-117,CAT-001,30587.16,Operating,REG-08
BUD-202501-DEP-005-CC-118-CAT-011,2025,Q1,January,DEP-005,CC-118,CAT-011,28590.36,Project,REG-06
BUD-202501-DEP-005-CC-103-CAT-003,2025,Q1,January,DEP-005,CC-103,CAT-003,29971.63,Departmental,REG-07
BUD-202501-DEP-005-CC-116-CAT-014,2025,Q1,January,DEP-005,CC-116,CAT-014,28547.57,Operating,REG-04
BUD-202501-DEP-005-CC-118-CAT-007,2025,Q1,January,DEP-005,CC-118,CAT-007,18433.43,Operating,REG-03
BUD-202501-DEP-005-CC-107-CAT-013,2025,Q1,January,DEP-005,CC-107,CAT-013,29530.7,Project,REG-07
BUD-202501-DEP-005-CC-112-CAT-014,2025,Q1,January,DEP-005,CC-112,CAT-014,24984.44,Operating,REG-08
BUD-202501-DEP-005-CC-115-CAT-011,2025,Q1,January,DEP-005,CC-115,CAT-011,30943.87,Operating,REG-04
BUD-202501-DEP-005-CC-116-CAT-015,2025,Q1,January,DEP-005,CC-116,CAT-015,27018.18,Project,REG-06
BUD-202501-DEP-005-CC-115-CAT-014,2025,Q1,January,DEP-005,CC-115,CAT-014,28554.55,Capital,REG-01
BUD-202501-DEP-005-CC-116-CAT-005,2025,Q1,January,DEP-005,CC-116,CAT-005,23860.65,Project,REG-03
BUD-202501-DEP-005-CC-119-CAT-013,2025,Q1,January,DEP-005,CC-119,CAT-013,33514.56,Project,REG-06
BUD-202501-DEP-005-CC-118-CAT-009,2025,Q1,January,DEP-005,CC-118,CAT-009,24727.52,Operating,REG-05
BUD-202501-DEP-005-CC-104-CAT-009,2025,Q1,January,DEP-005,CC-104,CAT-009,24969.56,Operating,REG-01
BUD-202501-DEP-005-CC-109-CAT-008,2025,Q1,January,DEP-005,CC-109,CAT-008,38089.88,Operating,REG-08
BUD-202501-DEP-005-CC-104-CAT-001,2025,Q1,January,DEP-005,CC-104,CAT-001,31287.18,Operating,REG-07
BUD-202501-DEP-005-CC-111-CAT-011,2025,Q1,January,DEP-005,CC-111,CAT-011,30379.76,Project,REG-01
BUD-202501-DEP-005-CC-116-CAT-013,2025,Q1,January,DEP-005,CC-116,CAT-013,32423.63,Departmental,REG-04
BUD-202501-DEP-005-CC-107-CAT-006,2025,Q1,January,DEP-005,CC-107,CAT-006,28178.74,Operating,REG-08
BUD-202501-DEP-005-CC-104-CAT-011,2025,Q1,January,DEP-005,CC-104,CAT-011,33490.99,Operating,REG-03
BUD-202501-DEP-005-CC-111-CAT-004,2025,Q1,January,DEP-005,CC-111,CAT-004,36430.34,Operating,REG-02
BUD-202501-DEP-005-CC-102-CAT-002,2025,Q1,January,DEP-005,CC-102,CAT-002,20153.15,Capital,REG-04
BUD-202501-DEP-005-CC-115-CAT-010,2025,Q1,January,DEP-005,CC-115,CAT-010,22602.89,Operating,REG-05
BUD-202501-DEP-005-CC-108-CAT-012,2025,Q1,January,DEP-005,CC-108,CAT-012,21059.02,Operating,REG-03
BUD-202501-DEP-005-CC-106-CAT-011,2025,Q1,January,DEP-005,CC-106,CAT-011,28872.6,Project,REG-02
BUD-202501-DEP-005-CC-112-CAT-008,2025,Q1,January,DEP-005,CC-112,CAT-008,33975.53,Departmental,REG-07
BUD-202501-DEP-005-CC-120-CAT-005,2025,Q1,January,DEP-005,CC-120,CAT-005,23774.26,Operating,REG-06
BUD-202501-DEP-005-CC-107-CAT-009,2025,Q1,January,DEP-005,CC-107,CAT-009,23615.2,Operating,REG-06
BUD-202501-DEP-005-CC-108-CAT-014,2025,Q1,January,DEP-005,CC-108,CAT-014,23588.61,Capital,REG-02
BUD-202501-DEP-006-CC-112-CAT-003,2025,Q1,January,DEP-006,CC-112,CAT-003,18569.29,Project,REG-02
BUD-202501-DEP-006-CC-102-CAT-008,2025,Q1,January,DEP-006,CC-102,CAT-008,25802.74,Operating,REG-03
BUD-202501-DEP-006-CC-101-CAT-005,2025,Q1,January,DEP-006,CC-101,CAT-005,14607.28,Operating,REG-08
BUD-202501-DEP-006-CC-106-CAT-015,2025,Q1,January,DEP-006,CC-106,CAT-015,21468.16,Capital,REG-06
BUD-202501-DEP-006-CC-118-CAT-015,2025,Q1,January,DEP-006,CC-118,CAT-015,19133.64,Project,REG-03
BUD-202501-DEP-006-CC-109-CAT-007,2025,Q1,January,DEP-006,CC-109,CAT-007,12723.59,Departmental,REG-02
BUD-202501-DEP-006-CC-103-CAT-002,2025,Q1,January,DEP-006,CC-103,CAT-002,14438.64,Project,REG-06
BUD-202501-DEP-006-CC-107-CAT-008,2025,Q1,January,DEP-006,CC-107,CAT-008,23959.19,Operating,REG-04
BUD-202501-DEP-006-CC-118-CAT-007,2025,Q1,January,DEP-006,CC-118,CAT-007,13446.39,Operating,REG-06
BUD-202501-DEP-006-CC-115-CAT-006,2025,Q1,January,DEP-006,CC-115,CAT-006,22291.65,Operating,REG-01
BUD-202501-DEP-006-CC-116-CAT-014,2025,Q1,January,DEP-006,CC-116,CAT-014,20264.05,Project,REG-07
BUD-202501-DEP-006-CC-120-CAT-012,2025,Q1,January,DEP-006,CC-120,CAT-012,14585.4,Operating,REG-08
BUD-202501-DEP-006-CC-115-CAT-010,2025,Q1,January,DEP-006,CC-115,CAT-010,14520.47,Capital,REG-01
BUD-202501-DEP-006-CC-113-CAT-013,2025,Q1,January,DEP-006,CC-113,CAT-013,19861.63,Operating,REG-03
BUD-202501-DEP-006-CC-114-CAT-005,2025,Q1,January,DEP-006,CC-114,CAT-005,18262.48,Departmental,REG-03
BUD-202501-DEP-006-CC-118-CAT-008,2025,Q1,January,DEP-006,CC-118,CAT-008,23694.01,Capital,REG-08
BUD-202501-DEP-006-CC-106-CAT-011,2025,Q1,January,DEP-006,CC-106,CAT-011,18638.88,Project,REG-01
BUD-202501-DEP-006-CC-120-CAT-012,2025,Q1,January,DEP-006,CC-120,CAT-012,13956.99,Departmental,REG-02
BUD-202501-DEP-006-CC-102-CAT-013,2025,Q1,January,DEP-006,CC-102,CAT-013,19852.31,Departmental,REG-08
BUD-202501-DEP-006-CC-104-CAT-015,2025,Q1,January,DEP-006,CC-104,CAT-015,21724.32,Operating,REG-07
BUD-202501-DEP-006-CC-103-CAT-007,2025,Q1,January,DEP-006,CC-103,CAT-007,12736.34,Departmental,REG-08
BUD-202501-DEP-006-CC-103-CAT-001,2025,Q1,January,DEP-006,CC-103,CAT-001,23718.18,Departmental,REG-03
BUD-202501-DEP-006-CC-105-CAT-011,2025,Q1,January,DEP-006,CC-105,CAT-011,18398.4,Capital,REG-08
BUD-202501-DEP-006-CC-116-CAT-014,2025,Q1,January,DEP-006,CC-116,CAT-014,18026.18,Operating,REG-08
BUD-202501-DEP-006-CC-115-CAT-003,2025,Q1,January,DEP-006,CC-115,CAT-003,18762.16,Project,REG-07
BUD-202501-DEP-006-CC-118-CAT-015,2025,Q1,January,DEP-006,CC-118,CAT-015,21197.19,Project,REG-06
BUD-202501-DEP-006-CC-103-CAT-013,2025,Q1,January,DEP-006,CC-103,CAT-013,20153.85,Operating,REG-02
BUD-202501-DEP-006-CC-102-CAT-001,2025,Q1,January,DEP-006,CC-102,CAT-001,23525.62,Operating,REG-03
BUD-202501-DEP-006-CC-119-CAT-012,2025,Q1,January,DEP-006,CC-119,CAT-012,15965.14,Operating,REG-02
BUD-202501-DEP-006-CC-107-CAT-013,2025,Q1,January,DEP-006,CC-107,CAT-013,25034.06,Project,REG-06
BUD-202501-DEP-006-CC-109-CAT-008,2025,Q1,January,DEP-006,CC-109,CAT-008,25560.79,Operating,REG-03
BUD-202501-DEP-006-CC-111-CAT-012,2025,Q1,January,DEP-006,CC-111,CAT-012,15979.41,Operating,REG-06
BUD-202501-DEP-007-CC-119-CAT-003,2025,Q1,January,DEP-007,CC-119,CAT-003,31495.73,Project,REG-02
BUD-202501-DEP-007-CC-119-CAT-001,2025,Q1,January,DEP-007,CC-119,CAT-001,45121.59,Departmental,REG-04
BUD-202501-DEP-007-CC-110-CAT-009,2025,Q1,January,DEP-007,CC-110,CAT-009,26527.96,Project,REG-01
BUD-202501-DEP-007-CC-113-CAT-009,2025,Q1,January,DEP-007,CC-113,CAT-009,33238.23,Operating,REG-01
BUD-202501-DEP-007-CC-104-CAT-015,2025,Q1,January,DEP-007,CC-104,CAT-015,34243.4,Operating,REG-08
BUD-202501-DEP-007-CC-113-CAT-012,2025,Q1,January,DEP-007,CC-113,CAT-012,26516.89,Operating,REG-07
BUD-202501-DEP-007-CC-110-CAT-007,2025,Q1,January,DEP-007,CC-110,CAT-007,23057.34,Project,REG-04
BUD-202501-DEP-007-CC-108-CAT-013,2025,Q1,January,DEP-007,CC-108,CAT-013,43338.28,Project,REG-05
BUD-202501-DEP-007-CC-109-CAT-015,2025,Q1,January,DEP-007,CC-109,CAT-015,30671.54,Project,REG-03
BUD-202501-DEP-007-CC-105-CAT-009,2025,Q1,January,DEP-007,CC-105,CAT-009,27226.19,Capital,REG-05
BUD-202501-DEP-007-CC-108-CAT-003,2025,Q1,January,DEP-007,CC-108,CAT-003,30795.63,Capital,REG-02
BUD-202501-DEP-007-CC-113-CAT-006,2025,Q1,January,DEP-007,CC-113,CAT-006,41227.87,Operating,REG-03
BUD-202501-DEP-007-CC-106-CAT-011,2025,Q1,January,DEP-007,CC-106,CAT-011,32940.26,Departmental,REG-02
BUD-202501-DEP-007-CC-111-CAT-006,2025,Q1,January,DEP-007,CC-111,CAT-006,41603.88,Departmental,REG-08
BUD-202501-DEP-007-CC-108-CAT-004,2025,Q1,January,DEP-007,CC-108,CAT-004,43847.22,Capital,REG-05
BUD-202501-DEP-007-CC-104-CAT-009,2025,Q1,January,DEP-007,CC-104,CAT-009,28198.15,Departmental,REG-08
BUD-202501-DEP-007-CC-104-CAT-002,2025,Q1,January,DEP-007,CC-104,CAT-002,22520.2,Operating,REG-06
BUD-202501-DEP-007-CC-106-CAT-012,2025,Q1,January,DEP-007,CC-106,CAT-012,25107.62,Project,REG-08
BUD-202501-DEP-007-CC-102-CAT-010,2025,Q1,January,DEP-007,CC-102,CAT-010,23798.88,Operating,REG-05
BUD-202501-DEP-007-CC-119-CAT-007,2025,Q1,January,DEP-007,CC-119,CAT-007,20718.24,Departmental,REG-07
BUD-202501-DEP-007-CC-111-CAT-011,2025,Q1,January,DEP-007,CC-111,CAT-011,33616.12,Departmental,REG-02
BUD-202501-DEP-007-CC-118-CAT-009,2025,Q1,January,DEP-007,CC-118,CAT-009,31888.74,Operating,REG-03
BUD-202501-DEP-007-CC-112-CAT-005,2025,Q1,January,DEP-007,CC-112,CAT-005,30701.24,Operating,REG-07
BUD-202501-DEP-007-CC-108-CAT-001,2025,Q1,January,DEP-007,CC-108,CAT-001,38324.07,Operating,REG-01
BUD-202501-DEP-007-CC-120-CAT-013,2025,Q1,January,DEP-007,CC-120,CAT-013,36721.68,Operating,REG-06
BUD-202501-DEP-007-CC-120-CAT-015,2025,Q1,January,DEP-007,CC-120,CAT-015,32702.42,Departmental,REG-07
BUD-202501-DEP-007-CC-107-CAT-007,2025,Q1,January,DEP-007,CC-107,CAT-007,20579.29,Operating,REG-07
BUD-202501-DEP-007-CC-102-CAT-003,2025,Q1,January,DEP-007,CC-102,CAT-003,36321.02,Operating,REG-05
BUD-202501-DEP-007-CC-104-CAT-011,2025,Q1,January,DEP-007,CC-104,CAT-011,32805.19,Operating,REG-03
BUD-202501-DEP-007-CC-107-CAT-007,2025,Q1,January,DEP-007,CC-107,CAT-007,19335.38,Operating,REG-06
BUD-202501-DEP-007-CC-108-CAT-005,2025,Q1,January,DEP-007,CC-108,CAT-005,30999.76,Departmental,REG-02
BUD-202501-DEP-007-CC-113-CAT-014,2025,Q1,January,DEP-007,CC-113,CAT-014,29597.74,Capital,REG-04
BUD-202501-DEP-007-CC-111-CAT-005,2025,Q1,January,DEP-007,CC-111,CAT-005,29942.12,Operating,REG-06
BUD-202501-DEP-007-CC-113-CAT-001,2025,Q1,January,DEP-007,CC-113,CAT-001,36641.47,Departmental,REG-02
BUD-202501-DEP-007-CC-102-CAT-006,2025,Q1,January,DEP-007,CC-102,CAT-006,33893.0,Departmental,REG-02
BUD-202501-DEP-007-CC-119-CAT-009,2025,Q1,January,DEP-007,CC-119,CAT-009,29854.62,Operating,REG-04
BUD-202501-DEP-007-CC-106-CAT-008,2025,Q1,January,DEP-007,CC-106,CAT-008,46480.01,Operating,REG-05
BUD-202501-DEP-007-CC-112-CAT-013,2025,Q1,January,DEP-007,CC-112,CAT-013,42087.5,Operating,REG-02
BUD-202501-DEP-007-CC-113-CAT-010,2025,Q1,January,DEP-007,CC-113,CAT-010,23889.05,Capital,REG-02
BUD-202501-DEP-007-CC-102-CAT-002,2025,Q1,January,DEP-007,CC-102,CAT-002,24604.62,Operating,REG-05
BUD-202501-DEP-007-CC-116-CAT-011,2025,Q1,January,DEP-007,CC-116,CAT-011,37941.73,Capital,REG-06
BUD-202501-DEP-007-CC-108-CAT-010,2025,Q1,January,DEP-007,CC-108,CAT-010,25638.24,Operating,REG-03
BUD-202501-DEP-007-CC-115-CAT-013,2025,Q1,January,DEP-007,CC-115,CAT-013,40628.5,Operating,REG-08
BUD-202501-DEP-007-CC-106-CAT-008,2025,Q1,January,DEP-007,CC-106,CAT-008,47204.69,Capital,REG-04
BUD-202501-DEP-007-CC-103-CAT-003,2025,Q1,January,DEP-007,CC-103,CAT-003,30425.13,Project,REG-02
BUD-202501-DEP-007-CC-113-CAT-002,2025,Q1,January,DEP-007,CC-113,CAT-002,22706.85,Operating,REG-04
BUD-202501-DEP-007-CC-102-CAT-014,2025,Q1,January,DEP-007,CC-102,CAT-014,31311.94,Operating,REG-02
BUD-202501-DEP-007-CC-110-CAT-003,2025,Q1,January,DEP-007,CC-110,CAT-003,35632.6,Capital,REG-03
BUD-202501-DEP-007-CC-111-CAT-007,2025,Q1,January,DEP-007,CC-111,CAT-007,23289.01,Operating,REG-05
BUD-202501-DEP-007-CC-116-CAT-003,2025,Q1,January,DEP-007,CC-116,CAT-003,30280.85,Project,REG-04
BUD-202501-DEP-008-CC-109-CAT-004,2025,Q1,January,DEP-008,CC-109,CAT-004,33870.11,Operating,REG-06
BUD-202501-DEP-008-CC-112-CAT-010,2025,Q1,January,DEP-008,CC-112,CAT-010,18987.24,Operating,REG-08
BUD-202501-DEP-008-CC-113-CAT-006,2025,Q1,January,DEP-008,CC-113,CAT-006,24921.66,Operating,REG-03
BUD-202501-DEP-008-CC-119-CAT-001,2025,Q1,January,DEP-008,CC-119,CAT-001,30487.02,Departmental,REG-06
BUD-202501-DEP-008-CC-111-CAT-001,2025,Q1,January,DEP-008,CC-111,CAT-001,25694.63,Operating,REG-03
BUD-202501-DEP-008-CC-111-CAT-003,2025,Q1,January,DEP-008,CC-111,CAT-003,22143.29,Project,REG-03
BUD-202501-DEP-008-CC-119-CAT-013,2025,Q1,January,DEP-008,CC-119,CAT-013,28386.39,Capital,REG-04
BUD-202501-DEP-008-CC-103-CAT-015,2025,Q1,January,DEP-008,CC-103,CAT-015,22906.15,Operating,REG-08
BUD-202501-DEP-008-CC-103-CAT-002,2025,Q1,January,DEP-008,CC-103,CAT-002,16954.31,Operating,REG-07
BUD-202501-DEP-008-CC-106-CAT-007,2025,Q1,January,DEP-008,CC-106,CAT-007,15023.64,Capital,REG-05
BUD-202501-DEP-008-CC-104-CAT-003,2025,Q1,January,DEP-008,CC-104,CAT-003,20287.57,Operating,REG-07
BUD-202501-DEP-008-CC-111-CAT-002,2025,Q1,January,DEP-008,CC-111,CAT-002,18122.5,Operating,REG-07
BUD-202501-DEP-008-CC-102-CAT-002,2025,Q1,January,DEP-008,CC-102,CAT-002,14793.0,Capital,REG-04
BUD-202501-DEP-008-CC-117-CAT-010,2025,Q1,January,DEP-008,CC-117,CAT-010,18187.14,Operating,REG-05
BUD-202501-DEP-008-CC-119-CAT-014,2025,Q1,January,DEP-008,CC-119,CAT-014,19930.42,Operating,REG-07
BUD-202501-DEP-008-CC-119-CAT-002,2025,Q1,January,DEP-008,CC-119,CAT-002,14739.46,Departmental,REG-01
BUD-202501-DEP-008-CC-107-CAT-002,2025,Q1,January,DEP-008,CC-107,CAT-002,15452.0,Capital,REG-08
BUD-202501-DEP-008-CC-119-CAT-013,2025,Q1,January,DEP-008,CC-119,CAT-013,24635.91,Operating,REG-05
BUD-202501-DEP-008-CC-111-CAT-012,2025,Q1,January,DEP-008,CC-111,CAT-012,17170.57,Operating,REG-06
BUD-202501-DEP-008-CC-105-CAT-007,2025,Q1,January,DEP-008,CC-105,CAT-007,15324.95,Departmental,REG-08
BUD-202501-DEP-008-CC-110-CAT-015,2025,Q1,January,DEP-008,CC-110,CAT-015,25352.6,Operating,REG-05
BUD-202501-DEP-008-CC-117-CAT-014,2025,Q1,January,DEP-008,CC-117,CAT-014,20520.23,Capital,REG-08
BUD-202501-DEP-008-CC-117-CAT-003,2025,Q1,January,DEP-008,CC-117,CAT-003,22896.76,Operating,REG-04
BUD-202501-DEP-008-CC-106-CAT-002,2025,Q1,January,DEP-008,CC-106,CAT-002,17989.32,Operating,REG-06
BUD-202501-DEP-008-CC-118-CAT-008,2025,Q1,January,DEP-008,CC-118,CAT-008,32814.91,Operating,REG-08
BUD-202501-DEP-008-CC-115-CAT-011,2025,Q1,January,DEP-008,CC-115,CAT-011,26827.09,Operating,REG-01
BUD-202501-DEP-008-CC-113-CAT-005,2025,Q1,January,DEP-008,CC-113,CAT-005,20601.38,Capital,REG-01
BUD-202501-DEP-008-CC-102-CAT-008,2025,Q1,January,DEP-008,CC-102,CAT-008,33459.27,Capital,REG-03
BUD-202501-DEP-008-CC-118-CAT-001,2025,Q1,January,DEP-008,CC-118,CAT-001,28677.36,Operating,REG-04
BUD-202501-DEP-008-CC-111-CAT-012,2025,Q1,January,DEP-008,CC-111,CAT-012,18313.6,Project,REG-06
BUD-202501-DEP-008-CC-103-CAT-004,2025,Q1,January,DEP-008,CC-103,CAT-004,33332.25,Operating,REG-04
BUD-202501-DEP-008-CC-113-CAT-013,2025,Q1,January,DEP-008,CC-113,CAT-013,25176.33,Operating,REG-08
BUD-202501-DEP-008-CC-118-CAT-006,2025,Q1,January,DEP-008,CC-118,CAT-006,22864.09,Capital,REG-06
BUD-202501-DEP-009-CC-113-CAT-003,2025,Q1,January,DEP-009,CC-113,CAT-003,36414.51,Capital,REG-05
BUD-202501-DEP-009-CC-108-CAT-010,2025,Q1,January,DEP-009,CC-108,CAT-010,31908.48,Departmental,REG-03
BUD-202501-DEP-009-CC-118-CAT-010,2025,Q1,January,DEP-009,CC-118,CAT-010,31167.71,Operating,REG-02
BUD-202501-DEP-009-CC-102-CAT-012,2025,Q1,January,DEP-009,CC-102,CAT-012,32528.99,Departmental,REG-02
BUD-202501-DEP-009-CC-108-CAT-011,2025,Q1,January,DEP-009,CC-108,CAT-011,38065.2,Operating,REG-01
BUD-202501-DEP-009-CC-104-CAT-002,2025,Q1,January,DEP-009,CC-104,CAT-002,27712.73,Project,REG-01
BUD-202501-DEP-009-CC-109-CAT-015,2025,Q1,January,DEP-009,CC-109,CAT-015,36971.87,Project,REG-08
BUD-202501-DEP-009-CC-108-CAT-015,2025,Q1,January,DEP-009,CC-108,CAT-015,40124.22,Operating,REG-08
BUD-202501-DEP-009-CC-119-CAT-012,2025,Q1,January,DEP-009,CC-119,CAT-012,29879.22,Capital,REG-06
BUD-202501-DEP-009-CC-116-CAT-007,2025,Q1,January,DEP-009,CC-116,CAT-007,24159.35,Operating,REG-04
BUD-202501-DEP-009-CC-112-CAT-001,2025,Q1,January,DEP-009,CC-112,CAT-001,49743.14,Departmental,REG-04
BUD-202501-DEP-009-CC-112-CAT-003,2025,Q1,January,DEP-009,CC-112,CAT-003,36525.89,Departmental,REG-06
BUD-202501-DEP-009-CC-106-CAT-013,2025,Q1,January,DEP-009,CC-106,CAT-013,50125.88,Operating,REG-07
BUD-202501-DEP-009-CC-105-CAT-006,2025,Q1,January,DEP-009,CC-105,CAT-006,41604.16,Capital,REG-07
BUD-202501-DEP-009-CC-104-CAT-012,2025,Q1,January,DEP-009,CC-104,CAT-012,29549.36,Departmental,REG-06
BUD-202501-DEP-009-CC-104-CAT-013,2025,Q1,January,DEP-009,CC-104,CAT-013,45961.69,Project,REG-05
BUD-202501-DEP-009-CC-109-CAT-002,2025,Q1,January,DEP-009,CC-109,CAT-002,29970.87,Departmental,REG-08
BUD-202501-DEP-009-CC-110-CAT-007,2025,Q1,January,DEP-009,CC-110,CAT-007,26230.71,Departmental,REG-05
BUD-202501-DEP-009-CC-116-CAT-001,2025,Q1,January,DEP-009,CC-116,CAT-001,44560.5,Departmental,REG-01
BUD-202501-DEP-009-CC-113-CAT-011,2025,Q1,January,DEP-009,CC-113,CAT-011,45261.12,Capital,REG-08
BUD-202501-DEP-009-CC-120-CAT-001,2025,Q1,January,DEP-009,CC-120,CAT-001,44045.51,Operating,REG-01
BUD-202501-DEP-009-CC-101-CAT-013,2025,Q1,January,DEP-009,CC-101,CAT-013,46058.01,Project,REG-04
BUD-202501-DEP-009-CC-112-CAT-007,2025,Q1,January,DEP-009,CC-112,CAT-007,27021.24,Departmental,REG-03
BUD-202501-DEP-009-CC-112-CAT-003,2025,Q1,January,DEP-009,CC-112,CAT-003,40426.53,Operating,REG-02
BUD-202501-DEP-009-CC-110-CAT-006,2025,Q1,January,DEP-009,CC-110,CAT-006,42585.44,Operating,REG-08
BUD-202501-DEP-009-CC-116-CAT-001,2025,Q1,January,DEP-009,CC-116,CAT-001,47409.18,Operating,REG-05
BUD-202501-DEP-009-CC-116-CAT-010,2025,Q1,January,DEP-009,CC-116,CAT-010,34998.13,Operating,REG-03
BUD-202501-DEP-009-CC-114-CAT-011,2025,Q1,January,DEP-009,CC-114,CAT-011,40174.28,Departmental,REG-03
BUD-202501-DEP-009-CC-117-CAT-007,2025,Q1,January,DEP-009,CC-117,CAT-007,24857.62,Operating,REG-01
BUD-202501-DEP-009-CC-115-CAT-013,2025,Q1,January,DEP-009,CC-115,CAT-013,42254.89,Operating,REG-01
BUD-202501-DEP-009-CC-119-CAT-014,2025,Q1,January,DEP-009,CC-119,CAT-014,33537.16,Operating,REG-05
BUD-202501-DEP-009-CC-103-CAT-011,2025,Q1,January,DEP-009,CC-103,CAT-011,43525.79,Capital,REG-02
BUD-202501-DEP-009-CC-108-CAT-006,2025,Q1,January,DEP-009,CC-108,CAT-006,44563.78,Operating,REG-08
BUD-202501-DEP-009-CC-112-CAT-006,2025,Q1,January,DEP-009,CC-112,CAT-006,39332.82,Project,REG-06
BUD-202501-DEP-009-CC-105-CAT-006,2025,Q1,January,DEP-009,CC-105,CAT-006,47114.92,Operating,REG-04
BUD-202501-DEP-009-CC-107-CAT-008,2025,Q1,January,DEP-009,CC-107,CAT-008,51222.03,Operating,REG-05
BUD-202501-DEP-009-CC-119-CAT-008,2025,Q1,January,DEP-009,CC-119,CAT-008,55157.73,Operating,REG-03
BUD-202501-DEP-009-CC-107-CAT-001,2025,Q1,January,DEP-009,CC-107,CAT-001,43729.08,Project,REG-03
BUD-202501-DEP-009-CC-115-CAT-007,2025,Q1,January,DEP-009,CC-115,CAT-007,26227.94,Capital,REG-06
BUD-202501-DEP-010-CC-106-CAT-003,2025,Q1,January,DEP-010,CC-106,CAT-003,26897.86,Capital,REG-08
BUD-202501-DEP-010-CC-107-CAT-013,2025,Q1,January,DEP-010,CC-107,CAT-013,27161.98,Operating,REG-07
BUD-202501-DEP-010-CC-112-CAT-011,2025,Q1,January,DEP-010,CC-112,CAT-011,30040.87,Operating,REG-04
BUD-202501-DEP-010-CC-106-CAT-012,2025,Q1,January,DEP-010,CC-106,CAT-012,17649.4,Operating,REG-01
BUD-202501-DEP-010-CC-103-CAT-002,2025,Q1,January,DEP-010,CC-103,CAT-002,20214.57,Operating,REG-08
BUD-202501-DEP-010-CC-106-CAT-008,2025,Q1,January,DEP-010,CC-106,CAT-008,31577.23,Capital,REG-04
BUD-202501-DEP-010-CC-119-CAT-006,2025,Q1,January,DEP-010,CC-119,CAT-006,26858.89,Project,REG-01
BUD-202501-DEP-010-CC-109-CAT-005,2025,Q1,January,DEP-010,CC-109,CAT-005,20624.39,Project,REG-05
BUD-202501-DEP-010-CC-106-CAT-003,2025,Q1,January,DEP-010,CC-106,CAT-003,23175.42,Operating,REG-03
BUD-202501-DEP-010-CC-113-CAT-007,2025,Q1,January,DEP-010,CC-113,CAT-007,14477.88,Departmental,REG-05
BUD-202501-DEP-010-CC-101-CAT-007,2025,Q1,January,DEP-010,CC-101,CAT-007,14584.92,Operating,REG-03
BUD-202501-DEP-010-CC-112-CAT-006,2025,Q1,January,DEP-010,CC-112,CAT-006,31770.08,Operating,REG-02
BUD-202501-DEP-010-CC-110-CAT-006,2025,Q1,January,DEP-010,CC-110,CAT-006,31338.68,Departmental,REG-01
BUD-202501-DEP-010-CC-120-CAT-008,2025,Q1,January,DEP-010,CC-120,CAT-008,32099.26,Operating,REG-07
BUD-202501-DEP-010-CC-102-CAT-003,2025,Q1,January,DEP-010,CC-102,CAT-003,25792.98,Operating,REG-07
BUD-202501-DEP-010-CC-117-CAT-002,2025,Q1,January,DEP-010,CC-117,CAT-002,16814.84,Operating,REG-05
BUD-202501-DEP-010-CC-103-CAT-004,2025,Q1,January,DEP-010,CC-103,CAT-004,37139.39,Project,REG-01
BUD-202501-DEP-010-CC-116-CAT-007,2025,Q1,January,DEP-010,CC-116,CAT-007,16476.8,Operating,REG-02
BUD-202501-DEP-010-CC-113-CAT-004,2025,Q1,January,DEP-010,CC-113,CAT-004,41133.95,Operating,REG-06
BUD-202501-DEP-010-CC-103-CAT-009,2025,Q1,January,DEP-010,CC-103,CAT-009,22280.67,Capital,REG-07
BUD-202501-DEP-010-CC-103-CAT-007,2025,Q1,January,DEP-010,CC-103,CAT-007,14743.9,Capital,REG-02
BUD-202501-DEP-010-CC-120-CAT-005,2025,Q1,January,DEP-010,CC-120,CAT-005,19277.05,Departmental,REG-05
BUD-202501-DEP-010-CC-117-CAT-007,2025,Q1,January,DEP-010,CC-117,CAT-007,15427.46,Operating,REG-08
BUD-202501-DEP-010-CC-101-CAT-012,2025,Q1,January,DEP-010,CC-101,CAT-012,21655.63,Project,REG-07
BUD-202501-DEP-010-CC-116-CAT-011,2025,Q1,January,DEP-010,CC-116,CAT-011,25512.9,Project,REG-08
BUD-202507-DEP-001-CC-120-CAT-009,2025,Q3,July,DEP-001,CC-120,CAT-009,35859.06,Project,REG-03
BUD-202507-DEP-001-CC-101-CAT-009,2025,Q3,July,DEP-001,CC-101,CAT-009,33010.06,Operating,REG-02
BUD-202507-DEP-001-CC-115-CAT-006,2025,Q3,July,DEP-001,CC-115,CAT-006,41565.23,Capital,REG-02
BUD-202507-DEP-001-CC-101-CAT-013,2025,Q3,July,DEP-001,CC-101,CAT-013,39773.49,Operating,REG-06
BUD-202507-DEP-001-CC-106-CAT-007,2025,Q3,July,DEP-001,CC-106,CAT-007,23948.63,Departmental,REG-02
BUD-202507-DEP-001-CC-104-CAT-011,2025,Q3,July,DEP-001,CC-104,CAT-011,37130.54,Operating,REG-02
BUD-202507-DEP-001-CC-114-CAT-006,2025,Q3,July,DEP-001,CC-114,CAT-006,37546.92,Capital,REG-06
BUD-202507-DEP-001-CC-103-CAT-005,2025,Q3,July,DEP-001,CC-103,CAT-005,32993.06,Operating,REG-07
BUD-202507-DEP-001-CC-118-CAT-014,2025,Q3,July,DEP-001,CC-118,CAT-014,36296.03,Departmental,REG-02
BUD-202507-DEP-001-CC-105-CAT-013,2025,Q3,July,DEP-001,CC-105,CAT-013,42143.44,Operating,REG-03
BUD-202507-DEP-001-CC-104-CAT-005,2025,Q3,July,DEP-001,CC-104,CAT-005,30288.11,Departmental,REG-02
BUD-202507-DEP-001-CC-106-CAT-007,2025,Q3,July,DEP-001,CC-106,CAT-007,22857.86,Operating,REG-06
BUD-202507-DEP-001-CC-115-CAT-001,2025,Q3,July,DEP-001,CC-115,CAT-001,40988.49,Operating,REG-02
BUD-202507-DEP-001-CC-108-CAT-010,2025,Q3,July,DEP-001,CC-108,CAT-010,27922.08,Operating,REG-03
BUD-202507-DEP-001-CC-114-CAT-001,2025,Q3,July,DEP-001,CC-114,CAT-001,46895.25,Operating,REG-08
BUD-202507-DEP-001-CC-116-CAT-001,2025,Q3,July,DEP-001,CC-116,CAT-001,50746.26,Operating,REG-03
BUD-202507-DEP-001-CC-102-CAT-001,2025,Q3,July,DEP-001,CC-102,CAT-001,44651.29,Departmental,REG-08
BUD-202507-DEP-001-CC-118-CAT-013,2025,Q3,July,DEP-001,CC-118,CAT-013,45840.48,Capital,REG-06
BUD-202507-DEP-001-CC-116-CAT-003,2025,Q3,July,DEP-001,CC-116,CAT-003,35582.69,Operating,REG-08
BUD-202507-DEP-001-CC-112-CAT-012,2025,Q3,July,DEP-001,CC-112,CAT-012,31309.45,Project,REG-01
BUD-202507-DEP-001-CC-113-CAT-013,2025,Q3,July,DEP-001,CC-113,CAT-013,42127.18,Project,REG-01
BUD-202507-DEP-001-CC-107-CAT-007,2025,Q3,July,DEP-001,CC-107,CAT-007,22258.56,Operating,REG-03
BUD-202507-DEP-001-CC-110-CAT-014,2025,Q3,July,DEP-001,CC-110,CAT-014,32133.29,Project,REG-04
BUD-202507-DEP-001-CC-101-CAT-005,2025,Q3,July,DEP-001,CC-101,CAT-005,29985.19,Operating,REG-08
BUD-202507-DEP-001-CC-108-CAT-007,2025,Q3,July,DEP-001,CC-108,CAT-007,26090.67,Project,REG-02
BUD-202507-DEP-001-CC-120-CAT-011,2025,Q3,July,DEP-001,CC-120,CAT-011,37285.34,Operating,REG-05
BUD-202507-DEP-001-CC-106-CAT-011,2025,Q3,July,DEP-001,CC-106,CAT-011,40018.64,Operating,REG-07
BUD-202507-DEP-001-CC-112-CAT-008,2025,Q3,July,DEP-001,CC-112,CAT-008,53488.19,Departmental,REG-03
BUD-202507-DEP-001-CC-105-CAT-011,2025,Q3,July,DEP-001,CC-105,CAT-011,38542.62,Operating,REG-02
BUD-202507-DEP-001-CC-119-CAT-005,2025,Q3,July,DEP-001,CC-119,CAT-005,28510.02,Operating,REG-08
BUD-202507-DEP-001-CC-104-CAT-006,2025,Q3,July,DEP-001,CC-104,CAT-006,41671.2,Operating,REG-08
BUD-202507-DEP-001-CC-104-CAT-002,2025,Q3,July,DEP-001,CC-104,CAT-002,25474.08,Capital,REG-07
BUD-202507-DEP-001-CC-118-CAT-003,2025,Q3,July,DEP-001,CC-118,CAT-003,34748.54,Departmental,REG-05
BUD-202507-DEP-001-CC-108-CAT-001,2025,Q3,July,DEP-001,CC-108,CAT-001,42990.76,Operating,REG-06
BUD-202507-DEP-001-CC-117-CAT-007,2025,Q3,July,DEP-001,CC-117,CAT-007,21853.3,Project,REG-05
BUD-202507-DEP-001-CC-105-CAT-013,2025,Q3,July,DEP-001,CC-105,CAT-013,44312.5,Capital,REG-02
BUD-202507-DEP-001-CC-113-CAT-015,2025,Q3,July,DEP-001,CC-113,CAT-015,37774.47,Project,REG-04
BUD-202507-DEP-001-CC-103-CAT-010,2025,Q3,July,DEP-001,CC-103,CAT-010,33759.22,Operating,REG-02
BUD-202507-DEP-001-CC-114-CAT-015,2025,Q3,July,DEP-001,CC-114,CAT-015,35919.7,Operating,REG-08
BUD-202507-DEP-001-CC-106-CAT-003,2025,Q3,July,DEP-001,CC-106,CAT-003,38669.47,Project,REG-03
BUD-202507-DEP-001-CC-107-CAT-002,2025,Q3,July,DEP-001,CC-107,CAT-002,27898.83,Operating,REG-08
BUD-202507-DEP-001-CC-119-CAT-010,2025,Q3,July,DEP-001,CC-119,CAT-010,31270.57,Project,REG-05
BUD-202507-DEP-001-CC-118-CAT-007,2025,Q3,July,DEP-001,CC-118,CAT-007,23276.7,Project,REG-06
BUD-202507-DEP-001-CC-106-CAT-008,2025,Q3,July,DEP-001,CC-106,CAT-008,51495.9,Operating,REG-08
BUD-202507-DEP-001-CC-112-CAT-001,2025,Q3,July,DEP-001,CC-112,CAT-001,44682.92,Project,REG-01
BUD-202507-DEP-002-CC-107-CAT-003,2025,Q3,July,DEP-002,CC-107,CAT-003,28750.1,Operating,REG-04
BUD-202507-DEP-002-CC-102-CAT-003,2025,Q3,July,DEP-002,CC-102,CAT-003,28582.51,Departmental,REG-06
BUD-202507-DEP-002-CC-105-CAT-010,2025,Q3,July,DEP-002,CC-105,CAT-010,21832.93,Operating,REG-01
BUD-202507-DEP-002-CC-107-CAT-009,2025,Q3,July,DEP-002,CC-107,CAT-009,25721.03,Project,REG-05
BUD-202507-DEP-002-CC-114-CAT-014,2025,Q3,July,DEP-002,CC-114,CAT-014,25173.86,Operating,REG-07
BUD-202507-DEP-002-CC-108-CAT-011,2025,Q3,July,DEP-002,CC-108,CAT-011,30500.5,Operating,REG-02
BUD-202507-DEP-002-CC-110-CAT-001,2025,Q3,July,DEP-002,CC-110,CAT-001,33348.91,Operating,REG-01
BUD-202507-DEP-002-CC-119-CAT-002,2025,Q3,July,DEP-002,CC-119,CAT-002,17393.25,Operating,REG-01
BUD-202507-DEP-002-CC-101-CAT-002,2025,Q3,July,DEP-002,CC-101,CAT-002,17549.4,Capital,REG-06
BUD-202507-DEP-002-CC-105-CAT-012,2025,Q3,July,DEP-002,CC-105,CAT-012,21503.03,Capital,REG-02
BUD-202507-DEP-002-CC-120-CAT-011,2025,Q3,July,DEP-002,CC-120,CAT-011,28285.67,Operating,REG-02
BUD-202507-DEP-002-CC-102-CAT-004,2025,Q3,July,DEP-002,CC-102,CAT-004,40519.92,Operating,REG-08
BUD-202507-DEP-002-CC-118-CAT-005,2025,Q3,July,DEP-002,CC-118,CAT-005,23428.21,Operating,REG-01
BUD-202507-DEP-002-CC-102-CAT-004,2025,Q3,July,DEP-002,CC-102,CAT-004,42250.14,Departmental,REG-07
BUD-202507-DEP-002-CC-118-CAT-003,2025,Q3,July,DEP-002,CC-118,CAT-003,28428.86,Operating,REG-07
BUD-202507-DEP-002-CC-115-CAT-006,2025,Q3,July,DEP-002,CC-115,CAT-006,32587.07,Operating,REG-01
BUD-202507-DEP-002-CC-108-CAT-012,2025,Q3,July,DEP-002,CC-108,CAT-012,22523.93,Departmental,REG-08
BUD-202507-DEP-002-CC-104-CAT-003,2025,Q3,July,DEP-002,CC-104,CAT-003,25650.24,Capital,REG-06
BUD-202507-DEP-002-CC-105-CAT-009,2025,Q3,July,DEP-002,CC-105,CAT-009,22148.5,Departmental,REG-08
BUD-202507-DEP-002-CC-118-CAT-011,2025,Q3,July,DEP-002,CC-118,CAT-011,26182.23,Operating,REG-02
BUD-202507-DEP-002-CC-102-CAT-011,2025,Q3,July,DEP-002,CC-102,CAT-011,26720.55,Operating,REG-03
BUD-202507-DEP-002-CC-108-CAT-008,2025,Q3,July,DEP-002,CC-108,CAT-008,37777.17,Operating,REG-01
BUD-202507-DEP-002-CC-102-CAT-010,2025,Q3,July,DEP-002,CC-102,CAT-010,22326.0,Capital,REG-01
BUD-202507-DEP-002-CC-103-CAT-015,2025,Q3,July,DEP-002,CC-103,CAT-015,25137.51,Operating,REG-08
BUD-202507-DEP-002-CC-107-CAT-015,2025,Q3,July,DEP-002,CC-107,CAT-015,29697.3,Operating,REG-02
BUD-202507-DEP-002-CC-110-CAT-014,2025,Q3,July,DEP-002,CC-110,CAT-014,25367.68,Operating,REG-06
BUD-202507-DEP-002-CC-117-CAT-001,2025,Q3,July,DEP-002,CC-117,CAT-001,34000.33,Operating,REG-07
BUD-202507-DEP-002-CC-109-CAT-003,2025,Q3,July,DEP-002,CC-109,CAT-003,23573.93,Operating,REG-04
BUD-202507-DEP-002-CC-104-CAT-010,2025,Q3,July,DEP-002,CC-104,CAT-010,23637.52,Operating,REG-03
BUD-202507-DEP-002-CC-114-CAT-007,2025,Q3,July,DEP-002,CC-114,CAT-007,14819.15,Operating,REG-02
BUD-202507-DEP-002-CC-109-CAT-009,2025,Q3,July,DEP-002,CC-109,CAT-009,23238.02,Operating,REG-04
BUD-202507-DEP-002-CC-118-CAT-011,2025,Q3,July,DEP-002,CC-118,CAT-011,31661.75,Project,REG-06
BUD-202507-DEP-002-CC-108-CAT-007,2025,Q3,July,DEP-002,CC-108,CAT-007,15054.16,Capital,REG-03
BUD-202507-DEP-002-CC-109-CAT-008,2025,Q3,July,DEP-002,CC-109,CAT-008,32484.8,Departmental,REG-01
BUD-202507-DEP-002-CC-106-CAT-015,2025,Q3,July,DEP-002,CC-106,CAT-015,27141.0,Capital,REG-04
BUD-202507-DEP-002-CC-102-CAT-004,2025,Q3,July,DEP-002,CC-102,CAT-004,36859.87,Operating,REG-02
BUD-202507-DEP-002-CC-103-CAT-005,2025,Q3,July,DEP-002,CC-103,CAT-005,24834.75,Project,REG-04
BUD-202507-DEP-002-CC-110-CAT-006,2025,Q3,July,DEP-002,CC-110,CAT-006,27295.47,Operating,REG-06
BUD-202507-DEP-002-CC-103-CAT-015,2025,Q3,July,DEP-002,CC-103,CAT-015,26732.86,Operating,REG-01
BUD-202507-DEP-003-CC-101-CAT-013,2025,Q3,July,DEP-003,CC-101,CAT-013,46070.82,Departmental,REG-06
BUD-202507-DEP-003-CC-117-CAT-005,2025,Q3,July,DEP-003,CC-117,CAT-005,39159.51,Operating,REG-07
BUD-202507-DEP-003-CC-106-CAT-005,2025,Q3,July,DEP-003,CC-106,CAT-005,35709.29,Operating,REG-04
BUD-202507-DEP-003-CC-104-CAT-011,2025,Q3,July,DEP-003,CC-104,CAT-011,46183.32,Project,REG-01
BUD-202507-DEP-003-CC-107-CAT-013,2025,Q3,July,DEP-003,CC-107,CAT-013,54790.43,Operating,REG-01
BUD-202507-DEP-003-CC-101-CAT-015,2025,Q3,July,DEP-003,CC-101,CAT-015,42073.73,Operating,REG-05
BUD-202507-DEP-003-CC-112-CAT-006,2025,Q3,July,DEP-003,CC-112,CAT-006,48232.24,Departmental,REG-01
BUD-202507-DEP-003-CC-106-CAT-007,2025,Q3,July,DEP-003,CC-106,CAT-007,26831.87,Operating,REG-06
BUD-202507-DEP-003-CC-115-CAT-003,2025,Q3,July,DEP-003,CC-115,CAT-003,46272.91,Departmental,REG-08
BUD-202507-DEP-003-CC-107-CAT-002,2025,Q3,July,DEP-003,CC-107,CAT-002,29167.4,Operating,REG-07
BUD-202507-DEP-003-CC-107-CAT-011,2025,Q3,July,DEP-003,CC-107,CAT-011,48657.22,Operating,REG-05
BUD-202507-DEP-003-CC-106-CAT-006,2025,Q3,July,DEP-003,CC-106,CAT-006,50762.01,Capital,REG-08
BUD-202507-DEP-003-CC-105-CAT-004,2025,Q3,July,DEP-003,CC-105,CAT-004,68166.55,Operating,REG-05
BUD-202507-DEP-003-CC-107-CAT-009,2025,Q3,July,DEP-003,CC-107,CAT-009,37188.99,Operating,REG-01
BUD-202507-DEP-003-CC-105-CAT-014,2025,Q3,July,DEP-003,CC-105,CAT-014,44530.6,Operating,REG-07
BUD-202507-DEP-003-CC-102-CAT-009,2025,Q3,July,DEP-003,CC-102,CAT-009,43297.13,Project,REG-03
BUD-202507-DEP-003-CC-120-CAT-014,2025,Q3,July,DEP-003,CC-120,CAT-014,37317.45,Departmental,REG-01
BUD-202507-DEP-003-CC-103-CAT-001,2025,Q3,July,DEP-003,CC-103,CAT-001,50674.73,Project,REG-03
BUD-202507-DEP-003-CC-102-CAT-015,2025,Q3,July,DEP-003,CC-102,CAT-015,43501.44,Capital,REG-07
BUD-202507-DEP-003-CC-111-CAT-013,2025,Q3,July,DEP-003,CC-111,CAT-013,46172.65,Capital,REG-07
BUD-202507-DEP-003-CC-118-CAT-005,2025,Q3,July,DEP-003,CC-118,CAT-005,39486.52,Capital,REG-08
BUD-202507-DEP-003-CC-116-CAT-013,2025,Q3,July,DEP-003,CC-116,CAT-013,51641.51,Operating,REG-04
BUD-202507-DEP-003-CC-116-CAT-015,2025,Q3,July,DEP-003,CC-116,CAT-015,43287.31,Departmental,REG-06
BUD-202507-DEP-003-CC-109-CAT-004,2025,Q3,July,DEP-003,CC-109,CAT-004,65127.25,Capital,REG-04
BUD-202507-DEP-003-CC-109-CAT-006,2025,Q3,July,DEP-003,CC-109,CAT-006,49994.59,Capital,REG-02
BUD-202507-DEP-003-CC-103-CAT-009,2025,Q3,July,DEP-003,CC-103,CAT-009,41912.35,Departmental,REG-06
BUD-202507-DEP-003-CC-110-CAT-008,2025,Q3,July,DEP-003,CC-110,CAT-008,63612.17,Operating,REG-05
BUD-202507-DEP-003-CC-112-CAT-001,2025,Q3,July,DEP-003,CC-112,CAT-001,58815.13,Operating,REG-06
BUD-202507-DEP-003-CC-104-CAT-004,2025,Q3,July,DEP-003,CC-104,CAT-004,60621.64,Operating,REG-07
BUD-202507-DEP-003-CC-105-CAT-012,2025,Q3,July,DEP-003,CC-105,CAT-012,35969.97,Operating,REG-02
BUD-202507-DEP-003-CC-107-CAT-001,2025,Q3,July,DEP-003,CC-107,CAT-001,55681.34,Capital,REG-07
BUD-202507-DEP-003-CC-106-CAT-010,2025,Q3,July,DEP-003,CC-106,CAT-010,34690.61,Operating,REG-01
BUD-202507-DEP-003-CC-120-CAT-004,2025,Q3,July,DEP-003,CC-120,CAT-004,62199.03,Operating,REG-04
BUD-202507-DEP-003-CC-106-CAT-013,2025,Q3,July,DEP-003,CC-106,CAT-013,46340.33,Capital,REG-03
BUD-202507-DEP-004-CC-113-CAT-012,2025,Q3,July,DEP-004,CC-113,CAT-012,21856.01,Operating,REG-05
BUD-202507-DEP-004-CC-101-CAT-001,2025,Q3,July,DEP-004,CC-101,CAT-001,33251.47,Project,REG-06
BUD-202507-DEP-004-CC-118-CAT-012,2025,Q3,July,DEP-004,CC-118,CAT-012,19995.54,Departmental,REG-01
BUD-202507-DEP-004-CC-111-CAT-005,2025,Q3,July,DEP-004,CC-111,CAT-005,26193.41,Departmental,REG-07
BUD-202507-DEP-004-CC-108-CAT-015,2025,Q3,July,DEP-004,CC-108,CAT-015,28001.19,Operating,REG-03
BUD-202507-DEP-004-CC-110-CAT-003,2025,Q3,July,DEP-004,CC-110,CAT-003,26807.97,Operating,REG-04
BUD-202507-DEP-004-CC-105-CAT-010,2025,Q3,July,DEP-004,CC-105,CAT-010,22850.64,Operating,REG-01
BUD-202507-DEP-004-CC-101-CAT-002,2025,Q3,July,DEP-004,CC-101,CAT-002,21536.83,Capital,REG-08
BUD-202507-DEP-004-CC-119-CAT-007,2025,Q3,July,DEP-004,CC-119,CAT-007,18262.34,Capital,REG-06
BUD-202507-DEP-004-CC-120-CAT-006,2025,Q3,July,DEP-004,CC-120,CAT-006,33151.64,Operating,REG-05
BUD-202507-DEP-004-CC-102-CAT-005,2025,Q3,July,DEP-004,CC-102,CAT-005,22580.33,Operating,REG-06
BUD-202507-DEP-004-CC-109-CAT-010,2025,Q3,July,DEP-004,CC-109,CAT-010,25159.0,Operating,REG-05
BUD-202507-DEP-004-CC-110-CAT-013,2025,Q3,July,DEP-004,CC-110,CAT-013,37367.09,Operating,REG-03
BUD-202507-DEP-004-CC-109-CAT-012,2025,Q3,July,DEP-004,CC-109,CAT-012,22734.14,Capital,REG-05
BUD-202507-DEP-004-CC-120-CAT-005,2025,Q3,July,DEP-004,CC-120,CAT-005,24276.41,Departmental,REG-05
BUD-202507-DEP-004-CC-113-CAT-005,2025,Q3,July,DEP-004,CC-113,CAT-005,28194.79,Operating,REG-01
BUD-202507-DEP-004-CC-112-CAT-013,2025,Q3,July,DEP-004,CC-112,CAT-013,36109.9,Departmental,REG-08
BUD-202507-DEP-004-CC-107-CAT-006,2025,Q3,July,DEP-004,CC-107,CAT-006,34476.5,Operating,REG-03
BUD-202507-DEP-004-CC-106-CAT-014,2025,Q3,July,DEP-004,CC-106,CAT-014,28250.82,Departmental,REG-04
BUD-202507-DEP-004-CC-108-CAT-002,2025,Q3,July,DEP-004,CC-108,CAT-002,20914.51,Project,REG-06
BUD-202507-DEP-004-CC-118-CAT-012,2025,Q3,July,DEP-004,CC-118,CAT-012,20014.48,Operating,REG-07
BUD-202507-DEP-004-CC-102-CAT-012,2025,Q3,July,DEP-004,CC-102,CAT-012,24777.21,Operating,REG-07
BUD-202507-DEP-004-CC-116-CAT-013,2025,Q3,July,DEP-004,CC-116,CAT-013,37500.46,Project,REG-08
BUD-202507-DEP-004-CC-103-CAT-010,2025,Q3,July,DEP-004,CC-103,CAT-010,22790.74,Project,REG-08
BUD-202507-DEP-004-CC-109-CAT-013,2025,Q3,July,DEP-004,CC-109,CAT-013,37348.8,Operating,REG-05
BUD-202507-DEP-004-CC-115-CAT-002,2025,Q3,July,DEP-004,CC-115,CAT-002,22220.9,Operating,REG-02
BUD-202507-DEP-004-CC-109-CAT-010,2025,Q3,July,DEP-004,CC-109,CAT-010,26647.35,Departmental,REG-06
BUD-202507-DEP-004-CC-112-CAT-011,2025,Q3,July,DEP-004,CC-112,CAT-011,32944.12,Operating,REG-07
BUD-202507-DEP-004-CC-106-CAT-010,2025,Q3,July,DEP-004,CC-106,CAT-010,22228.61,Departmental,REG-07
BUD-202507-DEP-004-CC-117-CAT-010,2025,Q3,July,DEP-004,CC-117,CAT-010,22744.82,Project,REG-01
BUD-202507-DEP-004-CC-115-CAT-010,2025,Q3,July,DEP-004,CC-115,CAT-010,26517.17,Capital,REG-04
BUD-202507-DEP-004-CC-103-CAT-012,2025,Q3,July,DEP-004,CC-103,CAT-012,22153.66,Capital,REG-05
BUD-202507-DEP-004-CC-103-CAT-001,2025,Q3,July,DEP-004,CC-103,CAT-001,37469.05,Operating,REG-02
BUD-202507-DEP-004-CC-114-CAT-009,2025,Q3,July,DEP-004,CC-114,CAT-009,28545.29,Operating,REG-03
BUD-202507-DEP-004-CC-105-CAT-005,2025,Q3,July,DEP-004,CC-105,CAT-005,27724.5,Departmental,REG-07
BUD-202507-DEP-004-CC-115-CAT-009,2025,Q3,July,DEP-004,CC-115,CAT-009,29535.18,Operating,REG-08
BUD-202507-DEP-004-CC-106-CAT-004,2025,Q3,July,DEP-004,CC-106,CAT-004,41939.6,Project,REG-07
BUD-202507-DEP-005-CC-106-CAT-006,2025,Q3,July,DEP-005,CC-106,CAT-006,36481.75,Capital,REG-07
BUD-202507-DEP-005-CC-107-CAT-012,2025,Q3,July,DEP-005,CC-107,CAT-012,26169.29,Operating,REG-01
BUD-202507-DEP-005-CC-119-CAT-012,2025,Q3,July,DEP-005,CC-119,CAT-012,27302.96,Operating,REG-01
BUD-202507-DEP-005-CC-115-CAT-006,2025,Q3,July,DEP-005,CC-115,CAT-006,39797.97,Operating,REG-03
BUD-202507-DEP-005-CC-106-CAT-009,2025,Q3,July,DEP-005,CC-106,CAT-009,30199.96,Project,REG-02
BUD-202507-DEP-005-CC-109-CAT-015,2025,Q3,July,DEP-005,CC-109,CAT-015,31468.95,Departmental,REG-02
BUD-202507-DEP-005-CC-110-CAT-001,2025,Q3,July,DEP-005,CC-110,CAT-001,43367.74,Operating,REG-04
BUD-202507-DEP-005-CC-102-CAT-002,2025,Q3,July,DEP-005,CC-102,CAT-002,27593.7,Operating,REG-05
BUD-202507-DEP-005-CC-106-CAT-002,2025,Q3,July,DEP-005,CC-106,CAT-002,24029.91,Operating,REG-04
BUD-202507-DEP-005-CC-120-CAT-003,2025,Q3,July,DEP-005,CC-120,CAT-003,32684.37,Operating,REG-04
BUD-202507-DEP-005-CC-104-CAT-010,2025,Q3,July,DEP-005,CC-104,CAT-010,26662.64,Departmental,REG-05
BUD-202507-DEP-005-CC-108-CAT-005,2025,Q3,July,DEP-005,CC-108,CAT-005,27005.74,Capital,REG-08
BUD-202507-DEP-005-CC-113-CAT-006,2025,Q3,July,DEP-005,CC-113,CAT-006,42631.01,Capital,REG-08
BUD-202507-DEP-005-CC-110-CAT-009,2025,Q3,July,DEP-005,CC-110,CAT-009,33409.81,Capital,REG-03
BUD-202507-DEP-005-CC-118-CAT-014,2025,Q3,July,DEP-005,CC-118,CAT-014,31925.53,Capital,REG-03
BUD-202507-DEP-005-CC-111-CAT-010,2025,Q3,July,DEP-005,CC-111,CAT-010,29319.97,Operating,REG-02
BUD-202507-DEP-005-CC-105-CAT-004,2025,Q3,July,DEP-005,CC-105,CAT-004,45047.56,Operating,REG-02
BUD-202507-DEP-005-CC-101-CAT-010,2025,Q3,July,DEP-005,CC-101,CAT-010,30913.14,Project,REG-04
BUD-202507-DEP-005-CC-107-CAT-002,2025,Q3,July,DEP-005,CC-107,CAT-002,26867.03,Project,REG-05
BUD-202507-DEP-005-CC-109-CAT-010,2025,Q3,July,DEP-005,CC-109,CAT-010,26796.42,Departmental,REG-05
BUD-202507-DEP-005-CC-109-CAT-002,2025,Q3,July,DEP-005,CC-109,CAT-002,25882.88,Operating,REG-01
BUD-202507-DEP-005-CC-104-CAT-014,2025,Q3,July,DEP-005,CC-104,CAT-014,35878.94,Capital,REG-05
BUD-202507-DEP-005-CC-103-CAT-005,2025,Q3,July,DEP-005,CC-103,CAT-005,27082.57,Departmental,REG-08
BUD-202507-DEP-005-CC-102-CAT-003,2025,Q3,July,DEP-005,CC-102,CAT-003,36549.36,Project,REG-03
BUD-202507-DEP-005-CC-103-CAT-009,2025,Q3,July,DEP-005,CC-103,CAT-009,28933.48,Capital,REG-06
BUD-202507-DEP-005-CC-105-CAT-008,2025,Q3,July,DEP-005,CC-105,CAT-008,39395.35,Capital,REG-07
BUD-202507-DEP-005-CC-112-CAT-013,2025,Q3,July,DEP-005,CC-112,CAT-013,38657.27,Operating,REG-05
BUD-202507-DEP-005-CC-108-CAT-009,2025,Q3,July,DEP-005,CC-108,CAT-009,27861.54,Operating,REG-08
BUD-202507-DEP-005-CC-102-CAT-011,2025,Q3,July,DEP-005,CC-102,CAT-011,32967.71,Departmental,REG-04
BUD-202507-DEP-005-CC-103-CAT-012,2025,Q3,July,DEP-005,CC-103,CAT-012,29195.91,Project,REG-01
BUD-202507-DEP-005-CC-110-CAT-010,2025,Q3,July,DEP-005,CC-110,CAT-010,27536.19,Operating,REG-03
BUD-202507-DEP-005-CC-120-CAT-013,2025,Q3,July,DEP-005,CC-120,CAT-013,38316.89,Operating,REG-05
BUD-202507-DEP-005-CC-103-CAT-002,2025,Q3,July,DEP-005,CC-103,CAT-002,25444.73,Operating,REG-08
BUD-202507-DEP-006-CC-119-CAT-013,2025,Q3,July,DEP-006,CC-119,CAT-013,28522.11,Operating,REG-08
BUD-202507-DEP-006-CC-102-CAT-006,2025,Q3,July,DEP-006,CC-102,CAT-006,25094.32,Project,REG-05
BUD-202507-DEP-006-CC-110-CAT-001,2025,Q3,July,DEP-006,CC-110,CAT-001,28910.7,Operating,REG-01
BUD-202507-DEP-006-CC-104-CAT-004,2025,Q3,July,DEP-006,CC-104,CAT-004,36104.57,Operating,REG-08
BUD-202507-DEP-006-CC-119-CAT-003,2025,Q3,July,DEP-006,CC-119,CAT-003,20949.09,Departmental,REG-07
BUD-202507-DEP-006-CC-104-CAT-003,2025,Q3,July,DEP-006,CC-104,CAT-003,21075.42,Operating,REG-01
BUD-202507-DEP-006-CC-120-CAT-012,2025,Q3,July,DEP-006,CC-120,CAT-012,16401.59,Project,REG-08
BUD-202507-DEP-006-CC-104-CAT-009,2025,Q3,July,DEP-006,CC-104,CAT-009,22214.58,Capital,REG-03
BUD-202507-DEP-006-CC-105-CAT-009,2025,Q3,July,DEP-006,CC-105,CAT-009,22108.53,Operating,REG-03
BUD-202507-DEP-006-CC-105-CAT-003,2025,Q3,July,DEP-006,CC-105,CAT-003,21023.44,Operating,REG-03
BUD-202507-DEP-006-CC-105-CAT-002,2025,Q3,July,DEP-006,CC-105,CAT-002,15778.56,Operating,REG-04
BUD-202507-DEP-006-CC-107-CAT-011,2025,Q3,July,DEP-006,CC-107,CAT-011,24510.34,Operating,REG-08
BUD-202507-DEP-006-CC-106-CAT-001,2025,Q3,July,DEP-006,CC-106,CAT-001,25118.04,Project,REG-08
BUD-202507-DEP-006-CC-110-CAT-014,2025,Q3,July,DEP-006,CC-110,CAT-014,24189.94,Capital,REG-05
BUD-202507-DEP-006-CC-105-CAT-009,2025,Q3,July,DEP-006,CC-105,CAT-009,23498.91,Departmental,REG-04
BUD-202507-DEP-006-CC-116-CAT-015,2025,Q3,July,DEP-006,CC-116,CAT-015,21513.4,Operating,REG-01
BUD-202507-DEP-006-CC-115-CAT-010,2025,Q3,July,DEP-006,CC-115,CAT-010,19158.06,Departmental,REG-06
BUD-202507-DEP-006-CC-110-CAT-012,2025,Q3,July,DEP-006,CC-110,CAT-012,15726.91,Operating,REG-07
BUD-202507-DEP-006-CC-103-CAT-014,2025,Q3,July,DEP-006,CC-103,CAT-014,22051.24,Operating,REG-04
BUD-202507-DEP-006-CC-114-CAT-015,2025,Q3,July,DEP-006,CC-114,CAT-015,22205.07,Operating,REG-02
BUD-202507-DEP-006-CC-111-CAT-010,2025,Q3,July,DEP-006,CC-111,CAT-010,20274.41,Project,REG-07
BUD-202507-DEP-006-CC-101-CAT-001,2025,Q3,July,DEP-006,CC-101,CAT-001,26005.86,Operating,REG-01
BUD-202507-DEP-006-CC-107-CAT-014,2025,Q3,July,DEP-006,CC-107,CAT-014,24635.43,Operating,REG-02
BUD-202507-DEP-006-CC-113-CAT-002,2025,Q3,July,DEP-006,CC-113,CAT-002,17697.06,Departmental,REG-08
BUD-202507-DEP-006-CC-109-CAT-012,2025,Q3,July,DEP-006,CC-109,CAT-012,15789.66,Operating,REG-04
BUD-202507-DEP-006-CC-104-CAT-001,2025,Q3,July,DEP-006,CC-104,CAT-001,27429.65,Capital,REG-01
BUD-202507-DEP-006-CC-106-CAT-008,2025,Q3,July,DEP-006,CC-106,CAT-008,33240.16,Project,REG-07
BUD-202507-DEP-006-CC-119-CAT-012,2025,Q3,July,DEP-006,CC-119,CAT-012,16118.95,Departmental,REG-02
BUD-202507-DEP-006-CC-113-CAT-005,2025,Q3,July,DEP-006,CC-113,CAT-005,20185.62,Operating,REG-02
BUD-202507-DEP-006-CC-109-CAT-005,2025,Q3,July,DEP-006,CC-109,CAT-005,18995.77,Departmental,REG-05
BUD-202507-DEP-006-CC-109-CAT-009,2025,Q3,July,DEP-006,CC-109,CAT-009,21482.76,Operating,REG-07
BUD-202507-DEP-006-CC-112-CAT-008,2025,Q3,July,DEP-006,CC-112,CAT-008,31117.96,Operating,REG-02
BUD-202507-DEP-006-CC-103-CAT-006,2025,Q3,July,DEP-006,CC-103,CAT-006,23803.22,Operating,REG-03
BUD-202507-DEP-006-CC-106-CAT-004,2025,Q3,July,DEP-006,CC-106,CAT-004,37572.39,Operating,REG-02
BUD-202507-DEP-006-CC-116-CAT-013,2025,Q3,July,DEP-006,CC-116,CAT-013,26361.74,Project,REG-04
BUD-202507-DEP-006-CC-101-CAT-012,2025,Q3,July,DEP-006,CC-101,CAT-012,17755.43,Operating,REG-02
BUD-202507-DEP-006-CC-109-CAT-002,2025,Q3,July,DEP-006,CC-109,CAT-002,17948.24,Operating,REG-04
BUD-202507-DEP-006-CC-113-CAT-008,2025,Q3,July,DEP-006,CC-113,CAT-008,31173.88,Operating,REG-04
BUD-202507-DEP-006-CC-104-CAT-007,2025,Q3,July,DEP-006,CC-104,CAT-007,15136.54,Operating,REG-04
BUD-202507-DEP-006-CC-120-CAT-002,2025,Q3,July,DEP-006,CC-120,CAT-002,17590.35,Project,REG-07
BUD-202507-DEP-006-CC-111-CAT-010,2025,Q3,July,DEP-006,CC-111,CAT-010,17539.74,Departmental,REG-03
BUD-202507-DEP-006-CC-114-CAT-011,2025,Q3,July,DEP-006,CC-114,CAT-011,25403.3,Operating,REG-02
BUD-202507-DEP-006-CC-114-CAT-014,2025,Q3,July,DEP-006,CC-114,CAT-014,19519.69,Operating,REG-08
BUD-202507-DEP-006-CC-118-CAT-013,2025,Q3,July,DEP-006,CC-118,CAT-013,25286.18,Operating,REG-08
BUD-202507-DEP-006-CC-101-CAT-012,2025,Q3,July,DEP-006,CC-101,CAT-012,17411.37,Operating,REG-07
BUD-202507-DEP-007-CC-108-CAT-011,2025,Q3,July,DEP-007,CC-108,CAT-011,43687.39,Operating,REG-07
BUD-202507-DEP-007-CC-106-CAT-007,2025,Q3,July,DEP-007,CC-106,CAT-007,27647.28,Departmental,REG-05
BUD-202507-DEP-007-CC-116-CAT-004,2025,Q3,July,DEP-007,CC-116,CAT-004,58639.08,Operating,REG-04
BUD-202507-DEP-007-CC-118-CAT-006,2025,Q3,July,DEP-007,CC-118,CAT-006,40677.69,Operating,REG-04
BUD-202507-DEP-007-CC-111-CAT-001,2025,Q3,July,DEP-007,CC-111,CAT-001,48965.32,Departmental,REG-02
BUD-202507-DEP-007-CC-106-CAT-007,2025,Q3,July,DEP-007,CC-106,CAT-007,28497.51,Project,REG-01
BUD-202507-DEP-007-CC-118-CAT-001,2025,Q3,July,DEP-007,CC-118,CAT-001,51455.79,Departmental,REG-08
BUD-202507-DEP-007-CC-108-CAT-001,2025,Q3,July,DEP-007,CC-108,CAT-001,44263.47,Project,REG-04
BUD-202507-DEP-007-CC-117-CAT-006,2025,Q3,July,DEP-007,CC-117,CAT-006,47987.68,Operating,REG-02
BUD-202507-DEP-007-CC-118-CAT-002,2025,Q3,July,DEP-007,CC-118,CAT-002,29795.34,Operating,REG-04
BUD-202507-DEP-007-CC-109-CAT-009,2025,Q3,July,DEP-007,CC-109,CAT-009,39528.87,Departmental,REG-05
BUD-202507-DEP-007-CC-108-CAT-001,2025,Q3,July,DEP-007,CC-108,CAT-001,50455.64,Project,REG-01
BUD-202507-DEP-007-CC-120-CAT-015,2025,Q3,July,DEP-007,CC-120,CAT-015,46084.45,Operating,REG-04
BUD-202507-DEP-007-CC-105-CAT-013,2025,Q3,July,DEP-007,CC-105,CAT-013,46378.47,Operating,REG-06
BUD-202507-DEP-007-CC-111-CAT-001,2025,Q3,July,DEP-007,CC-111,CAT-001,53091.47,Capital,REG-07
BUD-202507-DEP-007-CC-110-CAT-008,2025,Q3,July,DEP-007,CC-110,CAT-008,47776.87,Operating,REG-03
BUD-202507-DEP-007-CC-113-CAT-005,2025,Q3,July,DEP-007,CC-113,CAT-005,35493.57,Project,REG-04
BUD-202507-DEP-007-CC-109-CAT-015,2025,Q3,July,DEP-007,CC-109,CAT-015,44168.09,Operating,REG-05
BUD-202507-DEP-007-CC-120-CAT-008,2025,Q3,July,DEP-007,CC-120,CAT-008,56848.82,Operating,REG-08
BUD-202507-DEP-007-CC-118-CAT-002,2025,Q3,July,DEP-007,CC-118,CAT-002,28641.53,Operating,REG-07
BUD-202507-DEP-007-CC-107-CAT-002,2025,Q3,July,DEP-007,CC-107,CAT-002,26440.1,Operating,REG-06
BUD-202507-DEP-007-CC-113-CAT-001,2025,Q3,July,DEP-007,CC-113,CAT-001,46004.88,Operating,REG-04
BUD-202507-DEP-007-CC-108-CAT-005,2025,Q3,July,DEP-007,CC-108,CAT-005,34078.41,Project,REG-04
BUD-202507-DEP-007-CC-115-CAT-011,2025,Q3,July,DEP-007,CC-115,CAT-011,46939.55,Operating,REG-03
BUD-202507-DEP-007-CC-102-CAT-004,2025,Q3,July,DEP-007,CC-102,CAT-004,56400.97,Operating,REG-01
BUD-202507-DEP-007-CC-118-CAT-002,2025,Q3,July,DEP-007,CC-118,CAT-002,25802.73,Operating,REG-07
BUD-202507-DEP-007-CC-107-CAT-005,2025,Q3,July,DEP-007,CC-107,CAT-005,37267.49,Operating,REG-04
BUD-202507-DEP-007-CC-118-CAT-007,2025,Q3,July,DEP-007,CC-118,CAT-007,28458.85,Operating,REG-03
BUD-202507-DEP-007-CC-111-CAT-015,2025,Q3,July,DEP-007,CC-111,CAT-015,45025.65,Project,REG-08
BUD-202507-DEP-007-CC-114-CAT-011,2025,Q3,July,DEP-007,CC-114,CAT-011,47656.45,Operating,REG-02
BUD-202507-DEP-007-CC-102-CAT-008,2025,Q3,July,DEP-007,CC-102,CAT-008,54537.98,Capital,REG-05
BUD-202507-DEP-007-CC-118-CAT-013,2025,Q3,July,DEP-007,CC-118,CAT-013,48912.98,Operating,REG-03
BUD-202507-DEP-007-CC-107-CAT-012,2025,Q3,July,DEP-007,CC-107,CAT-012,28510.89,Capital,REG-01
BUD-202507-DEP-007-CC-107-CAT-013,2025,Q3,July,DEP-007,CC-107,CAT-013,41789.85,Departmental,REG-07
BUD-202507-DEP-007-CC-111-CAT-009,2025,Q3,July,DEP-007,CC-111,CAT-009,36237.57,Departmental,REG-04
BUD-202507-DEP-007-CC-109-CAT-007,2025,Q3,July,DEP-007,CC-109,CAT-007,27481.62,Capital,REG-01
BUD-202507-DEP-007-CC-113-CAT-007,2025,Q3,July,DEP-007,CC-113,CAT-007,23405.13,Operating,REG-03
BUD-202507-DEP-007-CC-114-CAT-012,2025,Q3,July,DEP-007,CC-114,CAT-012,30923.14,Operating,REG-02
BUD-202507-DEP-007-CC-110-CAT-007,2025,Q3,July,DEP-007,CC-110,CAT-007,26152.79,Project,REG-08
BUD-202507-DEP-007-CC-107-CAT-015,2025,Q3,July,DEP-007,CC-107,CAT-015,42330.46,Capital,REG-07
BUD-202507-DEP-007-CC-118-CAT-003,2025,Q3,July,DEP-007,CC-118,CAT-003,39826.82,Operating,REG-03
BUD-202507-DEP-007-CC-110-CAT-007,2025,Q3,July,DEP-007,CC-110,CAT-007,24840.33,Departmental,REG-04
BUD-202507-DEP-007-CC-109-CAT-005,2025,Q3,July,DEP-007,CC-109,CAT-005,32005.85,Project,REG-08
BUD-202507-DEP-007-CC-112-CAT-004,2025,Q3,July,DEP-007,CC-112,CAT-004,55253.34,Operating,REG-03
BUD-202507-DEP-007-CC-117-CAT-004,2025,Q3,July,DEP-007,CC-117,CAT-004,58031.76,Capital,REG-02
BUD-202507-DEP-007-CC-102-CAT-010,2025,Q3,July,DEP-007,CC-102,CAT-010,36400.9,Operating,REG-01
BUD-202507-DEP-008-CC-111-CAT-009,2025,Q3,July,DEP-008,CC-111,CAT-009,22708.25,Operating,REG-05
BUD-202507-DEP-008-CC-109-CAT-012,2025,Q3,July,DEP-008,CC-109,CAT-012,19830.1,Operating,REG-03
BUD-202507-DEP-008-CC-119-CAT-010,2025,Q3,July,DEP-008,CC-119,CAT-010,25068.25,Operating,REG-06
BUD-202507-DEP-008-CC-107-CAT-009,2025,Q3,July,DEP-008,CC-107,CAT-009,24467.07,Operating,REG-04
BUD-202507-DEP-008-CC-119-CAT-014,2025,Q3,July,DEP-008,CC-119,CAT-014,26664.42,Operating,REG-08
BUD-202507-DEP-008-CC-106-CAT-007,2025,Q3,July,DEP-008,CC-106,CAT-007,16191.78,Capital,REG-01
BUD-202507-DEP-008-CC-110-CAT-012,2025,Q3,July,DEP-008,CC-110,CAT-012,20446.03,Operating,REG-07
BUD-202507-DEP-008-CC-104-CAT-001,2025,Q3,July,DEP-008,CC-104,CAT-001,34539.23,Operating,REG-03
BUD-202507-DEP-008-CC-115-CAT-001,2025,Q3,July,DEP-008,CC-115,CAT-001,33126.76,Operating,REG-08
BUD-202507-DEP-008-CC-110-CAT-010,2025,Q3,July,DEP-008,CC-110,CAT-010,21307.6,Capital,REG-04
BUD-202507-DEP-008-CC-114-CAT-005,2025,Q3,July,DEP-008,CC-114,CAT-005,26324.89,Operating,REG-02
BUD-202507-DEP-008-CC-111-CAT-008,2025,Q3,July,DEP-008,CC-111,CAT-008,39598.88,Operating,REG-01
BUD-202507-DEP-008-CC-118-CAT-002,2025,Q3,July,DEP-008,CC-118,CAT-002,20669.56,Operating,REG-05
BUD-202507-DEP-008-CC-103-CAT-011,2025,Q3,July,DEP-008,CC-103,CAT-011,31026.37,Operating,REG-01
BUD-202507-DEP-008-CC-112-CAT-001,2025,Q3,July,DEP-008,CC-112,CAT-001,35684.64,Operating,REG-01
BUD-202507-DEP-008-CC-117-CAT-010,2025,Q3,July,DEP-008,CC-117,CAT-010,23735.33,Capital,REG-04
BUD-202507-DEP-008-CC-119-CAT-013,2025,Q3,July,DEP-008,CC-119,CAT-013,36390.46,Operating,REG-08
BUD-202507-DEP-008-CC-102-CAT-010,2025,Q3,July,DEP-008,CC-102,CAT-010,21542.24,Operating,REG-07
BUD-202507-DEP-008-CC-102-CAT-012,2025,Q3,July,DEP-008,CC-102,CAT-012,19527.13,Departmental,REG-01
BUD-202507-DEP-008-CC-110-CAT-011,2025,Q3,July,DEP-008,CC-110,CAT-011,33239.69,Project,REG-07
BUD-202507-DEP-008-CC-114-CAT-011,2025,Q3,July,DEP-008,CC-114,CAT-011,33103.91,Operating,REG-06
BUD-202507-DEP-008-CC-104-CAT-006,2025,Q3,July,DEP-008,CC-104,CAT-006,32528.09,Operating,REG-03
BUD-202507-DEP-008-CC-113-CAT-008,2025,Q3,July,DEP-008,CC-113,CAT-008,39913.93,Capital,REG-08
BUD-202507-DEP-008-CC-101-CAT-014,2025,Q3,July,DEP-008,CC-101,CAT-014,26049.97,Project,REG-01
BUD-202507-DEP-008-CC-120-CAT-015,2025,Q3,July,DEP-008,CC-120,CAT-015,29549.32,Operating,REG-01
BUD-202507-DEP-008-CC-112-CAT-014,2025,Q3,July,DEP-008,CC-112,CAT-014,29576.74,Departmental,REG-02
BUD-202507-DEP-008-CC-112-CAT-011,2025,Q3,July,DEP-008,CC-112,CAT-011,28559.13,Departmental,REG-02
BUD-202507-DEP-008-CC-114-CAT-009,2025,Q3,July,DEP-008,CC-114,CAT-009,22848.56,Capital,REG-06
BUD-202507-DEP-008-CC-102-CAT-012,2025,Q3,July,DEP-008,CC-102,CAT-012,21960.59,Capital,REG-03
BUD-202507-DEP-008-CC-120-CAT-006,2025,Q3,July,DEP-008,CC-120,CAT-006,28094.26,Operating,REG-05
BUD-202507-DEP-008-CC-118-CAT-008,2025,Q3,July,DEP-008,CC-118,CAT-008,36830.34,Operating,REG-04
BUD-202507-DEP-008-CC-108-CAT-003,2025,Q3,July,DEP-008,CC-108,CAT-003,30587.34,Operating,REG-07
BUD-202507-DEP-008-CC-111-CAT-007,2025,Q3,July,DEP-008,CC-111,CAT-007,16574.07,Operating,REG-02
BUD-202507-DEP-008-CC-109-CAT-002,2025,Q3,July,DEP-008,CC-109,CAT-002,20451.6,Project,REG-06
BUD-202507-DEP-008-CC-106-CAT-001,2025,Q3,July,DEP-008,CC-106,CAT-001,30080.57,Capital,REG-06
BUD-202507-DEP-008-CC-115-CAT-007,2025,Q3,July,DEP-008,CC-115,CAT-007,17591.85,Departmental,REG-06
BUD-202507-DEP-008-CC-115-CAT-007,2025,Q3,July,DEP-008,CC-115,CAT-007,15780.55,Operating,REG-02
BUD-202507-DEP-008-CC-108-CAT-008,2025,Q3,July,DEP-008,CC-108,CAT-008,32437.17,Departmental,REG-06
BUD-202507-DEP-008-CC-107-CAT-009,2025,Q3,July,DEP-008,CC-107,CAT-009,26920.51,Operating,REG-01
BUD-202507-DEP-008-CC-101-CAT-011,2025,Q3,July,DEP-008,CC-101,CAT-011,32893.59,Operating,REG-05
BUD-202507-DEP-008-CC-103-CAT-008,2025,Q3,July,DEP-008,CC-103,CAT-008,34079.23,Capital,REG-06
BUD-202507-DEP-008-CC-116-CAT-013,2025,Q3,July,DEP-008,CC-116,CAT-013,33689.53,Operating,REG-08
BUD-202507-DEP-009-CC-109-CAT-014,2025,Q3,July,DEP-009,CC-109,CAT-014,41922.7,Capital,REG-06
BUD-202507-DEP-009-CC-113-CAT-013,2025,Q3,July,DEP-009,CC-113,CAT-013,62380.16,Operating,REG-05
BUD-202507-DEP-009-CC-107-CAT-007,2025,Q3,July,DEP-009,CC-107,CAT-007,30722.73,Operating,REG-02
BUD-202507-DEP-009-CC-111-CAT-015,2025,Q3,July,DEP-009,CC-111,CAT-015,49206.21,Capital,REG-08
BUD-202507-DEP-009-CC-105-CAT-011,2025,Q3,July,DEP-009,CC-105,CAT-011,47762.18,Departmental,REG-02
BUD-202507-DEP-009-CC-118-CAT-006,2025,Q3,July,DEP-009,CC-118,CAT-006,47919.28,Operating,REG-08
BUD-202507-DEP-009-CC-101-CAT-006,2025,Q3,July,DEP-009,CC-101,CAT-006,58370.21,Operating,REG-04
BUD-202507-DEP-009-CC-117-CAT-003,2025,Q3,July,DEP-009,CC-117,CAT-003,51415.79,Operating,REG-05
BUD-202507-DEP-009-CC-106-CAT-015,2025,Q3,July,DEP-009,CC-106,CAT-015,54992.26,Operating,REG-04
BUD-202507-DEP-009-CC-116-CAT-014,2025,Q3,July,DEP-009,CC-116,CAT-014,41497.66,Operating,REG-07
BUD-202507-DEP-009-CC-117-CAT-009,2025,Q3,July,DEP-009,CC-117,CAT-009,46050.59,Project,REG-01
BUD-202507-DEP-009-CC-109-CAT-003,2025,Q3,July,DEP-009,CC-109,CAT-003,46995.29,Operating,REG-03
BUD-202507-DEP-009-CC-103-CAT-012,2025,Q3,July,DEP-009,CC-103,CAT-012,40500.96,Operating,REG-01
BUD-202507-DEP-009-CC-114-CAT-012,2025,Q3,July,DEP-009,CC-114,CAT-012,34351.79,Capital,REG-01
BUD-202507-DEP-009-CC-116-CAT-004,2025,Q3,July,DEP-009,CC-116,CAT-004,67843.2,Project,REG-03
BUD-202507-DEP-009-CC-113-CAT-005,2025,Q3,July,DEP-009,CC-113,CAT-005,41042.9,Capital,REG-02
BUD-202507-DEP-009-CC-120-CAT-007,2025,Q3,July,DEP-009,CC-120,CAT-007,30259.07,Operating,REG-06
BUD-202507-DEP-009-CC-111-CAT-002,2025,Q3,July,DEP-009,CC-111,CAT-002,37525.19,Operating,REG-05
BUD-202507-DEP-009-CC-119-CAT-002,2025,Q3,July,DEP-009,CC-119,CAT-002,31958.96,Operating,REG-07
BUD-202507-DEP-009-CC-112-CAT-010,2025,Q3,July,DEP-009,CC-112,CAT-010,41316.79,Departmental,REG-03
BUD-202507-DEP-009-CC-111-CAT-009,2025,Q3,July,DEP-009,CC-111,CAT-009,44637.5,Operating,REG-07
BUD-202507-DEP-009-CC-113-CAT-001,2025,Q3,July,DEP-009,CC-113,CAT-001,52931.66,Operating,REG-05
BUD-202507-DEP-009-CC-108-CAT-008,2025,Q3,July,DEP-009,CC-108,CAT-008,65410.65,Operating,REG-03
BUD-202507-DEP-009-CC-106-CAT-006,2025,Q3,July,DEP-009,CC-106,CAT-006,59321.58,Operating,REG-04
BUD-202507-DEP-009-CC-105-CAT-014,2025,Q3,July,DEP-009,CC-105,CAT-014,44403.78,Operating,REG-01
BUD-202507-DEP-009-CC-114-CAT-013,2025,Q3,July,DEP-009,CC-114,CAT-013,62907.93,Project,REG-08
BUD-202507-DEP-009-CC-102-CAT-011,2025,Q3,July,DEP-009,CC-102,CAT-011,49774.14,Operating,REG-06
BUD-202507-DEP-009-CC-115-CAT-003,2025,Q3,July,DEP-009,CC-115,CAT-003,42792.85,Operating,REG-04
BUD-202507-DEP-009-CC-116-CAT-002,2025,Q3,July,DEP-009,CC-116,CAT-002,36327.5,Operating,REG-03
BUD-202507-DEP-009-CC-118-CAT-011,2025,Q3,July,DEP-009,CC-118,CAT-011,57030.05,Departmental,REG-02
BUD-202507-DEP-009-CC-109-CAT-011,2025,Q3,July,DEP-009,CC-109,CAT-011,52360.52,Operating,REG-02
BUD-202507-DEP-009-CC-111-CAT-012,2025,Q3,July,DEP-009,CC-111,CAT-012,39433.08,Departmental,REG-06
BUD-202507-DEP-009-CC-117-CAT-015,2025,Q3,July,DEP-009,CC-117,CAT-015,46520.95,Operating,REG-07
BUD-202507-DEP-009-CC-104-CAT-005,2025,Q3,July,DEP-009,CC-104,CAT-005,42537.23,Operating,REG-01
BUD-202507-DEP-009-CC-109-CAT-002,2025,Q3,July,DEP-009,CC-109,CAT-002,36718.11,Operating,REG-02
BUD-202507-DEP-009-CC-104-CAT-006,2025,Q3,July,DEP-009,CC-104,CAT-006,51998.05,Capital,REG-06
BUD-202507-DEP-009-CC-107-CAT-006,2025,Q3,July,DEP-009,CC-107,CAT-006,51122.44,Operating,REG-07
BUD-202507-DEP-009-CC-105-CAT-009,2025,Q3,July,DEP-009,CC-105,CAT-009,38530.44,Operating,REG-08
BUD-202507-DEP-009-CC-115-CAT-010,2025,Q3,July,DEP-009,CC-115,CAT-010,38244.3,Operating,REG-04
BUD-202507-DEP-009-CC-120-CAT-006,2025,Q3,July,DEP-009,CC-120,CAT-006,47939.77,Project,REG-07
BUD-202507-DEP-009-CC-105-CAT-005,2025,Q3,July,DEP-009,CC-105,CAT-005,42454.06,Departmental,REG-07
BUD-202507-DEP-009-CC-112-CAT-007,2025,Q3,July,DEP-009,CC-112,CAT-007,33283.04,Operating,REG-04
BUD-202507-DEP-009-CC-113-CAT-004,2025,Q3,July,DEP-009,CC-113,CAT-004,64764.04,Operating,REG-05
BUD-202507-DEP-009-CC-110-CAT-002,2025,Q3,July,DEP-009,CC-110,CAT-002,30851.92,Operating,REG-03
BUD-202507-DEP-009-CC-105-CAT-005,2025,Q3,July,DEP-009,CC-105,CAT-005,40905.85,Project,REG-02
BUD-202507-DEP-009-CC-109-CAT-003,2025,Q3,July,DEP-009,CC-109,CAT-003,47542.85,Operating,REG-04
BUD-202507-DEP-009-CC-111-CAT-012,2025,Q3,July,DEP-009,CC-111,CAT-012,39986.65,Operating,REG-01
BUD-202507-DEP-009-CC-102-CAT-003,2025,Q3,July,DEP-009,CC-102,CAT-003,47806.64,Departmental,REG-02
BUD-202507-DEP-009-CC-111-CAT-002,2025,Q3,July,DEP-009,CC-111,CAT-002,38685.62,Project,REG-06
BUD-202507-DEP-009-CC-119-CAT-014,2025,Q3,July,DEP-009,CC-119,CAT-014,47890.35,Project,REG-07
BUD-202507-DEP-009-CC-104-CAT-003,2025,Q3,July,DEP-009,CC-104,CAT-003,53029.3,Operating,REG-08
BUD-202507-DEP-010-CC-105-CAT-004,2025,Q3,July,DEP-010,CC-105,CAT-004,42172.84,Operating,REG-03
BUD-202507-DEP-010-CC-101-CAT-006,2025,Q3,July,DEP-010,CC-101,CAT-006,37776.41,Departmental,REG-01
BUD-202507-DEP-010-CC-101-CAT-011,2025,Q3,July,DEP-010,CC-101,CAT-011,30515.47,Departmental,REG-05
BUD-202507-DEP-010-CC-102-CAT-007,2025,Q3,July,DEP-010,CC-102,CAT-007,20326.34,Operating,REG-08
BUD-202507-DEP-010-CC-116-CAT-012,2025,Q3,July,DEP-010,CC-116,CAT-012,26265.81,Capital,REG-04
BUD-202507-DEP-010-CC-106-CAT-008,2025,Q3,July,DEP-010,CC-106,CAT-008,45146.57,Operating,REG-01
BUD-202507-DEP-010-CC-114-CAT-008,2025,Q3,July,DEP-010,CC-114,CAT-008,45032.21,Capital,REG-04
BUD-202507-DEP-010-CC-112-CAT-003,2025,Q3,July,DEP-010,CC-112,CAT-003,27190.58,Capital,REG-04
BUD-202507-DEP-010-CC-112-CAT-006,2025,Q3,July,DEP-010,CC-112,CAT-006,37053.77,Operating,REG-07
BUD-202507-DEP-010-CC-116-CAT-002,2025,Q3,July,DEP-010,CC-116,CAT-002,19876.52,Operating,REG-07
BUD-202507-DEP-010-CC-116-CAT-010,2025,Q3,July,DEP-010,CC-116,CAT-010,24146.02,Project,REG-01
BUD-202507-DEP-010-CC-108-CAT-012,2025,Q3,July,DEP-010,CC-108,CAT-012,25444.22,Operating,REG-04
BUD-202507-DEP-010-CC-119-CAT-007,2025,Q3,July,DEP-010,CC-119,CAT-007,21701.13,Operating,REG-08
BUD-202507-DEP-010-CC-116-CAT-012,2025,Q3,July,DEP-010,CC-116,CAT-012,24090.82,Operating,REG-07
BUD-202507-DEP-010-CC-108-CAT-008,2025,Q3,July,DEP-010,CC-108,CAT-008,39878.63,Operating,REG-06
BUD-202507-DEP-010-CC-107-CAT-008,2025,Q3,July,DEP-010,CC-107,CAT-008,39789.18,Departmental,REG-06
BUD-202507-DEP-010-CC-102-CAT-009,2025,Q3,July,DEP-010,CC-102,CAT-009,30402.82,Departmental,REG-08
BUD-202507-DEP-010-CC-109-CAT-001,2025,Q3,July,DEP-010,CC-109,CAT-001,40200.19,Capital,REG-03
BUD-202507-DEP-010-CC-112-CAT-008,2025,Q3,July,DEP-010,CC-112,CAT-008,36893.27,Project,REG-05
BUD-202507-DEP-010-CC-109-CAT-005,2025,Q3,July,DEP-010,CC-109,CAT-005,25721.88,Project,REG-08
BUD-202507-DEP-010-CC-107-CAT-003,2025,Q3,July,DEP-010,CC-107,CAT-003,31024.82,Operating,REG-06
BUD-202507-DEP-010-CC-101-CAT-012,2025,Q3,July,DEP-010,CC-101,CAT-012,22666.98,Operating,REG-03
BUD-202507-DEP-010-CC-115-CAT-002,2025,Q3,July,DEP-010,CC-115,CAT-002,19866.42,Operating,REG-03
BUD-202507-DEP-010-CC-115-CAT-008,2025,Q3,July,DEP-010,CC-115,CAT-008,43561.29,Operating,REG-04
BUD-202507-DEP-010-CC-104-CAT-001,2025,Q3,July,DEP-010,CC-104,CAT-001,38406.4,Operating,REG-06
BUD-202507-DEP-010-CC-105-CAT-010,2025,Q3,July,DEP-010,CC-105,CAT-010,22545.08,Capital,REG-02
BUD-202507-DEP-010-CC-113-CAT-004,2025,Q3,July,DEP-010,CC-113,CAT-004,43027.28,Operating,REG-01
BUD-202507-DEP-010-CC-118-CAT-002,2025,Q3,July,DEP-010,CC-118,CAT-002,25034.83,Operating,REG-03
BUD-202507-DEP-010-CC-101-CAT-009,2025,Q3,July,DEP-010,CC-101,CAT-009,27700.26,Capital,REG-02
BUD-202507-DEP-010-CC-116-CAT-012,2025,Q3,July,DEP-010,CC-116,CAT-012,23446.31,Operating,REG-08
BUD-202507-DEP-010-CC-110-CAT-011,2025,Q3,July,DEP-010,CC-110,CAT-011,29916.53,Capital,REG-02
BUD-202507-DEP-010-CC-108-CAT-010,2025,Q3,July,DEP-010,CC-108,CAT-010,27811.93,Capital,REG-02
BUD-202507-DEP-010-CC-112-CAT-015,2025,Q3,July,DEP-010,CC-112,CAT-015,28964.81,Departmental,REG-08
BUD-202507-DEP-010-CC-120-CAT-002,2025,Q3,July,DEP-010,CC-120,CAT-002,21062.54,Departmental,REG-07
BUD-202506-DEP-001-CC-118-CAT-008,2025,Q2,June,DEP-001,CC-118,CAT-008,49339.23,Capital,REG-08
BUD-202506-DEP-001-CC-115-CAT-002,2025,Q2,June,DEP-001,CC-115,CAT-002,27932.51,Operating,REG-06
BUD-202506-DEP-001-CC-114-CAT-001,2025,Q2,June,DEP-001,CC-114,CAT-001,40452.8,Capital,REG-02
BUD-202506-DEP-001-CC-112-CAT-005,2025,Q2,June,DEP-001,CC-112,CAT-005,30479.59,Capital,REG-07
BUD-202506-DEP-001-CC-119-CAT-011,2025,Q2,June,DEP-001,CC-119,CAT-011,41671.48,Capital,REG-08
BUD-202506-DEP-001-CC-120-CAT-008,2025,Q2,June,DEP-001,CC-120,CAT-008,48332.36,Operating,REG-08
BUD-202506-DEP-001-CC-111-CAT-008,2025,Q2,June,DEP-001,CC-111,CAT-008,46156.7,Capital,REG-02
BUD-202506-DEP-001-CC-111-CAT-014,2025,Q2,June,DEP-001,CC-111,CAT-014,37754.4,Operating,REG-02
BUD-202506-DEP-001-CC-112-CAT-002,2025,Q2,June,DEP-001,CC-112,CAT-002,26649.67,Capital,REG-07
BUD-202506-DEP-001-CC-112-CAT-010,2025,Q2,June,DEP-001,CC-112,CAT-010,31223.3,Departmental,REG-04
BUD-202506-DEP-001-CC-113-CAT-006,2025,Q2,June,DEP-001,CC-113,CAT-006,44754.6,Operating,REG-06
BUD-202506-DEP-001-CC-118-CAT-007,2025,Q2,June,DEP-001,CC-118,CAT-007,23772.53,Operating,REG-04
BUD-202506-DEP-001-CC-110-CAT-002,2025,Q2,June,DEP-001,CC-110,CAT-002,27883.44,Operating,REG-08
BUD-202506-DEP-001-CC-110-CAT-014,2025,Q2,June,DEP-001,CC-110,CAT-014,31036.81,Departmental,REG-05
BUD-202506-DEP-001-CC-120-CAT-012,2025,Q2,June,DEP-001,CC-120,CAT-012,26760.74,Operating,REG-07
BUD-202506-DEP-001-CC-112-CAT-010,2025,Q2,June,DEP-001,CC-112,CAT-010,32091.97,Project,REG-08
BUD-202506-DEP-001-CC-110-CAT-001,2025,Q2,June,DEP-001,CC-110,CAT-001,47933.74,Operating,REG-07
BUD-202506-DEP-001-CC-117-CAT-004,2025,Q2,June,DEP-001,CC-117,CAT-004,50107.56,Operating,REG-01
BUD-202506-DEP-001-CC-101-CAT-008,2025,Q2,June,DEP-001,CC-101,CAT-008,50539.17,Project,REG-06
BUD-202506-DEP-001-CC-116-CAT-011,2025,Q2,June,DEP-001,CC-116,CAT-011,42623.2,Operating,REG-03
BUD-202506-DEP-001-CC-118-CAT-003,2025,Q2,June,DEP-001,CC-118,CAT-003,33585.77,Departmental,REG-06
BUD-202506-DEP-001-CC-114-CAT-005,2025,Q2,June,DEP-001,CC-114,CAT-005,33145.82,Operating,REG-07
BUD-202506-DEP-001-CC-104-CAT-004,2025,Q2,June,DEP-001,CC-104,CAT-004,55174.98,Operating,REG-08
BUD-202506-DEP-001-CC-109-CAT-005,2025,Q2,June,DEP-001,CC-109,CAT-005,28251.92,Operating,REG-03
BUD-202506-DEP-001-CC-101-CAT-004,2025,Q2,June,DEP-001,CC-101,CAT-004,48670.02,Capital,REG-04
BUD-202506-DEP-001-CC-107-CAT-013,2025,Q2,June,DEP-001,CC-107,CAT-013,46865.47,Operating,REG-04
BUD-202506-DEP-001-CC-103-CAT-001,2025,Q2,June,DEP-001,CC-103,CAT-001,44447.58,Operating,REG-02
BUD-202506-DEP-001-CC-101-CAT-009,2025,Q2,June,DEP-001,CC-101,CAT-009,32853.33,Departmental,REG-08
BUD-202506-DEP-001-CC-105-CAT-002,2025,Q2,June,DEP-001,CC-105,CAT-002,26567.61,Operating,REG-04
BUD-202506-DEP-001-CC-116-CAT-002,2025,Q2,June,DEP-001,CC-116,CAT-002,25172.66,Project,REG-05
BUD-202506-DEP-001-CC-112-CAT-004,2025,Q2,June,DEP-001,CC-112,CAT-004,57068.07,Capital,REG-08
BUD-202506-DEP-001-CC-103-CAT-010,2025,Q2,June,DEP-001,CC-103,CAT-010,27848.55,Project,REG-02
BUD-202506-DEP-001-CC-101-CAT-002,2025,Q2,June,DEP-001,CC-101,CAT-002,28988.95,Operating,REG-01
BUD-202506-DEP-001-CC-112-CAT-007,2025,Q2,June,DEP-001,CC-112,CAT-007,23310.38,Operating,REG-04
BUD-202506-DEP-001-CC-111-CAT-003,2025,Q2,June,DEP-001,CC-111,CAT-003,35842.77,Operating,REG-04
BUD-202506-DEP-001-CC-103-CAT-014,2025,Q2,June,DEP-001,CC-103,CAT-014,38402.56,Capital,REG-03
BUD-202506-DEP-001-CC-113-CAT-010,2025,Q2,June,DEP-001,CC-113,CAT-010,30191.43,Capital,REG-05
BUD-202506-DEP-001-CC-117-CAT-005,2025,Q2,June,DEP-001,CC-117,CAT-005,32896.09,Departmental,REG-01
BUD-202506-DEP-001-CC-109-CAT-013,2025,Q2,June,DEP-001,CC-109,CAT-013,47626.54,Operating,REG-07
BUD-202506-DEP-001-CC-112-CAT-014,2025,Q2,June,DEP-001,CC-112,CAT-014,38387.53,Operating,REG-01
BUD-202506-DEP-001-CC-113-CAT-014,2025,Q2,June,DEP-001,CC-113,CAT-014,33323.89,Departmental,REG-07
BUD-202506-DEP-001-CC-106-CAT-010,2025,Q2,June,DEP-001,CC-106,CAT-010,32377.19,Operating,REG-07
BUD-202506-DEP-002-CC-113-CAT-004,2025,Q2,June,DEP-002,CC-113,CAT-004,40208.73,Operating,REG-03
BUD-202506-DEP-002-CC-119-CAT-004,2025,Q2,June,DEP-002,CC-119,CAT-004,33156.74,Capital,REG-01
BUD-202506-DEP-002-CC-105-CAT-010,2025,Q2,June,DEP-002,CC-105,CAT-010,18991.32,Project,REG-02
BUD-202506-DEP-002-CC-107-CAT-001,2025,Q2,June,DEP-002,CC-107,CAT-001,29843.27,Operating,REG-05
BUD-202506-DEP-002-CC-119-CAT-010,2025,Q2,June,DEP-002,CC-119,CAT-010,20277.58,Operating,REG-03
BUD-202506-DEP-002-CC-115-CAT-002,2025,Q2,June,DEP-002,CC-115,CAT-002,17858.88,Operating,REG-05
BUD-202506-DEP-002-CC-102-CAT-010,2025,Q2,June,DEP-002,CC-102,CAT-010,20262.68,Departmental,REG-05
BUD-202506-DEP-002-CC-117-CAT-001,2025,Q2,June,DEP-002,CC-117,CAT-001,35023.9,Project,REG-05
BUD-202506-DEP-002-CC-107-CAT-007,2025,Q2,June,DEP-002,CC-107,CAT-007,15368.82,Operating,REG-07
BUD-202506-DEP-002-CC-119-CAT-005,2025,Q2,June,DEP-002,CC-119,CAT-005,22038.79,Operating,REG-08
BUD-202506-DEP-002-CC-102-CAT-011,2025,Q2,June,DEP-002,CC-102,CAT-011,30585.45,Operating,REG-08
BUD-202506-DEP-002-CC-116-CAT-014,2025,Q2,June,DEP-002,CC-116,CAT-014,24284.49,Departmental,REG-06
BUD-202506-DEP-002-CC-119-CAT-007,2025,Q2,June,DEP-002,CC-119,CAT-007,14578.46,Operating,REG-04
BUD-202506-DEP-002-CC-116-CAT-004,2025,Q2,June,DEP-002,CC-116,CAT-004,33074.68,Operating,REG-04
BUD-202506-DEP-002-CC-104-CAT-004,2025,Q2,June,DEP-002,CC-104,CAT-004,38571.82,Operating,REG-07
BUD-202506-DEP-002-CC-116-CAT-012,2025,Q2,June,DEP-002,CC-116,CAT-012,17627.85,Operating,REG-08
BUD-202506-DEP-002-CC-120-CAT-008,2025,Q2,June,DEP-002,CC-120,CAT-008,33393.73,Operating,REG-02
BUD-202506-DEP-002-CC-105-CAT-013,2025,Q2,June,DEP-002,CC-105,CAT-013,31243.44,Project,REG-04
BUD-202506-DEP-002-CC-103-CAT-003,2025,Q2,June,DEP-002,CC-103,CAT-003,26419.91,Operating,REG-06
BUD-202506-DEP-002-CC-119-CAT-014,2025,Q2,June,DEP-002,CC-119,CAT-014,25173.96,Operating,REG-01
BUD-202506-DEP-002-CC-109-CAT-002,2025,Q2,June,DEP-002,CC-109,CAT-002,20237.54,Operating,REG-06
BUD-202506-DEP-002-CC-111-CAT-015,2025,Q2,June,DEP-002,CC-111,CAT-015,26077.19,Project,REG-03
BUD-202506-DEP-002-CC-117-CAT-011,2025,Q2,June,DEP-002,CC-117,CAT-011,26797.35,Operating,REG-04
BUD-202506-DEP-002-CC-110-CAT-014,2025,Q2,June,DEP-002,CC-110,CAT-014,27105.57,Operating,REG-02
BUD-202506-DEP-002-CC-105-CAT-006,2025,Q2,June,DEP-002,CC-105,CAT-006,30498.81,Operating,REG-04
BUD-202506-DEP-002-CC-105-CAT-007,2025,Q2,June,DEP-002,CC-105,CAT-007,14454.15,Operating,REG-02
BUD-202506-DEP-002-CC-118-CAT-004,2025,Q2,June,DEP-002,CC-118,CAT-004,40553.04,Operating,REG-01
BUD-202506-DEP-002-CC-110-CAT-002,2025,Q2,June,DEP-002,CC-110,CAT-002,18936.46,Operating,REG-05
BUD-202506-DEP-002-CC-119-CAT-012,2025,Q2,June,DEP-002,CC-119,CAT-012,21468.43,Operating,REG-05
BUD-202506-DEP-002-CC-112-CAT-013,2025,Q2,June,DEP-002,CC-112,CAT-013,30096.66,Operating,REG-04
BUD-202506-DEP-002-CC-117-CAT-002,2025,Q2,June,DEP-002,CC-117,CAT-002,17507.7,Departmental,REG-01
BUD-202506-DEP-002-CC-120-CAT-001,2025,Q2,June,DEP-002,CC-120,CAT-001,34464.38,Operating,REG-01
BUD-202506-DEP-002-CC-104-CAT-014,2025,Q2,June,DEP-002,CC-104,CAT-014,27003.96,Project,REG-02
BUD-202506-DEP-002-CC-115-CAT-008,2025,Q2,June,DEP-002,CC-115,CAT-008,35562.32,Operating,REG-03
BUD-202506-DEP-002-CC-118-CAT-008,2025,Q2,June,DEP-002,CC-118,CAT-008,33850.07,Operating,REG-01
BUD-202506-DEP-002-CC-105-CAT-011,2025,Q2,June,DEP-002,CC-105,CAT-011,27565.06,Capital,REG-01
BUD-202506-DEP-002-CC-101-CAT-004,2025,Q2,June,DEP-002,CC-101,CAT-004,35944.96,Operating,REG-07
BUD-202506-DEP-002-CC-101-CAT-008,2025,Q2,June,DEP-002,CC-101,CAT-008,33694.79,Project,REG-06
BUD-202506-DEP-002-CC-116-CAT-005,2025,Q2,June,DEP-002,CC-116,CAT-005,24276.07,Operating,REG-06
BUD-202506-DEP-002-CC-107-CAT-015,2025,Q2,June,DEP-002,CC-107,CAT-015,29866.66,Departmental,REG-06
BUD-202506-DEP-003-CC-118-CAT-011,2025,Q2,June,DEP-003,CC-118,CAT-011,47380.93,Operating,REG-01
BUD-202506-DEP-003-CC-118-CAT-006,2025,Q2,June,DEP-003,CC-118,CAT-006,46409.76,Operating,REG-03
BUD-202506-DEP-003-CC-106-CAT-014,2025,Q2,June,DEP-003,CC-106,CAT-014,40521.18,Capital,REG-08
BUD-202506-DEP-003-CC-112-CAT-013,2025,Q2,June,DEP-003,CC-112,CAT-013,52941.82,Capital,REG-08
BUD-202506-DEP-003-CC-118-CAT-003,2025,Q2,June,DEP-003,CC-118,CAT-003,47301.88,Operating,REG-04
BUD-202506-DEP-003-CC-115-CAT-007,2025,Q2,June,DEP-003,CC-115,CAT-007,29936.96,Departmental,REG-04
BUD-202506-DEP-003-CC-120-CAT-011,2025,Q2,June,DEP-003,CC-120,CAT-011,49059.76,Capital,REG-08
BUD-202506-DEP-003-CC-109-CAT-010,2025,Q2,June,DEP-003,CC-109,CAT-010,31616.55,Capital,REG-02
BUD-202506-DEP-003-CC-105-CAT-014,2025,Q2,June,DEP-003,CC-105,CAT-014,36300.06,Operating,REG-06
BUD-202506-DEP-003-CC-101-CAT-011,2025,Q2,June,DEP-003,CC-101,CAT-011,43521.28,Capital,REG-06
BUD-202506-DEP-003-CC-106-CAT-001,2025,Q2,June,DEP-003,CC-106,CAT-001,52909.5,Capital,REG-06
BUD-202506-DEP-003-CC-107-CAT-002,2025,Q2,June,DEP-003,CC-107,CAT-002,27714.27,Operating,REG-05
BUD-202506-DEP-003-CC-103-CAT-001,2025,Q2,June,DEP-003,CC-103,CAT-001,48141.12,Operating,REG-08
BUD-202506-DEP-003-CC-116-CAT-014,2025,Q2,June,DEP-003,CC-116,CAT-014,37186.56,Project,REG-02
BUD-202506-DEP-003-CC-116-CAT-004,2025,Q2,June,DEP-003,CC-116,CAT-004,57844.8,Capital,REG-08
BUD-202506-DEP-003-CC-117-CAT-005,2025,Q2,June,DEP-003,CC-117,CAT-005,39313.21,Operating,REG-01
BUD-202506-DEP-003-CC-115-CAT-011,2025,Q2,June,DEP-003,CC-115,CAT-011,42209.46,Operating,REG-06
BUD-202506-DEP-003-CC-119-CAT-008,2025,Q2,June,DEP-003,CC-119,CAT-008,59205.25,Project,REG-07
BUD-202506-DEP-003-CC-111-CAT-005,2025,Q2,June,DEP-003,CC-111,CAT-005,34995.83,Operating,REG-06
BUD-202506-DEP-003-CC-102-CAT-001,2025,Q2,June,DEP-003,CC-102,CAT-001,52486.01,Capital,REG-05
BUD-202506-DEP-003-CC-118-CAT-006,2025,Q2,June,DEP-003,CC-118,CAT-006,53190.2,Operating,REG-06
BUD-202506-DEP-003-CC-108-CAT-007,2025,Q2,June,DEP-003,CC-108,CAT-007,28170.79,Operating,REG-03
BUD-202506-DEP-003-CC-115-CAT-009,2025,Q2,June,DEP-003,CC-115,CAT-009,41347.78,Operating,REG-02
BUD-202506-DEP-003-CC-113-CAT-003,2025,Q2,June,DEP-003,CC-113,CAT-003,43549.9,Capital,REG-02
BUD-202506-DEP-003-CC-108-CAT-001,2025,Q2,June,DEP-003,CC-108,CAT-001,48819.02,Operating,REG-08
BUD-202506-DEP-003-CC-115-CAT-013,2025,Q2,June,DEP-003,CC-115,CAT-013,45716.97,Operating,REG-02
BUD-202506-DEP-003-CC-115-CAT-012,2025,Q2,June,DEP-003,CC-115,CAT-012,33213.78,Capital,REG-07
BUD-202506-DEP-003-CC-114-CAT-008,2025,Q2,June,DEP-003,CC-114,CAT-008,51807.1,Project,REG-05
BUD-202506-DEP-003-CC-107-CAT-003,2025,Q2,June,DEP-003,CC-107,CAT-003,44773.85,Operating,REG-06
BUD-202506-DEP-003-CC-118-CAT-002,2025,Q2,June,DEP-003,CC-118,CAT-002,30877.04,Departmental,REG-04
BUD-202506-DEP-003-CC-117-CAT-003,2025,Q2,June,DEP-003,CC-117,CAT-003,44271.07,Project,REG-08
BUD-202506-DEP-003-CC-114-CAT-004,2025,Q2,June,DEP-003,CC-114,CAT-004,54663.62,Capital,REG-05
BUD-202506-DEP-003-CC-111-CAT-009,2025,Q2,June,DEP-003,CC-111,CAT-009,42776.13,Departmental,REG-05
BUD-202506-DEP-003-CC-110-CAT-007,2025,Q2,June,DEP-003,CC-110,CAT-007,25887.52,Operating,REG-07
BUD-202506-DEP-004-CC-105-CAT-006,2025,Q2,June,DEP-004,CC-105,CAT-006,32317.73,Operating,REG-03
BUD-202506-DEP-004-CC-103-CAT-010,2025,Q2,June,DEP-004,CC-103,CAT-010,22583.8,Project,REG-02
BUD-202506-DEP-004-CC-116-CAT-012,2025,Q2,June,DEP-004,CC-116,CAT-012,20101.38,Capital,REG-07
BUD-202506-DEP-004-CC-118-CAT-010,2025,Q2,June,DEP-004,CC-118,CAT-010,22277.54,Operating,REG-08
BUD-202506-DEP-004-CC-112-CAT-011,2025,Q2,June,DEP-004,CC-112,CAT-011,28495.18,Operating,REG-07
BUD-202506-DEP-004-CC-106-CAT-011,2025,Q2,June,DEP-004,CC-106,CAT-011,29629.06,Capital,REG-02
BUD-202506-DEP-004-CC-106-CAT-002,2025,Q2,June,DEP-004,CC-106,CAT-002,20444.6,Departmental,REG-05
BUD-202506-DEP-004-CC-110-CAT-003,2025,Q2,June,DEP-004,CC-110,CAT-003,30646.33,Project,REG-08
BUD-202506-DEP-004-CC-118-CAT-012,2025,Q2,June,DEP-004,CC-118,CAT-012,20705.39,Capital,REG-08
BUD-202506-DEP-004-CC-106-CAT-013,2025,Q2,June,DEP-004,CC-106,CAT-013,37211.07,Capital,REG-06
BUD-202506-DEP-004-CC-118-CAT-008,2025,Q2,June,DEP-004,CC-118,CAT-008,37980.35,Operating,REG-05
BUD-202506-DEP-004-CC-120-CAT-009,2025,Q2,June,DEP-004,CC-120,CAT-009,28906.7,Operating,REG-04
BUD-202506-DEP-004-CC-114-CAT-002,2025,Q2,June,DEP-004,CC-114,CAT-002,20857.95,Project,REG-02
BUD-202506-DEP-004-CC-111-CAT-004,2025,Q2,June,DEP-004,CC-111,CAT-004,46047.72,Departmental,REG-05
BUD-202506-DEP-004-CC-104-CAT-001,2025,Q2,June,DEP-004,CC-104,CAT-001,36910.04,Project,REG-04
BUD-202506-DEP-004-CC-114-CAT-006,2025,Q2,June,DEP-004,CC-114,CAT-006,35118.56,Operating,REG-04
BUD-202506-DEP-004-CC-117-CAT-005,2025,Q2,June,DEP-004,CC-117,CAT-005,23910.65,Operating,REG-06
BUD-202506-DEP-004-CC-113-CAT-010,2025,Q2,June,DEP-004,CC-113,CAT-010,25255.1,Capital,REG-07
BUD-202506-DEP-004-CC-116-CAT-012,2025,Q2,June,DEP-004,CC-116,CAT-012,22114.44,Operating,REG-03
BUD-202506-DEP-004-CC-119-CAT-014,2025,Q2,June,DEP-004,CC-119,CAT-014,26975.35,Operating,REG-04
BUD-202506-DEP-004-CC-115-CAT-012,2025,Q2,June,DEP-004,CC-115,CAT-012,21777.87,Operating,REG-06
BUD-202506-DEP-004-CC-104-CAT-014,2025,Q2,June,DEP-004,CC-104,CAT-014,25888.91,Operating,REG-08
BUD-202506-DEP-004-CC-115-CAT-010,2025,Q2,June,DEP-004,CC-115,CAT-010,23512.37,Operating,REG-03
BUD-202506-DEP-004-CC-116-CAT-005,2025,Q2,June,DEP-004,CC-116,CAT-005,22669.44,Project,REG-07
BUD-202506-DEP-004-CC-119-CAT-014,2025,Q2,June,DEP-004,CC-119,CAT-014,24758.46,Departmental,REG-07
BUD-202506-DEP-004-CC-118-CAT-006,2025,Q2,June,DEP-004,CC-118,CAT-006,33430.73,Operating,REG-03
BUD-202506-DEP-004-CC-105-CAT-011,2025,Q2,June,DEP-004,CC-105,CAT-011,30314.92,Operating,REG-05
BUD-202506-DEP-004-CC-117-CAT-014,2025,Q2,June,DEP-004,CC-117,CAT-014,25797.44,Operating,REG-07
BUD-202506-DEP-004-CC-106-CAT-001,2025,Q2,June,DEP-004,CC-106,CAT-001,33101.59,Operating,REG-05
BUD-202506-DEP-004-CC-106-CAT-007,2025,Q2,June,DEP-004,CC-106,CAT-007,16174.04,Capital,REG-03
BUD-202506-DEP-004-CC-120-CAT-015,2025,Q2,June,DEP-004,CC-120,CAT-015,30141.73,Capital,REG-04
BUD-202506-DEP-004-CC-115-CAT-011,2025,Q2,June,DEP-004,CC-115,CAT-011,28858.78,Operating,REG-08
BUD-202506-DEP-004-CC-111-CAT-010,2025,Q2,June,DEP-004,CC-111,CAT-010,25314.48,Capital,REG-01
BUD-202506-DEP-004-CC-113-CAT-012,2025,Q2,June,DEP-004,CC-113,CAT-012,23487.93,Operating,REG-04
BUD-202506-DEP-004-CC-115-CAT-002,2025,Q2,June,DEP-004,CC-115,CAT-002,22658.66,Operating,REG-08
BUD-202506-DEP-004-CC-108-CAT-001,2025,Q2,June,DEP-004,CC-108,CAT-001,37966.94,Departmental,REG-08
BUD-202506-DEP-004-CC-113-CAT-013,2025,Q2,June,DEP-004,CC-113,CAT-013,31533.93,Operating,REG-06
BUD-202506-DEP-004-CC-111-CAT-007,2025,Q2,June,DEP-004,CC-111,CAT-007,19985.72,Operating,REG-05
BUD-202506-DEP-004-CC-118-CAT-007,2025,Q2,June,DEP-004,CC-118,CAT-007,16437.43,Capital,REG-01
BUD-202506-DEP-004-CC-118-CAT-012,2025,Q2,June,DEP-004,CC-118,CAT-012,22725.95,Departmental,REG-07
BUD-202506-DEP-004-CC-107-CAT-004,2025,Q2,June,DEP-004,CC-107,CAT-004,39828.0,Departmental,REG-01
BUD-202506-DEP-004-CC-106-CAT-001,2025,Q2,June,DEP-004,CC-106,CAT-001,31274.11,Operating,REG-01
BUD-202506-DEP-004-CC-115-CAT-003,2025,Q2,June,DEP-004,CC-115,CAT-003,29380.26,Operating,REG-08
BUD-202506-DEP-004-CC-107-CAT-005,2025,Q2,June,DEP-004,CC-107,CAT-005,25342.5,Project,REG-07
BUD-202506-DEP-004-CC-117-CAT-013,2025,Q2,June,DEP-004,CC-117,CAT-013,37842.13,Capital,REG-03
BUD-202506-DEP-004-CC-109-CAT-001,2025,Q2,June,DEP-004,CC-109,CAT-001,38345.71,Capital,REG-08
BUD-202506-DEP-004-CC-117-CAT-004,2025,Q2,June,DEP-004,CC-117,CAT-004,40488.8,Operating,REG-01
BUD-202506-DEP-005-CC-105-CAT-011,2025,Q2,June,DEP-005,CC-105,CAT-011,32289.73,Operating,REG-03
BUD-202506-DEP-005-CC-101-CAT-001,2025,Q2,June,DEP-005,CC-101,CAT-001,42890.51,Operating,REG-04
BUD-202506-DEP-005-CC-115-CAT-005,2025,Q2,June,DEP-005,CC-115,CAT-005,30482.99,Operating,REG-03
BUD-202506-DEP-005-CC-119-CAT-010,2025,Q2,June,DEP-005,CC-119,CAT-010,28340.58,Departmental,REG-02
BUD-202506-DEP-005-CC-107-CAT-006,2025,Q2,June,DEP-005,CC-107,CAT-006,33766.0,Operating,REG-04
BUD-202506-DEP-005-CC-108-CAT-002,2025,Q2,June,DEP-005,CC-108,CAT-002,26801.01,Project,REG-04
BUD-202506-DEP-005-CC-117-CAT-008,2025,Q2,June,DEP-005,CC-117,CAT-008,42060.35,Departmental,REG-06
BUD-202506-DEP-005-CC-104-CAT-005,2025,Q2,June,DEP-005,CC-104,CAT-005,26661.94,Operating,REG-03
BUD-202506-DEP-005-CC-111-CAT-006,2025,Q2,June,DEP-005,CC-111,CAT-006,34209.69,Operating,REG-07
BUD-202506-DEP-005-CC-101-CAT-003,2025,Q2,June,DEP-005,CC-101,CAT-003,34187.65,Capital,REG-08
BUD-202506-DEP-005-CC-118-CAT-003,2025,Q2,June,DEP-005,CC-118,CAT-003,30793.6,Capital,REG-06
BUD-202506-DEP-005-CC-111-CAT-011,2025,Q2,June,DEP-005,CC-111,CAT-011,37037.32,Operating,REG-03
BUD-202506-DEP-005-CC-104-CAT-007,2025,Q2,June,DEP-005,CC-104,CAT-007,19739.71,Capital,REG-07
BUD-202506-DEP-005-CC-105-CAT-008,2025,Q2,June,DEP-005,CC-105,CAT-008,39154.67,Operating,REG-03
BUD-202506-DEP-005-CC-109-CAT-013,2025,Q2,June,DEP-005,CC-109,CAT-013,43190.44,Operating,REG-08
BUD-202506-DEP-005-CC-111-CAT-015,2025,Q2,June,DEP-005,CC-111,CAT-015,34486.33,Capital,REG-08
BUD-202506-DEP-005-CC-103-CAT-005,2025,Q2,June,DEP-005,CC-103,CAT-005,29377.93,Capital,REG-07
BUD-202506-DEP-005-CC-120-CAT-008,2025,Q2,June,DEP-005,CC-120,CAT-008,39213.96,Capital,REG-04
BUD-202506-DEP-005-CC-115-CAT-002,2025,Q2,June,DEP-005,CC-115,CAT-002,22219.64,Operating,REG-03
BUD-202506-DEP-005-CC-112-CAT-003,2025,Q2,June,DEP-005,CC-112,CAT-003,31373.19,Operating,REG-01
BUD-202506-DEP-005-CC-101-CAT-003,2025,Q2,June,DEP-005,CC-101,CAT-003,29778.2,Project,REG-01
BUD-202506-DEP-005-CC-113-CAT-003,2025,Q2,June,DEP-005,CC-113,CAT-003,36229.54,Operating,REG-02
BUD-202506-DEP-005-CC-109-CAT-014,2025,Q2,June,DEP-005,CC-109,CAT-014,28432.47,Project,REG-02
BUD-202506-DEP-005-CC-116-CAT-001,2025,Q2,June,DEP-005,CC-116,CAT-001,37131.94,Operating,REG-07
BUD-202506-DEP-005-CC-112-CAT-013,2025,Q2,June,DEP-005,CC-112,CAT-013,36799.24,Capital,REG-07
BUD-202506-DEP-005-CC-117-CAT-012,2025,Q2,June,DEP-005,CC-117,CAT-012,27422.49,Operating,REG-02
BUD-202506-DEP-005-CC-111-CAT-009,2025,Q2,June,DEP-005,CC-111,CAT-009,30280.51,Operating,REG-04
BUD-202506-DEP-005-CC-116-CAT-006,2025,Q2,June,DEP-005,CC-116,CAT-006,42032.91,Operating,REG-01
BUD-202506-DEP-005-CC-112-CAT-014,2025,Q2,June,DEP-005,CC-112,CAT-014,32781.19,Project,REG-05
BUD-202506-DEP-005-CC-114-CAT-005,2025,Q2,June,DEP-005,CC-114,CAT-005,30166.85,Capital,REG-07
BUD-202506-DEP-005-CC-120-CAT-010,2025,Q2,June,DEP-005,CC-120,CAT-010,29068.49,Operating,REG-08
BUD-202506-DEP-005-CC-105-CAT-005,2025,Q2,June,DEP-005,CC-105,CAT-005,31966.31,Project,REG-03
BUD-202506-DEP-005-CC-116-CAT-015,2025,Q2,June,DEP-005,CC-116,CAT-015,34994.96,Operating,REG-05
BUD-202506-DEP-005-CC-120-CAT-013,2025,Q2,June,DEP-005,CC-120,CAT-013,42144.75,Project,REG-08
BUD-202506-DEP-005-CC-119-CAT-015,2025,Q2,June,DEP-005,CC-119,CAT-015,33119.15,Operating,REG-05
BUD-202506-DEP-005-CC-118-CAT-011,2025,Q2,June,DEP-005,CC-118,CAT-011,38466.73,Operating,REG-07
BUD-202506-DEP-005-CC-106-CAT-010,2025,Q2,June,DEP-005,CC-106,CAT-010,25903.32,Project,REG-07
BUD-202506-DEP-005-CC-114-CAT-015,2025,Q2,June,DEP-005,CC-114,CAT-015,36593.8,Project,REG-04
BUD-202506-DEP-005-CC-107-CAT-001,2025,Q2,June,DEP-005,CC-107,CAT-001,41942.68,Capital,REG-05
BUD-202506-DEP-005-CC-110-CAT-002,2025,Q2,June,DEP-005,CC-110,CAT-002,21817.96,Operating,REG-06
BUD-202506-DEP-005-CC-104-CAT-013,2025,Q2,June,DEP-005,CC-104,CAT-013,34950.81,Departmental,REG-04
BUD-202506-DEP-006-CC-117-CAT-002,2025,Q2,June,DEP-006,CC-117,CAT-002,16906.17,Project,REG-05
BUD-202506-DEP-006-CC-104-CAT-005,2025,Q2,June,DEP-006,CC-104,CAT-005,19487.8,Operating,REG-03
BUD-202506-DEP-006-CC-103-CAT-008,2025,Q2,June,DEP-006,CC-103,CAT-008,32120.01,Operating,REG-01
BUD-202506-DEP-006-CC-112-CAT-010,2025,Q2,June,DEP-006,CC-112,CAT-010,17915.88,Capital,REG-07
BUD-202506-DEP-006-CC-111-CAT-001,2025,Q2,June,DEP-006,CC-111,CAT-001,30039.84,Operating,REG-04
BUD-202506-DEP-006-CC-119-CAT-003,2025,Q2,June,DEP-006,CC-119,CAT-003,24154.44,Project,REG-04
BUD-202506-DEP-006-CC-104-CAT-013,2025,Q2,June,DEP-006,CC-104,CAT-013,26965.68,Departmental,REG-07
BUD-202506-DEP-006-CC-112-CAT-009,2025,Q2,June,DEP-006,CC-112,CAT-009,18521.45,Operating,REG-06
BUD-202506-DEP-006-CC-102-CAT-001,2025,Q2,June,DEP-006,CC-102,CAT-001,29303.98,Project,REG-01
BUD-202506-DEP-006-CC-108-CAT-015,2025,Q2,June,DEP-006,CC-108,CAT-015,25760.64,Operating,REG-04
BUD-202506-DEP-006-CC-109-CAT-002,2025,Q2,June,DEP-006,CC-109,CAT-002,18118.34,Departmental,REG-02
BUD-202506-DEP-006-CC-102-CAT-015,2025,Q2,June,DEP-006,CC-102,CAT-015,22862.43,Capital,REG-02
BUD-202506-DEP-006-CC-118-CAT-001,2025,Q2,June,DEP-006,CC-118,CAT-001,29846.87,Departmental,REG-01
BUD-202506-DEP-006-CC-116-CAT-001,2025,Q2,June,DEP-006,CC-116,CAT-001,26185.9,Operating,REG-06
BUD-202506-DEP-006-CC-111-CAT-003,2025,Q2,June,DEP-006,CC-111,CAT-003,20849.89,Project,REG-01
BUD-202506-DEP-006-CC-108-CAT-010,2025,Q2,June,DEP-006,CC-108,CAT-010,18639.12,Project,REG-08
BUD-202506-DEP-006-CC-120-CAT-007,2025,Q2,June,DEP-006,CC-120,CAT-007,14464.79,Operating,REG-02
BUD-202506-DEP-006-CC-113-CAT-002,2025,Q2,June,DEP-006,CC-113,CAT-002,15216.76,Capital,REG-01
BUD-202506-DEP-006-CC-111-CAT-014,2025,Q2,June,DEP-006,CC-111,CAT-014,23690.47,Operating,REG-01
BUD-202506-DEP-006-CC-110-CAT-011,2025,Q2,June,DEP-006,CC-110,CAT-011,22270.91,Departmental,REG-06
BUD-202506-DEP-006-CC-101-CAT-007,2025,Q2,June,DEP-006,CC-101,CAT-007,13184.26,Capital,REG-06
BUD-202506-DEP-006-CC-108-CAT-009,2025,Q2,June,DEP-006,CC-108,CAT-009,22996.52,Departmental,REG-04
BUD-202506-DEP-006-CC-117-CAT-010,2025,Q2,June,DEP-006,CC-117,CAT-010,20511.59,Departmental,REG-02
BUD-202506-DEP-006-CC-120-CAT-005,2025,Q2,June,DEP-006,CC-120,CAT-005,19756.06,Operating,REG-04
BUD-202506-DEP-006-CC-103-CAT-013,2025,Q2,June,DEP-006,CC-103,CAT-013,29293.21,Operating,REG-05
BUD-202506-DEP-006-CC-118-CAT-001,2025,Q2,June,DEP-006,CC-118,CAT-001,29254.9,Operating,REG-08
BUD-202506-DEP-006-CC-104-CAT-004,2025,Q2,June,DEP-006,CC-104,CAT-004,29148.36,Operating,REG-05
BUD-202506-DEP-006-CC-115-CAT-010,2025,Q2,June,DEP-006,CC-115,CAT-010,17927.0,Departmental,REG-06
BUD-202506-DEP-006-CC-110-CAT-011,2025,Q2,June,DEP-006,CC-110,CAT-011,26711.85,Operating,REG-01
BUD-202506-DEP-006-CC-105-CAT-012,2025,Q2,June,DEP-006,CC-105,CAT-012,16188.13,Capital,REG-01
BUD-202506-DEP-006-CC-102-CAT-001,2025,Q2,June,DEP-006,CC-102,CAT-001,24610.69,Operating,REG-02
BUD-202506-DEP-006-CC-113-CAT-001,2025,Q2,June,DEP-006,CC-113,CAT-001,27073.19,Operating,REG-04
BUD-202506-DEP-006-CC-108-CAT-003,2025,Q2,June,DEP-006,CC-108,CAT-003,22985.88,Departmental,REG-02
BUD-202506-DEP-006-CC-112-CAT-012,2025,Q2,June,DEP-006,CC-112,CAT-012,17615.65,Capital,REG-08
BUD-202506-DEP-006-CC-116-CAT-003,2025,Q2,June,DEP-006,CC-116,CAT-003,22257.85,Operating,REG-07
BUD-202506-DEP-006-CC-117-CAT-011,2025,Q2,June,DEP-006,CC-117,CAT-011,24605.37,Operating,REG-03
BUD-202506-DEP-006-CC-101-CAT-012,2025,Q2,June,DEP-006,CC-101,CAT-012,15526.16,Operating,REG-01
BUD-202506-DEP-006-CC-116-CAT-007,2025,Q2,June,DEP-006,CC-116,CAT-007,14762.67,Departmental,REG-07
BUD-202506-DEP-006-CC-115-CAT-011,2025,Q2,June,DEP-006,CC-115,CAT-011,27170.71,Departmental,REG-01
BUD-202506-DEP-006-CC-119-CAT-012,2025,Q2,June,DEP-006,CC-119,CAT-012,17020.9,Operating,REG-08
BUD-202506-DEP-006-CC-117-CAT-008,2025,Q2,June,DEP-006,CC-117,CAT-008,30029.78,Operating,REG-08
BUD-202506-DEP-006-CC-117-CAT-007,2025,Q2,June,DEP-006,CC-117,CAT-007,15333.54,Project,REG-05
BUD-202506-DEP-006-CC-102-CAT-001,2025,Q2,June,DEP-006,CC-102,CAT-001,26235.67,Departmental,REG-05
BUD-202506-DEP-006-CC-112-CAT-003,2025,Q2,June,DEP-006,CC-112,CAT-003,23836.38,Operating,REG-07
BUD-202506-DEP-006-CC-108-CAT-013,2025,Q2,June,DEP-006,CC-108,CAT-013,28303.77,Departmental,REG-07
BUD-202506-DEP-006-CC-113-CAT-006,2025,Q2,June,DEP-006,CC-113,CAT-006,26038.48,Capital,REG-07
BUD-202506-DEP-007-CC-109-CAT-001,2025,Q2,June,DEP-007,CC-109,CAT-001,51172.49,Operating,REG-05
BUD-202506-DEP-007-CC-107-CAT-012,2025,Q2,June,DEP-007,CC-107,CAT-012,26845.19,Capital,REG-07
BUD-202506-DEP-007-CC-108-CAT-009,2025,Q2,June,DEP-007,CC-108,CAT-009,34812.33,Departmental,REG-08
BUD-202506-DEP-007-CC-106-CAT-014,2025,Q2,June,DEP-007,CC-106,CAT-014,37283.96,Operating,REG-05
BUD-202506-DEP-007-CC-109-CAT-008,2025,Q2,June,DEP-007,CC-109,CAT-008,46898.51,Departmental,REG-03
BUD-202506-DEP-007-CC-109-CAT-004,2025,Q2,June,DEP-007,CC-109,CAT-004,61660.98,Departmental,REG-08
BUD-202506-DEP-007-CC-118-CAT-009,2025,Q2,June,DEP-007,CC-118,CAT-009,39273.52,Operating,REG-04
BUD-202506-DEP-007-CC-115-CAT-001,2025,Q2,June,DEP-007,CC-115,CAT-001,50025.6,Capital,REG-05
BUD-202506-DEP-007-CC-116-CAT-010,2025,Q2,June,DEP-007,CC-116,CAT-010,31344.65,Operating,REG-03
BUD-202506-DEP-007-CC-108-CAT-010,2025,Q2,June,DEP-007,CC-108,CAT-010,28378.1,Departmental,REG-05
BUD-202506-DEP-007-CC-109-CAT-008,2025,Q2,June,DEP-007,CC-109,CAT-008,49132.71,Operating,REG-07
BUD-202506-DEP-007-CC-110-CAT-009,2025,Q2,June,DEP-007,CC-110,CAT-009,37121.43,Operating,REG-04
BUD-202506-DEP-007-CC-111-CAT-015,2025,Q2,June,DEP-007,CC-111,CAT-015,37519.83,Operating,REG-06
BUD-202506-DEP-007-CC-105-CAT-009,2025,Q2,June,DEP-007,CC-105,CAT-009,37703.47,Operating,REG-06
BUD-202506-DEP-007-CC-112-CAT-015,2025,Q2,June,DEP-007,CC-112,CAT-015,40947.16,Operating,REG-03
BUD-202506-DEP-007-CC-107-CAT-002,2025,Q2,June,DEP-007,CC-107,CAT-002,30203.58,Departmental,REG-04
BUD-202506-DEP-007-CC-110-CAT-007,2025,Q2,June,DEP-007,CC-110,CAT-007,24844.88,Operating,REG-04
BUD-202506-DEP-007-CC-113-CAT-015,2025,Q2,June,DEP-007,CC-113,CAT-015,44295.89,Project,REG-01
BUD-202506-DEP-007-CC-111-CAT-003,2025,Q2,June,DEP-007,CC-111,CAT-003,39031.16,Capital,REG-08
BUD-202506-DEP-007-CC-120-CAT-007,2025,Q2,June,DEP-007,CC-120,CAT-007,23982.92,Project,REG-02
BUD-202506-DEP-007-CC-120-CAT-009,2025,Q2,June,DEP-007,CC-120,CAT-009,32344.75,Project,REG-08
BUD-202506-DEP-007-CC-119-CAT-006,2025,Q2,June,DEP-007,CC-119,CAT-006,41619.18,Operating,REG-07
BUD-202506-DEP-007-CC-101-CAT-013,2025,Q2,June,DEP-007,CC-101,CAT-013,42985.63,Operating,REG-08
BUD-202506-DEP-007-CC-120-CAT-003,2025,Q2,June,DEP-007,CC-120,CAT-003,35937.35,Capital,REG-06
BUD-202506-DEP-007-CC-108-CAT-006,2025,Q2,June,DEP-007,CC-108,CAT-006,43794.93,Operating,REG-08
BUD-202506-DEP-007-CC-106-CAT-011,2025,Q2,June,DEP-007,CC-106,CAT-011,41867.63,Operating,REG-04
BUD-202506-DEP-007-CC-103-CAT-013,2025,Q2,June,DEP-007,CC-103,CAT-013,48101.66,Operating,REG-08
BUD-202506-DEP-007-CC-105-CAT-002,2025,Q2,June,DEP-007,CC-105,CAT-002,25584.56,Operating,REG-08
BUD-202506-DEP-007-CC-106-CAT-010,2025,Q2,June,DEP-007,CC-106,CAT-010,30031.12,Operating,REG-02
BUD-202506-DEP-007-CC-110-CAT-015,2025,Q2,June,DEP-007,CC-110,CAT-015,36404.12,Operating,REG-02
BUD-202506-DEP-007-CC-110-CAT-013,2025,Q2,June,DEP-007,CC-110,CAT-013,45474.4,Operating,REG-08
BUD-202506-DEP-007-CC-113-CAT-008,2025,Q2,June,DEP-007,CC-113,CAT-008,57140.56,Operating,REG-04
BUD-202506-DEP-007-CC-104-CAT-008,2025,Q2,June,DEP-007,CC-104,CAT-008,51968.17,Operating,REG-01
BUD-202506-DEP-007-CC-108-CAT-001,2025,Q2,June,DEP-007,CC-108,CAT-001,50552.36,Departmental,REG-02
BUD-202506-DEP-007-CC-119-CAT-004,2025,Q2,June,DEP-007,CC-119,CAT-004,50757.89,Capital,REG-04
BUD-202506-DEP-007-CC-105-CAT-007,2025,Q2,June,DEP-007,CC-105,CAT-007,25894.69,Project,REG-08
BUD-202506-DEP-007-CC-103-CAT-001,2025,Q2,June,DEP-007,CC-103,CAT-001,53422.74,Operating,REG-04
BUD-202506-DEP-007-CC-117-CAT-004,2025,Q2,June,DEP-007,CC-117,CAT-004,62437.8,Operating,REG-08
BUD-202506-DEP-007-CC-118-CAT-009,2025,Q2,June,DEP-007,CC-118,CAT-009,35259.07,Project,REG-03
BUD-202506-DEP-008-CC-120-CAT-015,2025,Q2,June,DEP-008,CC-120,CAT-015,29583.3,Operating,REG-01
BUD-202506-DEP-008-CC-109-CAT-005,2025,Q2,June,DEP-008,CC-109,CAT-005,21391.09,Operating,REG-04
BUD-202506-DEP-008-CC-114-CAT-011,2025,Q2,June,DEP-008,CC-114,CAT-011,32884.4,Capital,REG-02
BUD-202506-DEP-008-CC-105-CAT-010,2025,Q2,June,DEP-008,CC-105,CAT-010,24175.65,Operating,REG-06
BUD-202506-DEP-008-CC-120-CAT-009,2025,Q2,June,DEP-008,CC-120,CAT-009,26825.93,Operating,REG-07
BUD-202506-DEP-008-CC-111-CAT-012,2025,Q2,June,DEP-008,CC-111,CAT-012,19107.57,Departmental,REG-02
BUD-202506-DEP-008-CC-104-CAT-005,2025,Q2,June,DEP-008,CC-104,CAT-005,22131.25,Departmental,REG-07
BUD-202506-DEP-008-CC-104-CAT-014,2025,Q2,June,DEP-008,CC-104,CAT-014,27876.14,Operating,REG-01
BUD-202506-DEP-008-CC-104-CAT-007,2025,Q2,June,DEP-008,CC-104,CAT-007,18786.62,Operating,REG-04
BUD-202506-DEP-008-CC-116-CAT-008,2025,Q2,June,DEP-008,CC-116,CAT-008,37465.96,Capital,REG-05
BUD-202506-DEP-008-CC-108-CAT-003,2025,Q2,June,DEP-008,CC-108,CAT-003,28854.18,Operating,REG-06
BUD-202506-DEP-008-CC-115-CAT-012,2025,Q2,June,DEP-008,CC-115,CAT-012,19112.01,Operating,REG-07
BUD-202506-DEP-008-CC-101-CAT-006,2025,Q2,June,DEP-008,CC-101,CAT-006,28253.67,Project,REG-03
BUD-202506-DEP-008-CC-111-CAT-011,2025,Q2,June,DEP-008,CC-111,CAT-011,29174.9,Departmental,REG-07
BUD-202506-DEP-008-CC-112-CAT-015,2025,Q2,June,DEP-008,CC-112,CAT-015,27790.72,Departmental,REG-05
BUD-202506-DEP-008-CC-108-CAT-001,2025,Q2,June,DEP-008,CC-108,CAT-001,34334.27,Operating,REG-04
BUD-202506-DEP-008-CC-116-CAT-006,2025,Q2,June,DEP-008,CC-116,CAT-006,31275.9,Operating,REG-04
BUD-202506-DEP-008-CC-105-CAT-012,2025,Q2,June,DEP-008,CC-105,CAT-012,21183.26,Capital,REG-02
BUD-202506-DEP-008-CC-107-CAT-008,2025,Q2,June,DEP-008,CC-107,CAT-008,34279.23,Departmental,REG-02
BUD-202506-DEP-008-CC-108-CAT-001,2025,Q2,June,DEP-008,CC-108,CAT-001,30394.09,Operating,REG-01
BUD-202506-DEP-008-CC-120-CAT-002,2025,Q2,June,DEP-008,CC-120,CAT-002,19393.2,Operating,REG-08
BUD-202506-DEP-008-CC-102-CAT-008,2025,Q2,June,DEP-008,CC-102,CAT-008,32991.39,Capital,REG-06
BUD-202506-DEP-008-CC-101-CAT-014,2025,Q2,June,DEP-008,CC-101,CAT-014,27627.76,Operating,REG-06
BUD-202506-DEP-008-CC-119-CAT-013,2025,Q2,June,DEP-008,CC-119,CAT-013,32386.44,Operating,REG-05
BUD-202506-DEP-008-CC-108-CAT-005,2025,Q2,June,DEP-008,CC-108,CAT-005,25298.25,Capital,REG-05
BUD-202506-DEP-008-CC-103-CAT-003,2025,Q2,June,DEP-008,CC-103,CAT-003,25349.4,Operating,REG-02
BUD-202506-DEP-008-CC-117-CAT-005,2025,Q2,June,DEP-008,CC-117,CAT-005,23427.9,Capital,REG-04
BUD-202506-DEP-008-CC-111-CAT-006,2025,Q2,June,DEP-008,CC-111,CAT-006,29477.88,Operating,REG-06
BUD-202506-DEP-008-CC-101-CAT-006,2025,Q2,June,DEP-008,CC-101,CAT-006,32271.72,Operating,REG-07
BUD-202506-DEP-008-CC-103-CAT-002,2025,Q2,June,DEP-008,CC-103,CAT-002,21080.77,Operating,REG-06
BUD-202506-DEP-008-CC-119-CAT-005,2025,Q2,June,DEP-008,CC-119,CAT-005,24282.41,Operating,REG-07
BUD-202506-DEP-008-CC-106-CAT-003,2025,Q2,June,DEP-008,CC-106,CAT-003,27066.36,Operating,REG-03
BUD-202506-DEP-008-CC-114-CAT-008,2025,Q2,June,DEP-008,CC-114,CAT-008,34083.23,Operating,REG-06
BUD-202506-DEP-008-CC-105-CAT-005,2025,Q2,June,DEP-008,CC-105,CAT-005,22848.84,Capital,REG-02
BUD-202506-DEP-008-CC-108-CAT-006,2025,Q2,June,DEP-008,CC-108,CAT-006,28424.2,Project,REG-01
BUD-202506-DEP-008-CC-116-CAT-010,2025,Q2,June,DEP-008,CC-116,CAT-010,20404.7,Operating,REG-01
BUD-202506-DEP-008-CC-113-CAT-007,2025,Q2,June,DEP-008,CC-113,CAT-007,17744.74,Operating,REG-03
BUD-202506-DEP-008-CC-112-CAT-012,2025,Q2,June,DEP-008,CC-112,CAT-012,19310.98,Operating,REG-01
BUD-202506-DEP-008-CC-101-CAT-009,2025,Q2,June,DEP-008,CC-101,CAT-009,26823.76,Operating,REG-03
BUD-202506-DEP-009-CC-113-CAT-002,2025,Q2,June,DEP-009,CC-113,CAT-002,30312.93,Operating,REG-04
BUD-202506-DEP-009-CC-105-CAT-005,2025,Q2,June,DEP-009,CC-105,CAT-005,39061.53,Capital,REG-05
BUD-202506-DEP-009-CC-104-CAT-014,2025,Q2,June,DEP-009,CC-104,CAT-014,48751.7,Departmental,REG-04
BUD-202506-DEP-009-CC-110-CAT-003,2025,Q2,June,DEP-009,CC-110,CAT-003,52188.3,Operating,REG-04
BUD-202506-DEP-009-CC-103-CAT-013,2025,Q2,June,DEP-009,CC-103,CAT-013,57737.08,Operating,REG-04
BUD-202506-DEP-009-CC-101-CAT-002,2025,Q2,June,DEP-009,CC-101,CAT-002,36636.99,Capital,REG-08
BUD-202506-DEP-009-CC-109-CAT-003,2025,Q2,June,DEP-009,CC-109,CAT-003,43541.9,Operating,REG-01
BUD-202506-DEP-009-CC-116-CAT-010,2025,Q2,June,DEP-009,CC-116,CAT-010,35940.76,Operating,REG-06
BUD-202506-DEP-009-CC-119-CAT-001,2025,Q2,June,DEP-009,CC-119,CAT-001,53732.64,Departmental,REG-08
BUD-202506-DEP-009-CC-114-CAT-015,2025,Q2,June,DEP-009,CC-114,CAT-015,48857.68,Operating,REG-08
BUD-202506-DEP-009-CC-110-CAT-004,2025,Q2,June,DEP-009,CC-110,CAT-004,66726.79,Operating,REG-01
BUD-202506-DEP-009-CC-113-CAT-009,2025,Q2,June,DEP-009,CC-113,CAT-009,43462.52,Project,REG-06
BUD-202506-DEP-009-CC-107-CAT-003,2025,Q2,June,DEP-009,CC-107,CAT-003,45940.29,Departmental,REG-04
BUD-202506-DEP-009-CC-120-CAT-009,2025,Q2,June,DEP-009,CC-120,CAT-009,40618.58,Capital,REG-06
BUD-202506-DEP-009-CC-112-CAT-003,2025,Q2,June,DEP-009,CC-112,CAT-003,51828.71,Operating,REG-02
BUD-202506-DEP-009-CC-113-CAT-006,2025,Q2,June,DEP-009,CC-113,CAT-006,59416.58,Operating,REG-02
BUD-202506-DEP-009-CC-117-CAT-008,2025,Q2,June,DEP-009,CC-117,CAT-008,63424.24,Operating,REG-04
BUD-202506-DEP-009-CC-109-CAT-010,2025,Q2,June,DEP-009,CC-109,CAT-010,36611.55,Project,REG-04
BUD-202506-DEP-009-CC-119-CAT-006,2025,Q2,June,DEP-009,CC-119,CAT-006,49989.28,Operating,REG-02
BUD-202506-DEP-009-CC-119-CAT-010,2025,Q2,June,DEP-009,CC-119,CAT-010,34749.3,Operating,REG-08
BUD-202506-DEP-009-CC-112-CAT-004,2025,Q2,June,DEP-009,CC-112,CAT-004,70749.51,Departmental,REG-08
BUD-202506-DEP-009-CC-101-CAT-012,2025,Q2,June,DEP-009,CC-101,CAT-012,33149.91,Operating,REG-01
BUD-202506-DEP-009-CC-118-CAT-007,2025,Q2,June,DEP-009,CC-118,CAT-007,31114.27,Operating,REG-04
BUD-202506-DEP-009-CC-117-CAT-009,2025,Q2,June,DEP-009,CC-117,CAT-009,41486.9,Capital,REG-04
BUD-202506-DEP-009-CC-113-CAT-009,2025,Q2,June,DEP-009,CC-113,CAT-009,41973.14,Departmental,REG-01
BUD-202506-DEP-009-CC-114-CAT-014,2025,Q2,June,DEP-009,CC-114,CAT-014,40394.43,Capital,REG-02
BUD-202506-DEP-009-CC-110-CAT-012,2025,Q2,June,DEP-009,CC-110,CAT-012,36205.71,Operating,REG-02
BUD-202506-DEP-009-CC-118-CAT-006,2025,Q2,June,DEP-009,CC-118,CAT-006,49508.94,Operating,REG-05
BUD-202506-DEP-009-CC-105-CAT-005,2025,Q2,June,DEP-009,CC-105,CAT-005,43780.91,Operating,REG-08
BUD-202506-DEP-009-CC-110-CAT-003,2025,Q2,June,DEP-009,CC-110,CAT-003,45740.25,Operating,REG-08
BUD-202506-DEP-009-CC-113-CAT-006,2025,Q2,June,DEP-009,CC-113,CAT-006,53555.97,Operating,REG-01
BUD-202506-DEP-009-CC-111-CAT-002,2025,Q2,June,DEP-009,CC-111,CAT-002,36060.53,Operating,REG-05
BUD-202506-DEP-009-CC-111-CAT-009,2025,Q2,June,DEP-009,CC-111,CAT-009,45221.88,Project,REG-06
BUD-202506-DEP-009-CC-107-CAT-006,2025,Q2,June,DEP-009,CC-107,CAT-006,53807.27,Operating,REG-01
BUD-202506-DEP-009-CC-118-CAT-015,2025,Q2,June,DEP-009,CC-118,CAT-015,48970.06,Operating,REG-03
BUD-202506-DEP-009-CC-110-CAT-001,2025,Q2,June,DEP-009,CC-110,CAT-001,63611.18,Capital,REG-06
BUD-202506-DEP-009-CC-106-CAT-012,2025,Q2,June,DEP-009,CC-106,CAT-012,34961.65,Capital,REG-02
BUD-202506-DEP-009-CC-110-CAT-010,2025,Q2,June,DEP-009,CC-110,CAT-010,35129.38,Operating,REG-05
BUD-202506-DEP-009-CC-117-CAT-004,2025,Q2,June,DEP-009,CC-117,CAT-004,75833.07,Operating,REG-03
BUD-202506-DEP-009-CC-120-CAT-005,2025,Q2,June,DEP-009,CC-120,CAT-005,43276.85,Operating,REG-05
BUD-202506-DEP-010-CC-109-CAT-015,2025,Q2,June,DEP-010,CC-109,CAT-015,33347.68,Operating,REG-02
BUD-202506-DEP-010-CC-120-CAT-015,2025,Q2,June,DEP-010,CC-120,CAT-015,34143.04,Project,REG-02
BUD-202506-DEP-010-CC-102-CAT-014,2025,Q2,June,DEP-010,CC-102,CAT-014,29129.42,Operating,REG-05
BUD-202506-DEP-010-CC-108-CAT-006,2025,Q2,June,DEP-010,CC-108,CAT-006,35309.58,Operating,REG-05
BUD-202506-DEP-010-CC-116-CAT-015,2025,Q2,June,DEP-010,CC-116,CAT-015,33295.41,Project,REG-01
BUD-202506-DEP-010-CC-118-CAT-013,2025,Q2,June,DEP-010,CC-118,CAT-013,39295.32,Departmental,REG-02
BUD-202506-DEP-010-CC-117-CAT-008,2025,Q2,June,DEP-010,CC-117,CAT-008,39082.47,Operating,REG-07
BUD-202506-DEP-010-CC-103-CAT-008,2025,Q2,June,DEP-010,CC-103,CAT-008,42367.53,Operating,REG-02
BUD-202506-DEP-010-CC-119-CAT-005,2025,Q2,June,DEP-010,CC-119,CAT-005,27901.75,Operating,REG-01
BUD-202506-DEP-010-CC-103-CAT-011,2025,Q2,June,DEP-010,CC-103,CAT-011,34063.6,Operating,REG-02
BUD-202506-DEP-010-CC-114-CAT-009,2025,Q2,June,DEP-010,CC-114,CAT-009,27765.42,Project,REG-04
BUD-202506-DEP-010-CC-116-CAT-003,2025,Q2,June,DEP-010,CC-116,CAT-003,27829.74,Departmental,REG-03
BUD-202506-DEP-010-CC-115-CAT-009,2025,Q2,June,DEP-010,CC-115,CAT-009,24363.91,Capital,REG-03
BUD-202506-DEP-010-CC-114-CAT-002,2025,Q2,June,DEP-010,CC-114,CAT-002,22861.17,Departmental,REG-07
BUD-202506-DEP-010-CC-103-CAT-009,2025,Q2,June,DEP-010,CC-103,CAT-009,25165.14,Operating,REG-08
BUD-202506-DEP-010-CC-101-CAT-008,2025,Q2,June,DEP-010,CC-101,CAT-008,40046.18,Departmental,REG-06
BUD-202506-DEP-010-CC-120-CAT-009,2025,Q2,June,DEP-010,CC-120,CAT-009,25144.71,Departmental,REG-05
BUD-202506-DEP-010-CC-118-CAT-010,2025,Q2,June,DEP-010,CC-118,CAT-010,26343.55,Operating,REG-02
BUD-202506-DEP-010-CC-116-CAT-006,2025,Q2,June,DEP-010,CC-116,CAT-006,37452.1,Operating,REG-04
BUD-202506-DEP-010-CC-113-CAT-006,2025,Q2,June,DEP-010,CC-113,CAT-006,30287.82,Departmental,REG-03
BUD-202506-DEP-010-CC-101-CAT-011,2025,Q2,June,DEP-010,CC-101,CAT-011,31328.5,Operating,REG-05
BUD-202506-DEP-010-CC-114-CAT-009,2025,Q2,June,DEP-010,CC-114,CAT-009,26581.16,Project,REG-06
BUD-202506-DEP-010-CC-105-CAT-013,2025,Q2,June,DEP-010,CC-105,CAT-013,38450.29,Departmental,REG-07
BUD-202506-DEP-010-CC-108-CAT-001,2025,Q2,June,DEP-010,CC-108,CAT-001,40608.84,Operating,REG-02
BUD-202506-DEP-010-CC-102-CAT-005,2025,Q2,June,DEP-010,CC-102,CAT-005,24058.3,Project,REG-01
BUD-202506-DEP-010-CC-109-CAT-003,2025,Q2,June,DEP-010,CC-109,CAT-003,29986.98,Operating,REG-07
BUD-202506-DEP-010-CC-116-CAT-012,2025,Q2,June,DEP-010,CC-116,CAT-012,21072.01,Capital,REG-02
BUD-202506-DEP-010-CC-114-CAT-012,2025,Q2,June,DEP-010,CC-114,CAT-012,22628.75,Operating,REG-08
BUD-202506-DEP-010-CC-111-CAT-014,2025,Q2,June,DEP-010,CC-111,CAT-014,30670.93,Departmental,REG-08
BUD-202506-DEP-010-CC-118-CAT-002,2025,Q2,June,DEP-010,CC-118,CAT-002,24350.29,Capital,REG-01
BUD-202506-DEP-010-CC-117-CAT-009,2025,Q2,June,DEP-010,CC-117,CAT-009,26573.64,Project,REG-03
BUD-202506-DEP-010-CC-114-CAT-006,2025,Q2,June,DEP-010,CC-114,CAT-006,33776.76,Operating,REG-06
BUD-202506-DEP-010-CC-112-CAT-012,2025,Q2,June,DEP-010,CC-112,CAT-012,23765.68,Operating,REG-08
BUD-202506-DEP-010-CC-117-CAT-009,2025,Q2,June,DEP-010,CC-117,CAT-009,26527.67,Operating,REG-04
BUD-202506-DEP-010-CC-114-CAT-003,2025,Q2,June,DEP-010,CC-114,CAT-003,28862.15,Operating,REG-05
BUD-202506-DEP-010-CC-117-CAT-010,2025,Q2,June,DEP-010,CC-117,CAT-010,26243.91,Project,REG-05
BUD-202506-DEP-010-CC-113-CAT-012,2025,Q2,June,DEP-010,CC-113,CAT-012,22229.92,Operating,REG-08
BUD-202506-DEP-010-CC-105-CAT-014,2025,Q2,June,DEP-010,CC-105,CAT-014,31945.26,Operating,REG-07
BUD-202506-DEP-010-CC-103-CAT-011,2025,Q2,June,DEP-010,CC-103,CAT-011,32350.7,Project,REG-08
BUD-202506-DEP-010-CC-111-CAT-014,2025,Q2,June,DEP-010,CC-111,CAT-014,28676.49,Operating,REG-08
BUD-202506-DEP-010-CC-110-CAT-009,2025,Q2,June,DEP-010,CC-110,CAT-009,30227.42,Operating,REG-01
BUD-202506-DEP-010-CC-114-CAT-008,2025,Q2,June,DEP-010,CC-114,CAT-008,42084.63,Capital,REG-01
BUD-202506-DEP-010-CC-112-CAT-007,2025,Q2,June,DEP-010,CC-112,CAT-007,20305.09,Operating,REG-08
BUD-202503-DEP-001-CC-113-CAT-013,2025,Q1,March,DEP-001,CC-113,CAT-013,37166.61,Project,REG-01
BUD-202503-DEP-001-CC-118-CAT-001,2025,Q1,March,DEP-001,CC-118,CAT-001,45126.06,Departmental,REG-08
BUD-202503-DEP-001-CC-119-CAT-009,2025,Q1,March,DEP-001,CC-119,CAT-009,32723.39,Operating,REG-08
BUD-202503-DEP-001-CC-119-CAT-010,2025,Q1,March,DEP-001,CC-119,CAT-010,26499.69,Operating,REG-03
BUD-202503-DEP-001-CC-113-CAT-008,2025,Q1,March,DEP-001,CC-113,CAT-008,42040.04,Capital,REG-03
BUD-202503-DEP-001-CC-119-CAT-012,2025,Q1,March,DEP-001,CC-119,CAT-012,25888.41,Departmental,REG-08
BUD-202503-DEP-001-CC-105-CAT-001,2025,Q1,March,DEP-001,CC-105,CAT-001,42434.72,Departmental,REG-01
BUD-202503-DEP-001-CC-106-CAT-011,2025,Q1,March,DEP-001,CC-106,CAT-011,40320.25,Capital,REG-01
BUD-202503-DEP-001-CC-113-CAT-002,2025,Q1,March,DEP-001,CC-113,CAT-002,26922.78,Operating,REG-06
BUD-202503-DEP-001-CC-117-CAT-015,2025,Q1,March,DEP-001,CC-117,CAT-015,32286.89,Project,REG-03
BUD-202503-DEP-001-CC-101-CAT-001,2025,Q1,March,DEP-001,CC-101,CAT-001,45607.35,Operating,REG-08
BUD-202503-DEP-001-CC-104-CAT-005,2025,Q1,March,DEP-001,CC-104,CAT-005,26015.69,Operating,REG-07
BUD-202503-DEP-001-CC-102-CAT-014,2025,Q1,March,DEP-001,CC-102,CAT-014,34382.15,Capital,REG-05
BUD-202503-DEP-001-CC-119-CAT-005,2025,Q1,March,DEP-001,CC-119,CAT-005,26377.98,Operating,REG-02
BUD-202503-DEP-001-CC-103-CAT-001,2025,Q1,March,DEP-001,CC-103,CAT-001,36639.99,Departmental,REG-02
BUD-202503-DEP-001-CC-114-CAT-001,2025,Q1,March,DEP-001,CC-114,CAT-001,40647.66,Operating,REG-02
BUD-202503-DEP-001-CC-101-CAT-008,2025,Q1,March,DEP-001,CC-101,CAT-008,41662.18,Operating,REG-07
BUD-202503-DEP-001-CC-104-CAT-005,2025,Q1,March,DEP-001,CC-104,CAT-005,27790.16,Capital,REG-01
BUD-202503-DEP-001-CC-105-CAT-009,2025,Q1,March,DEP-001,CC-105,CAT-009,29628.98,Operating,REG-06
BUD-202503-DEP-001-CC-119-CAT-014,2025,Q1,March,DEP-001,CC-119,CAT-014,30564.99,Operating,REG-04
BUD-202503-DEP-001-CC-104-CAT-004,2025,Q1,March,DEP-001,CC-104,CAT-004,54595.83,Operating,REG-06
BUD-202503-DEP-001-CC-105-CAT-004,2025,Q1,March,DEP-001,CC-105,CAT-004,54673.93,Capital,REG-04
BUD-202503-DEP-001-CC-109-CAT-014,2025,Q1,March,DEP-001,CC-109,CAT-014,28498.73,Operating,REG-08
BUD-202503-DEP-001-CC-110-CAT-011,2025,Q1,March,DEP-001,CC-110,CAT-011,38929.02,Operating,REG-06
BUD-202503-DEP-001-CC-105-CAT-002,2025,Q1,March,DEP-001,CC-105,CAT-002,26634.27,Operating,REG-06
BUD-202503-DEP-001-CC-109-CAT-009,2025,Q1,March,DEP-001,CC-109,CAT-009,33369.02,Capital,REG-08
BUD-202503-DEP-001-CC-101-CAT-001,2025,Q1,March,DEP-001,CC-101,CAT-001,42315.67,Project,REG-04
BUD-202503-DEP-001-CC-104-CAT-001,2025,Q1,March,DEP-001,CC-104,CAT-001,46183.78,Project,REG-03
BUD-202503-DEP-001-CC-117-CAT-001,2025,Q1,March,DEP-001,CC-117,CAT-001,38478.42,Capital,REG-05
BUD-202503-DEP-001-CC-107-CAT-012,2025,Q1,March,DEP-001,CC-107,CAT-012,25175.09,Departmental,REG-05
BUD-202503-DEP-001-CC-117-CAT-004,2025,Q1,March,DEP-001,CC-117,CAT-004,43272.74,Operating,REG-07
BUD-202503-DEP-001-CC-107-CAT-012,2025,Q1,March,DEP-001,CC-107,CAT-012,24470.2,Project,REG-04
BUD-202503-DEP-001-CC-117-CAT-003,2025,Q1,March,DEP-001,CC-117,CAT-003,34285.71,Departmental,REG-03
BUD-202503-DEP-001-CC-120-CAT-003,2025,Q1,March,DEP-001,CC-120,CAT-003,35945.73,Operating,REG-06
BUD-202503-DEP-001-CC-116-CAT-010,2025,Q1,March,DEP-001,CC-116,CAT-010,27885.68,Operating,REG-07
BUD-202503-DEP-001-CC-114-CAT-014,2025,Q1,March,DEP-001,CC-114,CAT-014,34876.24,Operating,REG-02
BUD-202503-DEP-001-CC-106-CAT-010,2025,Q1,March,DEP-001,CC-106,CAT-010,29064.89,Operating,REG-07
BUD-202503-DEP-001-CC-115-CAT-002,2025,Q1,March,DEP-001,CC-115,CAT-002,24595.18,Operating,REG-04
BUD-202503-DEP-002-CC-115-CAT-002,2025,Q1,March,DEP-002,CC-115,CAT-002,16630.65,Operating,REG-05
BUD-202503-DEP-002-CC-113-CAT-005,2025,Q1,March,DEP-002,CC-113,CAT-005,18341.17,Operating,REG-05
BUD-202503-DEP-002-CC-115-CAT-002,2025,Q1,March,DEP-002,CC-115,CAT-002,16464.02,Departmental,REG-04
BUD-202503-DEP-002-CC-111-CAT-007,2025,Q1,March,DEP-002,CC-111,CAT-007,15733.62,Operating,REG-06
BUD-202503-DEP-002-CC-117-CAT-004,2025,Q1,March,DEP-002,CC-117,CAT-004,38034.26,Departmental,REG-02
BUD-202503-DEP-002-CC-110-CAT-014,2025,Q1,March,DEP-002,CC-110,CAT-014,24562.85,Operating,REG-04
BUD-202503-DEP-002-CC-120-CAT-004,2025,Q1,March,DEP-002,CC-120,CAT-004,31959.22,Departmental,REG-04
BUD-202503-DEP-002-CC-114-CAT-002,2025,Q1,March,DEP-002,CC-114,CAT-002,17019.02,Operating,REG-01
BUD-202503-DEP-002-CC-107-CAT-005,2025,Q1,March,DEP-002,CC-107,CAT-005,19036.27,Capital,REG-08
BUD-202503-DEP-002-CC-114-CAT-007,2025,Q1,March,DEP-002,CC-114,CAT-007,15764.74,Operating,REG-03
BUD-202503-DEP-002-CC-117-CAT-014,2025,Q1,March,DEP-002,CC-117,CAT-014,21088.84,Departmental,REG-05
BUD-202503-DEP-002-CC-112-CAT-006,2025,Q1,March,DEP-002,CC-112,CAT-006,25389.86,Operating,REG-03
BUD-202503-DEP-002-CC-105-CAT-008,2025,Q1,March,DEP-002,CC-105,CAT-008,29692.62,Project,REG-02
BUD-202503-DEP-002-CC-106-CAT-006,2025,Q1,March,DEP-002,CC-106,CAT-006,24626.82,Project,REG-03
BUD-202503-DEP-002-CC-116-CAT-010,2025,Q1,March,DEP-002,CC-116,CAT-010,18090.83,Operating,REG-08
BUD-202503-DEP-002-CC-113-CAT-011,2025,Q1,March,DEP-002,CC-113,CAT-011,24227.18,Operating,REG-04
BUD-202503-DEP-002-CC-103-CAT-005,2025,Q1,March,DEP-002,CC-103,CAT-005,20987.12,Capital,REG-08
BUD-202503-DEP-002-CC-106-CAT-007,2025,Q1,March,DEP-002,CC-106,CAT-007,16770.44,Project,REG-03
BUD-202503-DEP-002-CC-116-CAT-005,2025,Q1,March,DEP-002,CC-116,CAT-005,18417.28,Departmental,REG-02
BUD-202503-DEP-002-CC-105-CAT-007,2025,Q1,March,DEP-002,CC-105,CAT-007,13796.67,Operating,REG-01
BUD-202503-DEP-002-CC-108-CAT-007,2025,Q1,March,DEP-002,CC-108,CAT-007,14296.21,Operating,REG-04
BUD-202503-DEP-002-CC-116-CAT-009,2025,Q1,March,DEP-002,CC-116,CAT-009,19295.82,Operating,REG-01
BUD-202503-DEP-002-CC-111-CAT-005,2025,Q1,March,DEP-002,CC-111,CAT-005,22517.22,Operating,REG-01
BUD-202503-DEP-002-CC-110-CAT-004,2025,Q1,March,DEP-002,CC-110,CAT-004,30834.87,Capital,REG-08
BUD-202503-DEP-002-CC-109-CAT-008,2025,Q1,March,DEP-002,CC-109,CAT-008,32156.45,Operating,REG-07
BUD-202503-DEP-002-CC-102-CAT-009,2025,Q1,March,DEP-002,CC-102,CAT-009,19462.91,Project,REG-08
BUD-202503-DEP-002-CC-119-CAT-001,2025,Q1,March,DEP-002,CC-119,CAT-001,31686.06,Operating,REG-06
BUD-202503-DEP-002-CC-112-CAT-010,2025,Q1,March,DEP-002,CC-112,CAT-010,17470.55,Departmental,REG-02
BUD-202503-DEP-002-CC-101-CAT-008,2025,Q1,March,DEP-002,CC-101,CAT-008,30298.28,Operating,REG-06
BUD-202503-DEP-002-CC-113-CAT-007,2025,Q1,March,DEP-002,CC-113,CAT-007,14420.44,Capital,REG-05
BUD-202503-DEP-002-CC-103-CAT-009,2025,Q1,March,DEP-002,CC-103,CAT-009,23248.78,Departmental,REG-07
BUD-202503-DEP-002-CC-112-CAT-001,2025,Q1,March,DEP-002,CC-112,CAT-001,30538.37,Operating,REG-01
BUD-202503-DEP-003-CC-114-CAT-012,2025,Q1,March,DEP-003,CC-114,CAT-012,32671.31,Operating,REG-06
BUD-202503-DEP-003-CC-111-CAT-010,2025,Q1,March,DEP-003,CC-111,CAT-010,33151.22,Operating,REG-06
BUD-202503-DEP-003-CC-117-CAT-010,2025,Q1,March,DEP-003,CC-117,CAT-010,35443.65,Departmental,REG-03
BUD-202503-DEP-003-CC-110-CAT-012,2025,Q1,March,DEP-003,CC-110,CAT-012,28638.29,Operating,REG-03
BUD-202503-DEP-003-CC-119-CAT-005,2025,Q1,March,DEP-003,CC-119,CAT-005,33155.69,Operating,REG-04
BUD-202503-DEP-003-CC-102-CAT-012,2025,Q1,March,DEP-003,CC-102,CAT-012,32329.82,Operating,REG-06
BUD-202503-DEP-003-CC-116-CAT-005,2025,Q1,March,DEP-003,CC-116,CAT-005,30041.74,Operating,REG-01
BUD-202503-DEP-003-CC-115-CAT-008,2025,Q1,March,DEP-003,CC-115,CAT-008,55982.58,Operating,REG-07
BUD-202503-DEP-003-CC-106-CAT-013,2025,Q1,March,DEP-003,CC-106,CAT-013,49177.88,Operating,REG-03
BUD-202503-DEP-003-CC-109-CAT-005,2025,Q1,March,DEP-003,CC-109,CAT-005,30631.79,Operating,REG-03
BUD-202503-DEP-003-CC-118-CAT-012,2025,Q1,March,DEP-003,CC-118,CAT-012,32104.23,Departmental,REG-07
BUD-202503-DEP-003-CC-105-CAT-009,2025,Q1,March,DEP-003,CC-105,CAT-009,32318.44,Operating,REG-04
BUD-202503-DEP-003-CC-114-CAT-014,2025,Q1,March,DEP-003,CC-114,CAT-014,33359.73,Capital,REG-03
BUD-202503-DEP-003-CC-109-CAT-002,2025,Q1,March,DEP-003,CC-109,CAT-002,31687.22,Operating,REG-04
BUD-202503-DEP-003-CC-113-CAT-002,2025,Q1,March,DEP-003,CC-113,CAT-002,27874.38,Capital,REG-06
BUD-202503-DEP-003-CC-105-CAT-011,2025,Q1,March,DEP-003,CC-105,CAT-011,44106.24,Operating,REG-02
BUD-202503-DEP-003-CC-117-CAT-003,2025,Q1,March,DEP-003,CC-117,CAT-003,38164.05,Operating,REG-01
BUD-202503-DEP-003-CC-102-CAT-010,2025,Q1,March,DEP-003,CC-102,CAT-010,34073.51,Operating,REG-08
BUD-202503-DEP-003-CC-104-CAT-007,2025,Q1,March,DEP-003,CC-104,CAT-007,27042.5,Project,REG-02
BUD-202503-DEP-003-CC-120-CAT-004,2025,Q1,March,DEP-003,CC-120,CAT-004,50487.5,Project,REG-06
BUD-202503-DEP-003-CC-111-CAT-004,2025,Q1,March,DEP-003,CC-111,CAT-004,59105.98,Operating,REG-01
BUD-202503-DEP-003-CC-108-CAT-015,2025,Q1,March,DEP-003,CC-108,CAT-015,42544.29,Operating,REG-04
BUD-202503-DEP-003-CC-119-CAT-011,2025,Q1,March,DEP-003,CC-119,CAT-011,44147.05,Departmental,REG-02
BUD-202503-DEP-003-CC-113-CAT-008,2025,Q1,March,DEP-003,CC-113,CAT-008,47487.39,Project,REG-02
BUD-202503-DEP-003-CC-117-CAT-013,2025,Q1,March,DEP-003,CC-117,CAT-013,44793.85,Operating,REG-05
BUD-202503-DEP-003-CC-113-CAT-009,2025,Q1,March,DEP-003,CC-113,CAT-009,38791.42,Capital,REG-03
BUD-202503-DEP-003-CC-119-CAT-009,2025,Q1,March,DEP-003,CC-119,CAT-009,38663.45,Capital,REG-07
BUD-202503-DEP-003-CC-102-CAT-003,2025,Q1,March,DEP-003,CC-102,CAT-003,43268.07,Capital,REG-04
BUD-202503-DEP-003-CC-107-CAT-004,2025,Q1,March,DEP-003,CC-107,CAT-004,57576.17,Project,REG-02
BUD-202503-DEP-003-CC-104-CAT-013,2025,Q1,March,DEP-003,CC-104,CAT-013,40858.58,Operating,REG-07
BUD-202503-DEP-003-CC-101-CAT-012,2025,Q1,March,DEP-003,CC-101,CAT-012,27843.61,Operating,REG-04
BUD-202503-DEP-003-CC-105-CAT-011,2025,Q1,March,DEP-003,CC-105,CAT-011,40436.91,Operating,REG-03
BUD-202503-DEP-003-CC-118-CAT-001,2025,Q1,March,DEP-003,CC-118,CAT-001,45707.41,Operating,REG-07
BUD-202503-DEP-003-CC-114-CAT-002,2025,Q1,March,DEP-003,CC-114,CAT-002,27521.1,Operating,REG-04
BUD-202503-DEP-003-CC-103-CAT-002,2025,Q1,March,DEP-003,CC-103,CAT-002,30880.3,Operating,REG-08
BUD-202503-DEP-003-CC-116-CAT-012,2025,Q1,March,DEP-003,CC-116,CAT-012,30314.08,Operating,REG-08
BUD-202503-DEP-003-CC-104-CAT-015,2025,Q1,March,DEP-003,CC-104,CAT-015,41894.44,Operating,REG-06
BUD-202503-DEP-003-CC-105-CAT-007,2025,Q1,March,DEP-003,CC-105,CAT-007,23120.57,Capital,REG-06
BUD-202503-DEP-003-CC-117-CAT-002,2025,Q1,March,DEP-003,CC-117,CAT-002,30668.23,Departmental,REG-04
BUD-202503-DEP-003-CC-110-CAT-006,2025,Q1,March,DEP-003,CC-110,CAT-006,40966.11,Operating,REG-07
BUD-202503-DEP-003-CC-115-CAT-006,2025,Q1,March,DEP-003,CC-115,CAT-006,41306.75,Capital,REG-04
BUD-202503-DEP-003-CC-103-CAT-015,2025,Q1,March,DEP-003,CC-103,CAT-015,40827.82,Project,REG-05
BUD-202503-DEP-003-CC-104-CAT-013,2025,Q1,March,DEP-003,CC-104,CAT-013,45757.83,Operating,REG-08
BUD-202503-DEP-003-CC-116-CAT-008,2025,Q1,March,DEP-003,CC-116,CAT-008,52350.18,Project,REG-06
BUD-202503-DEP-003-CC-104-CAT-008,2025,Q1,March,DEP-003,CC-104,CAT-008,49523.8,Capital,REG-02
BUD-202503-DEP-003-CC-101-CAT-013,2025,Q1,March,DEP-003,CC-101,CAT-013,45627.66,Project,REG-04
BUD-202503-DEP-003-CC-115-CAT-010,2025,Q1,March,DEP-003,CC-115,CAT-010,34567.8,Operating,REG-02
BUD-202503-DEP-004-CC-110-CAT-006,2025,Q1,March,DEP-004,CC-110,CAT-006,28277.94,Project,REG-08
BUD-202503-DEP-004-CC-105-CAT-010,2025,Q1,March,DEP-004,CC-105,CAT-010,24268.63,Project,REG-06
BUD-202503-DEP-004-CC-106-CAT-006,2025,Q1,March,DEP-004,CC-106,CAT-006,31991.93,Capital,REG-02
BUD-202503-DEP-004-CC-102-CAT-003,2025,Q1,March,DEP-004,CC-102,CAT-003,26079.24,Operating,REG-01
BUD-202503-DEP-004-CC-104-CAT-003,2025,Q1,March,DEP-004,CC-104,CAT-003,27761.09,Operating,REG-08
BUD-202503-DEP-004-CC-118-CAT-005,2025,Q1,March,DEP-004,CC-118,CAT-005,20784.5,Operating,REG-01
BUD-202503-DEP-004-CC-119-CAT-010,2025,Q1,March,DEP-004,CC-119,CAT-010,21723.96,Departmental,REG-01
BUD-202503-DEP-004-CC-102-CAT-014,2025,Q1,March,DEP-004,CC-102,CAT-014,25986.56,Operating,REG-03
BUD-202503-DEP-004-CC-102-CAT-014,2025,Q1,March,DEP-004,CC-102,CAT-014,25876.5,Operating,REG-05
BUD-202503-DEP-004-CC-119-CAT-008,2025,Q1,March,DEP-004,CC-119,CAT-008,31788.39,Operating,REG-04
BUD-202503-DEP-004-CC-115-CAT-008,2025,Q1,March,DEP-004,CC-115,CAT-008,39047.76,Operating,REG-07
BUD-202503-DEP-004-CC-114-CAT-007,2025,Q1,March,DEP-004,CC-114,CAT-007,18220.04,Departmental,REG-08
BUD-202503-DEP-004-CC-108-CAT-012,2025,Q1,March,DEP-004,CC-108,CAT-012,20198.34,Operating,REG-04
BUD-202503-DEP-004-CC-117-CAT-014,2025,Q1,March,DEP-004,CC-117,CAT-014,27488.69,Operating,REG-02
BUD-202503-DEP-004-CC-116-CAT-004,2025,Q1,March,DEP-004,CC-116,CAT-004,34911.95,Project,REG-02
BUD-202503-DEP-004-CC-107-CAT-003,2025,Q1,March,DEP-004,CC-107,CAT-003,26491.78,Operating,REG-06
BUD-202503-DEP-004-CC-119-CAT-001,2025,Q1,March,DEP-004,CC-119,CAT-001,36618.56,Operating,REG-04
BUD-202503-DEP-004-CC-107-CAT-004,2025,Q1,March,DEP-004,CC-107,CAT-004,36510.72,Project,REG-07
BUD-202503-DEP-004-CC-107-CAT-004,2025,Q1,March,DEP-004,CC-107,CAT-004,38013.83,Project,REG-06
BUD-202503-DEP-004-CC-103-CAT-013,2025,Q1,March,DEP-004,CC-103,CAT-013,33492.61,Operating,REG-01
BUD-202503-DEP-004-CC-105-CAT-013,2025,Q1,March,DEP-004,CC-105,CAT-013,30330.93,Capital,REG-07
BUD-202503-DEP-004-CC-111-CAT-006,2025,Q1,March,DEP-004,CC-111,CAT-006,33556.47,Operating,REG-08
BUD-202503-DEP-004-CC-117-CAT-001,2025,Q1,March,DEP-004,CC-117,CAT-001,34292.15,Operating,REG-02
BUD-202503-DEP-004-CC-107-CAT-013,2025,Q1,March,DEP-004,CC-107,CAT-013,33266.88,Operating,REG-02
BUD-202503-DEP-004-CC-111-CAT-010,2025,Q1,March,DEP-004,CC-111,CAT-010,22755.74,Project,REG-06
BUD-202503-DEP-004-CC-101-CAT-010,2025,Q1,March,DEP-004,CC-101,CAT-010,22938.04,Operating,REG-05
BUD-202503-DEP-004-CC-114-CAT-010,2025,Q1,March,DEP-004,CC-114,CAT-010,24068.2,Operating,REG-01
BUD-202503-DEP-004-CC-115-CAT-001,2025,Q1,March,DEP-004,CC-115,CAT-001,31286.23,Operating,REG-07
BUD-202503-DEP-004-CC-103-CAT-003,2025,Q1,March,DEP-004,CC-103,CAT-003,24550.32,Operating,REG-08
BUD-202503-DEP-004-CC-120-CAT-004,2025,Q1,March,DEP-004,CC-120,CAT-004,36809.85,Operating,REG-02
BUD-202503-DEP-004-CC-116-CAT-015,2025,Q1,March,DEP-004,CC-116,CAT-015,28724.18,Operating,REG-08
BUD-202503-DEP-004-CC-120-CAT-013,2025,Q1,March,DEP-004,CC-120,CAT-013,31947.08,Operating,REG-04
BUD-202503-DEP-004-CC-108-CAT-004,2025,Q1,March,DEP-004,CC-108,CAT-004,41357.71,Capital,REG-03
BUD-202503-DEP-004-CC-101-CAT-008,2025,Q1,March,DEP-004,CC-101,CAT-008,33860.01,Operating,REG-07
BUD-202503-DEP-005-CC-102-CAT-011,2025,Q1,March,DEP-005,CC-102,CAT-011,35304.52,Project,REG-07
BUD-202503-DEP-005-CC-117-CAT-015,2025,Q1,March,DEP-005,CC-117,CAT-015,36103.92,Capital,REG-02
BUD-202503-DEP-005-CC-107-CAT-009,2025,Q1,March,DEP-005,CC-107,CAT-009,26557.56,Departmental,REG-05
BUD-202503-DEP-005-CC-115-CAT-008,2025,Q1,March,DEP-005,CC-115,CAT-008,43493.66,Capital,REG-04
BUD-202503-DEP-005-CC-111-CAT-007,2025,Q1,March,DEP-005,CC-111,CAT-007,19384.49,Project,REG-01
BUD-202503-DEP-005-CC-112-CAT-001,2025,Q1,March,DEP-005,CC-112,CAT-001,35848.12,Operating,REG-02
BUD-202503-DEP-005-CC-103-CAT-005,2025,Q1,March,DEP-005,CC-103,CAT-005,25628.23,Operating,REG-07
BUD-202503-DEP-005-CC-109-CAT-005,2025,Q1,March,DEP-005,CC-109,CAT-005,28245.75,Capital,REG-03
BUD-202503-DEP-005-CC-106-CAT-005,2025,Q1,March,DEP-005,CC-106,CAT-005,28289.0,Operating,REG-04
BUD-202503-DEP-005-CC-118-CAT-012,2025,Q1,March,DEP-005,CC-118,CAT-012,21279.46,Operating,REG-03
BUD-202503-DEP-005-CC-111-CAT-011,2025,Q1,March,DEP-005,CC-111,CAT-011,33797.97,Project,REG-01
BUD-202503-DEP-005-CC-104-CAT-008,2025,Q1,March,DEP-005,CC-104,CAT-008,37581.7,Capital,REG-02
BUD-202503-DEP-005-CC-106-CAT-012,2025,Q1,March,DEP-005,CC-106,CAT-012,25262.98,Capital,REG-07
BUD-202503-DEP-005-CC-116-CAT-008,2025,Q1,March,DEP-005,CC-116,CAT-008,37529.72,Operating,REG-02
BUD-202503-DEP-005-CC-112-CAT-005,2025,Q1,March,DEP-005,CC-112,CAT-005,26081.24,Operating,REG-06
BUD-202503-DEP-005-CC-119-CAT-007,2025,Q1,March,DEP-005,CC-119,CAT-007,17459.02,Operating,REG-04
BUD-202503-DEP-005-CC-106-CAT-009,2025,Q1,March,DEP-005,CC-106,CAT-009,28601.06,Operating,REG-08
BUD-202503-DEP-005-CC-105-CAT-002,2025,Q1,March,DEP-005,CC-105,CAT-002,21044.17,Operating,REG-08
BUD-202503-DEP-005-CC-114-CAT-015,2025,Q1,March,DEP-005,CC-114,CAT-015,29739.07,Operating,REG-03
BUD-202503-DEP-005-CC-108-CAT-009,2025,Q1,March,DEP-005,CC-108,CAT-009,25419.48,Operating,REG-04
BUD-202503-DEP-005-CC-112-CAT-014,2025,Q1,March,DEP-005,CC-112,CAT-014,26950.64,Operating,REG-08
BUD-202503-DEP-005-CC-111-CAT-010,2025,Q1,March,DEP-005,CC-111,CAT-010,25490.13,Operating,REG-05
BUD-202503-DEP-005-CC-111-CAT-011,2025,Q1,March,DEP-005,CC-111,CAT-011,33255.62,Operating,REG-05
BUD-202503-DEP-005-CC-115-CAT-014,2025,Q1,March,DEP-005,CC-115,CAT-014,32446.35,Operating,REG-03
BUD-202503-DEP-005-CC-110-CAT-003,2025,Q1,March,DEP-005,CC-110,CAT-003,31858.43,Departmental,REG-02
BUD-202503-DEP-005-CC-111-CAT-010,2025,Q1,March,DEP-005,CC-111,CAT-010,23970.17,Departmental,REG-02
BUD-202503-DEP-005-CC-119-CAT-015,2025,Q1,March,DEP-005,CC-119,CAT-015,30917.17,Departmental,REG-04
BUD-202503-DEP-005-CC-107-CAT-004,2025,Q1,March,DEP-005,CC-107,CAT-004,43446.47,Operating,REG-04
BUD-202503-DEP-005-CC-108-CAT-008,2025,Q1,March,DEP-005,CC-108,CAT-008,38390.34,Departmental,REG-08
BUD-202503-DEP-005-CC-117-CAT-004,2025,Q1,March,DEP-005,CC-117,CAT-004,41358.63,Departmental,REG-05
BUD-202503-DEP-005-CC-118-CAT-001,2025,Q1,March,DEP-005,CC-118,CAT-001,34195.79,Project,REG-03
BUD-202503-DEP-005-CC-102-CAT-012,2025,Q1,March,DEP-005,CC-102,CAT-012,22732.45,Operating,REG-08
BUD-202503-DEP-005-CC-113-CAT-013,2025,Q1,March,DEP-005,CC-113,CAT-013,33667.25,Operating,REG-06
BUD-202503-DEP-005-CC-103-CAT-008,2025,Q1,March,DEP-005,CC-103,CAT-008,41402.23,Operating,REG-04
BUD-202503-DEP-005-CC-115-CAT-005,2025,Q1,March,DEP-005,CC-115,CAT-005,28336.47,Operating,REG-06
BUD-202503-DEP-005-CC-101-CAT-002,2025,Q1,March,DEP-005,CC-101,CAT-002,24914.0,Capital,REG-01
BUD-202503-DEP-005-CC-103-CAT-002,2025,Q1,March,DEP-005,CC-103,CAT-002,19803.44,Operating,REG-05
BUD-202503-DEP-005-CC-102-CAT-014,2025,Q1,March,DEP-005,CC-102,CAT-014,30956.64,Operating,REG-04
BUD-202503-DEP-005-CC-112-CAT-002,2025,Q1,March,DEP-005,CC-112,CAT-002,24736.24,Project,REG-02
BUD-202503-DEP-005-CC-112-CAT-010,2025,Q1,March,DEP-005,CC-112,CAT-010,26345.82,Capital,REG-06
BUD-202503-DEP-005-CC-107-CAT-011,2025,Q1,March,DEP-005,CC-107,CAT-011,30107.8,Departmental,REG-01
BUD-202503-DEP-005-CC-110-CAT-009,2025,Q1,March,DEP-005,CC-110,CAT-009,26372.07,Operating,REG-05
BUD-202503-DEP-005-CC-118-CAT-009,2025,Q1,March,DEP-005,CC-118,CAT-009,31118.96,Departmental,REG-04
BUD-202503-DEP-006-CC-120-CAT-003,2025,Q1,March,DEP-006,CC-120,CAT-003,20642.06,Capital,REG-04
BUD-202503-DEP-006-CC-103-CAT-005,2025,Q1,March,DEP-006,CC-103,CAT-005,18753.06,Operating,REG-05
BUD-202503-DEP-006-CC-106-CAT-008,2025,Q1,March,DEP-006,CC-106,CAT-008,25241.87,Departmental,REG-01
BUD-202503-DEP-006-CC-112-CAT-014,2025,Q1,March,DEP-006,CC-112,CAT-014,19711.53,Capital,REG-08
BUD-202503-DEP-006-CC-119-CAT-010,2025,Q1,March,DEP-006,CC-119,CAT-010,17725.36,Operating,REG-08
BUD-202503-DEP-006-CC-113-CAT-014,2025,Q1,March,DEP-006,CC-113,CAT-014,18524.38,Departmental,REG-03
BUD-202503-DEP-006-CC-120-CAT-001,2025,Q1,March,DEP-006,CC-120,CAT-001,25266.73,Departmental,REG-02
BUD-202503-DEP-006-CC-103-CAT-006,2025,Q1,March,DEP-006,CC-103,CAT-006,25730.13,Operating,REG-08
BUD-202503-DEP-006-CC-102-CAT-013,2025,Q1,March,DEP-006,CC-102,CAT-013,24592.44,Operating,REG-08
BUD-202503-DEP-006-CC-102-CAT-012,2025,Q1,March,DEP-006,CC-102,CAT-012,15683.36,Departmental,REG-08
BUD-202503-DEP-006-CC-101-CAT-007,2025,Q1,March,DEP-006,CC-101,CAT-007,13319.01,Departmental,REG-06
BUD-202503-DEP-006-CC-101-CAT-013,2025,Q1,March,DEP-006,CC-101,CAT-013,21885.63,Project,REG-01
BUD-202503-DEP-006-CC-112-CAT-012,2025,Q1,March,DEP-006,CC-112,CAT-012,17292.29,Capital,REG-08
BUD-202503-DEP-006-CC-109-CAT-001,2025,Q1,March,DEP-006,CC-109,CAT-001,25736.58,Operating,REG-06
BUD-202503-DEP-006-CC-113-CAT-015,2025,Q1,March,DEP-006,CC-113,CAT-015,23213.46,Operating,REG-08
BUD-202503-DEP-006-CC-117-CAT-003,2025,Q1,March,DEP-006,CC-117,CAT-003,19326.09,Operating,REG-01
BUD-202503-DEP-006-CC-108-CAT-011,2025,Q1,March,DEP-006,CC-108,CAT-011,22066.56,Operating,REG-02
BUD-202503-DEP-006-CC-111-CAT-014,2025,Q1,March,DEP-006,CC-111,CAT-014,21338.78,Operating,REG-03
BUD-202503-DEP-006-CC-110-CAT-009,2025,Q1,March,DEP-006,CC-110,CAT-009,17645.48,Operating,REG-06
BUD-202503-DEP-006-CC-118-CAT-013,2025,Q1,March,DEP-006,CC-118,CAT-013,25016.36,Operating,REG-04
BUD-202503-DEP-006-CC-118-CAT-014,2025,Q1,March,DEP-006,CC-118,CAT-014,19748.33,Departmental,REG-06
BUD-202503-DEP-006-CC-109-CAT-001,2025,Q1,March,DEP-006,CC-109,CAT-001,28144.49,Departmental,REG-01
BUD-202503-DEP-006-CC-119-CAT-002,2025,Q1,March,DEP-006,CC-119,CAT-002,14022.68,Departmental,REG-03
BUD-202503-DEP-006-CC-101-CAT-005,2025,Q1,March,DEP-006,CC-101,CAT-005,17637.13,Operating,REG-01
BUD-202503-DEP-006-CC-112-CAT-015,2025,Q1,March,DEP-006,CC-112,CAT-015,21750.19,Operating,REG-06
BUD-202503-DEP-006-CC-111-CAT-012,2025,Q1,March,DEP-006,CC-111,CAT-012,16797.06,Operating,REG-02
BUD-202503-DEP-006-CC-110-CAT-009,2025,Q1,March,DEP-006,CC-110,CAT-009,20974.18,Operating,REG-08
BUD-202503-DEP-006-CC-117-CAT-005,2025,Q1,March,DEP-006,CC-117,CAT-005,17614.31,Departmental,REG-01
BUD-202503-DEP-006-CC-106-CAT-007,2025,Q1,March,DEP-006,CC-106,CAT-007,13993.2,Operating,REG-08
BUD-202503-DEP-006-CC-116-CAT-003,2025,Q1,March,DEP-006,CC-116,CAT-003,18747.18,Capital,REG-01
BUD-202503-DEP-006-CC-113-CAT-005,2025,Q1,March,DEP-006,CC-113,CAT-005,19014.3,Capital,REG-05
BUD-202503-DEP-006-CC-108-CAT-009,2025,Q1,March,DEP-006,CC-108,CAT-009,20830.06,Operating,REG-05
BUD-202503-DEP-006-CC-119-CAT-010,2025,Q1,March,DEP-006,CC-119,CAT-010,15737.72,Departmental,REG-01
BUD-202503-DEP-006-CC-109-CAT-009,2025,Q1,March,DEP-006,CC-109,CAT-009,18181.36,Capital,REG-06
BUD-202503-DEP-006-CC-115-CAT-013,2025,Q1,March,DEP-006,CC-115,CAT-013,24474.26,Project,REG-08
BUD-202503-DEP-006-CC-110-CAT-011,2025,Q1,March,DEP-006,CC-110,CAT-011,24212.53,Operating,REG-01
BUD-202503-DEP-006-CC-115-CAT-014,2025,Q1,March,DEP-006,CC-115,CAT-014,20492.77,Project,REG-01
BUD-202503-DEP-006-CC-111-CAT-002,2025,Q1,March,DEP-006,CC-111,CAT-002,14540.81,Project,REG-08
BUD-202503-DEP-006-CC-116-CAT-006,2025,Q1,March,DEP-006,CC-116,CAT-006,26300.98,Operating,REG-04
BUD-202503-DEP-006-CC-101-CAT-010,2025,Q1,March,DEP-006,CC-101,CAT-010,18349.44,Operating,REG-02
BUD-202503-DEP-006-CC-103-CAT-014,2025,Q1,March,DEP-006,CC-103,CAT-014,21219.49,Operating,REG-08
BUD-202503-DEP-006-CC-119-CAT-004,2025,Q1,March,DEP-006,CC-119,CAT-004,30939.44,Operating,REG-01
BUD-202503-DEP-006-CC-115-CAT-008,2025,Q1,March,DEP-006,CC-115,CAT-008,28915.98,Capital,REG-08
BUD-202503-DEP-006-CC-107-CAT-014,2025,Q1,March,DEP-006,CC-107,CAT-014,19208.04,Operating,REG-08
BUD-202503-DEP-006-CC-108-CAT-002,2025,Q1,March,DEP-006,CC-108,CAT-002,14004.85,Capital,REG-06
BUD-202503-DEP-006-CC-107-CAT-004,2025,Q1,March,DEP-006,CC-107,CAT-004,27546.82,Project,REG-04
BUD-202503-DEP-006-CC-119-CAT-012,2025,Q1,March,DEP-006,CC-119,CAT-012,17748.24,Operating,REG-01
BUD-202503-DEP-006-CC-111-CAT-001,2025,Q1,March,DEP-006,CC-111,CAT-001,26327.1,Operating,REG-03
BUD-202503-DEP-007-CC-102-CAT-010,2025,Q1,March,DEP-007,CC-102,CAT-010,30407.4,Departmental,REG-02
BUD-202503-DEP-007-CC-120-CAT-002,2025,Q1,March,DEP-007,CC-120,CAT-002,29690.47,Operating,REG-04
BUD-202503-DEP-007-CC-107-CAT-008,2025,Q1,March,DEP-007,CC-107,CAT-008,52249.27,Operating,REG-02
BUD-202503-DEP-007-CC-112-CAT-006,2025,Q1,March,DEP-007,CC-112,CAT-006,39478.7,Operating,REG-02
BUD-202503-DEP-007-CC-113-CAT-014,2025,Q1,March,DEP-007,CC-113,CAT-014,37651.15,Operating,REG-08
BUD-202503-DEP-007-CC-114-CAT-005,2025,Q1,March,DEP-007,CC-114,CAT-005,31503.95,Capital,REG-01
BUD-202503-DEP-007-CC-114-CAT-009,2025,Q1,March,DEP-007,CC-114,CAT-009,35638.19,Operating,REG-06
BUD-202503-DEP-007-CC-113-CAT-015,2025,Q1,March,DEP-007,CC-113,CAT-015,42625.77,Capital,REG-06
BUD-202503-DEP-007-CC-113-CAT-015,2025,Q1,March,DEP-007,CC-113,CAT-015,36176.23,Project,REG-05
BUD-202503-DEP-007-CC-105-CAT-007,2025,Q1,March,DEP-007,CC-105,CAT-007,24462.11,Operating,REG-02
BUD-202503-DEP-007-CC-108-CAT-004,2025,Q1,March,DEP-007,CC-108,CAT-004,52378.31,Operating,REG-03
BUD-202503-DEP-007-CC-114-CAT-014,2025,Q1,March,DEP-007,CC-114,CAT-014,32424.21,Capital,REG-03
BUD-202503-DEP-007-CC-104-CAT-013,2025,Q1,March,DEP-007,CC-104,CAT-013,44539.95,Operating,REG-07
BUD-202503-DEP-007-CC-108-CAT-002,2025,Q1,March,DEP-007,CC-108,CAT-002,26758.78,Operating,REG-06
BUD-202503-DEP-007-CC-118-CAT-006,2025,Q1,March,DEP-007,CC-118,CAT-006,40597.35,Operating,REG-08
BUD-202503-DEP-007-CC-102-CAT-012,2025,Q1,March,DEP-007,CC-102,CAT-012,27612.88,Project,REG-08
BUD-202503-DEP-007-CC-116-CAT-012,2025,Q1,March,DEP-007,CC-116,CAT-012,28332.0,Operating,REG-02
BUD-202503-DEP-007-CC-112-CAT-007,2025,Q1,March,DEP-007,CC-112,CAT-007,20939.19,Operating,REG-07
BUD-202503-DEP-007-CC-107-CAT-012,2025,Q1,March,DEP-007,CC-107,CAT-012,27117.23,Project,REG-01
BUD-202503-DEP-007-CC-119-CAT-013,2025,Q1,March,DEP-007,CC-119,CAT-013,40280.86,Operating,REG-03
BUD-202503-DEP-007-CC-114-CAT-003,2025,Q1,March,DEP-007,CC-114,CAT-003,39478.07,Operating,REG-06
BUD-202503-DEP-007-CC-120-CAT-015,2025,Q1,March,DEP-007,CC-120,CAT-015,42141.27,Departmental,REG-08
BUD-202503-DEP-007-CC-111-CAT-001,2025,Q1,March,DEP-007,CC-111,CAT-001,40781.28,Departmental,REG-01
BUD-202503-DEP-007-CC-107-CAT-011,2025,Q1,March,DEP-007,CC-107,CAT-011,44304.77,Operating,REG-05
BUD-202503-DEP-007-CC-113-CAT-014,2025,Q1,March,DEP-007,CC-113,CAT-014,35111.97,Operating,REG-07
BUD-202503-DEP-007-CC-106-CAT-013,2025,Q1,March,DEP-007,CC-106,CAT-013,46930.29,Capital,REG-01
BUD-202503-DEP-007-CC-103-CAT-007,2025,Q1,March,DEP-007,CC-103,CAT-007,23138.32,Departmental,REG-04
BUD-202503-DEP-007-CC-111-CAT-004,2025,Q1,March,DEP-007,CC-111,CAT-004,50632.29,Operating,REG-02
BUD-202503-DEP-007-CC-115-CAT-015,2025,Q1,March,DEP-007,CC-115,CAT-015,38398.22,Operating,REG-05
BUD-202503-DEP-007-CC-115-CAT-005,2025,Q1,March,DEP-007,CC-115,CAT-005,28643.83,Project,REG-04
BUD-202503-DEP-007-CC-105-CAT-006,2025,Q1,March,DEP-007,CC-105,CAT-006,45786.73,Operating,REG-03
BUD-202503-DEP-007-CC-109-CAT-015,2025,Q1,March,DEP-007,CC-109,CAT-015,33559.02,Project,REG-05
BUD-202503-DEP-007-CC-109-CAT-006,2025,Q1,March,DEP-007,CC-109,CAT-006,42634.26,Operating,REG-08
BUD-202503-DEP-007-CC-114-CAT-004,2025,Q1,March,DEP-007,CC-114,CAT-004,51450.76,Operating,REG-06
BUD-202503-DEP-007-CC-107-CAT-005,2025,Q1,March,DEP-007,CC-107,CAT-005,30744.99,Departmental,REG-03
BUD-202503-DEP-007-CC-111-CAT-001,2025,Q1,March,DEP-007,CC-111,CAT-001,41716.5,Operating,REG-08
BUD-202503-DEP-007-CC-111-CAT-005,2025,Q1,March,DEP-007,CC-111,CAT-005,27933.86,Operating,REG-01
BUD-202503-DEP-007-CC-111-CAT-012,2025,Q1,March,DEP-007,CC-111,CAT-012,25956.11,Project,REG-06
BUD-202503-DEP-007-CC-104-CAT-013,2025,Q1,March,DEP-007,CC-104,CAT-013,43789.62,Departmental,REG-02
BUD-202503-DEP-007-CC-102-CAT-009,2025,Q1,March,DEP-007,CC-102,CAT-009,30603.38,Project,REG-01
BUD-202503-DEP-007-CC-116-CAT-005,2025,Q1,March,DEP-007,CC-116,CAT-005,29775.04,Operating,REG-03
BUD-202503-DEP-007-CC-118-CAT-011,2025,Q1,March,DEP-007,CC-118,CAT-011,42460.18,Capital,REG-08
BUD-202503-DEP-007-CC-116-CAT-006,2025,Q1,March,DEP-007,CC-116,CAT-006,39183.53,Operating,REG-03
BUD-202503-DEP-007-CC-114-CAT-009,2025,Q1,March,DEP-007,CC-114,CAT-009,29661.4,Operating,REG-04
BUD-202503-DEP-007-CC-105-CAT-003,2025,Q1,March,DEP-007,CC-105,CAT-003,33031.56,Project,REG-03
BUD-202503-DEP-007-CC-118-CAT-004,2025,Q1,March,DEP-007,CC-118,CAT-004,48844.11,Operating,REG-05
BUD-202503-DEP-007-CC-115-CAT-001,2025,Q1,March,DEP-007,CC-115,CAT-001,41063.03,Operating,REG-02
BUD-202503-DEP-007-CC-114-CAT-003,2025,Q1,March,DEP-007,CC-114,CAT-003,36441.22,Capital,REG-01
BUD-202503-DEP-007-CC-119-CAT-014,2025,Q1,March,DEP-007,CC-119,CAT-014,36374.31,Operating,REG-04
BUD-202503-DEP-007-CC-103-CAT-001,2025,Q1,March,DEP-007,CC-103,CAT-001,45130.4,Departmental,REG-05
BUD-202503-DEP-007-CC-117-CAT-008,2025,Q1,March,DEP-007,CC-117,CAT-008,52000.98,Capital,REG-02
BUD-202503-DEP-007-CC-106-CAT-004,2025,Q1,March,DEP-007,CC-106,CAT-004,56496.07,Capital,REG-06
BUD-202503-DEP-007-CC-102-CAT-012,2025,Q1,March,DEP-007,CC-102,CAT-012,28884.56,Project,REG-01
BUD-202503-DEP-007-CC-115-CAT-008,2025,Q1,March,DEP-007,CC-115,CAT-008,48710.38,Capital,REG-02
BUD-202503-DEP-007-CC-114-CAT-008,2025,Q1,March,DEP-007,CC-114,CAT-008,48235.89,Operating,REG-01
BUD-202503-DEP-007-CC-111-CAT-014,2025,Q1,March,DEP-007,CC-111,CAT-014,37617.79,Operating,REG-03
BUD-202503-DEP-007-CC-102-CAT-010,2025,Q1,March,DEP-007,CC-102,CAT-010,32020.82,Operating,REG-02
BUD-202503-DEP-007-CC-110-CAT-010,2025,Q1,March,DEP-007,CC-110,CAT-010,26862.14,Operating,REG-01
BUD-202503-DEP-007-CC-116-CAT-003,2025,Q1,March,DEP-007,CC-116,CAT-003,33019.58,Project,REG-04
BUD-202503-DEP-007-CC-111-CAT-007,2025,Q1,March,DEP-007,CC-111,CAT-007,22987.25,Operating,REG-06
BUD-202503-DEP-008-CC-111-CAT-009,2025,Q1,March,DEP-008,CC-111,CAT-009,25480.08,Operating,REG-03
BUD-202503-DEP-008-CC-109-CAT-005,2025,Q1,March,DEP-008,CC-109,CAT-005,21077.17,Operating,REG-01
BUD-202503-DEP-008-CC-112-CAT-006,2025,Q1,March,DEP-008,CC-112,CAT-006,30358.97,Operating,REG-01
BUD-202503-DEP-008-CC-117-CAT-005,2025,Q1,March,DEP-008,CC-117,CAT-005,22681.16,Operating,REG-02
BUD-202503-DEP-008-CC-101-CAT-013,2025,Q1,March,DEP-008,CC-101,CAT-013,26917.3,Capital,REG-03
BUD-202503-DEP-008-CC-107-CAT-014,2025,Q1,March,DEP-008,CC-107,CAT-014,24363.94,Operating,REG-02
BUD-202503-DEP-008-CC-116-CAT-008,2025,Q1,March,DEP-008,CC-116,CAT-008,34366.73,Operating,REG-03
BUD-202503-DEP-008-CC-107-CAT-012,2025,Q1,March,DEP-008,CC-107,CAT-012,19165.74,Operating,REG-06
BUD-202503-DEP-008-CC-105-CAT-010,2025,Q1,March,DEP-008,CC-105,CAT-010,21696.02,Project,REG-08
BUD-202503-DEP-008-CC-120-CAT-003,2025,Q1,March,DEP-008,CC-120,CAT-003,27249.62,Operating,REG-05
BUD-202503-DEP-008-CC-102-CAT-012,2025,Q1,March,DEP-008,CC-102,CAT-012,18262.69,Operating,REG-02
BUD-202503-DEP-008-CC-119-CAT-011,2025,Q1,March,DEP-008,CC-119,CAT-011,24386.59,Capital,REG-04
BUD-202503-DEP-008-CC-103-CAT-015,2025,Q1,March,DEP-008,CC-103,CAT-015,26164.61,Departmental,REG-08
BUD-202503-DEP-008-CC-102-CAT-002,2025,Q1,March,DEP-008,CC-102,CAT-002,19482.66,Operating,REG-06
BUD-202503-DEP-008-CC-107-CAT-001,2025,Q1,March,DEP-008,CC-107,CAT-001,30086.59,Operating,REG-02
BUD-202503-DEP-008-CC-105-CAT-005,2025,Q1,March,DEP-008,CC-105,CAT-005,19845.61,Departmental,REG-08
BUD-202503-DEP-008-CC-116-CAT-005,2025,Q1,March,DEP-008,CC-116,CAT-005,23454.81,Operating,REG-04
BUD-202503-DEP-008-CC-109-CAT-004,2025,Q1,March,DEP-008,CC-109,CAT-004,36125.12,Operating,REG-04
BUD-202503-DEP-008-CC-114-CAT-013,2025,Q1,March,DEP-008,CC-114,CAT-013,27983.05,Operating,REG-07
BUD-202503-DEP-008-CC-101-CAT-015,2025,Q1,March,DEP-008,CC-101,CAT-015,26909.05,Capital,REG-07
BUD-202503-DEP-008-CC-117-CAT-013,2025,Q1,March,DEP-008,CC-117,CAT-013,32174.5,Operating,REG-01
BUD-202503-DEP-008-CC-103-CAT-011,2025,Q1,March,DEP-008,CC-103,CAT-011,26235.2,Departmental,REG-03
BUD-202503-DEP-008-CC-110-CAT-006,2025,Q1,March,DEP-008,CC-110,CAT-006,27562.6,Project,REG-04
BUD-202503-DEP-008-CC-116-CAT-001,2025,Q1,March,DEP-008,CC-116,CAT-001,34011.11,Capital,REG-05
BUD-202503-DEP-008-CC-102-CAT-003,2025,Q1,March,DEP-008,CC-102,CAT-003,25926.09,Operating,REG-03
BUD-202503-DEP-008-CC-117-CAT-001,2025,Q1,March,DEP-008,CC-117,CAT-001,32598.1,Capital,REG-05
BUD-202503-DEP-008-CC-119-CAT-001,2025,Q1,March,DEP-008,CC-119,CAT-001,27479.97,Operating,REG-05
BUD-202503-DEP-008-CC-119-CAT-010,2025,Q1,March,DEP-008,CC-119,CAT-010,22540.37,Project,REG-06
BUD-202503-DEP-008-CC-114-CAT-001,2025,Q1,March,DEP-008,CC-114,CAT-001,30045.23,Operating,REG-08
BUD-202503-DEP-008-CC-113-CAT-003,2025,Q1,March,DEP-008,CC-113,CAT-003,24213.08,Operating,REG-07
BUD-202503-DEP-008-CC-117-CAT-013,2025,Q1,March,DEP-008,CC-117,CAT-013,31998.18,Departmental,REG-06
BUD-202503-DEP-008-CC-107-CAT-002,2025,Q1,March,DEP-008,CC-107,CAT-002,20510.41,Operating,REG-02
BUD-202503-DEP-008-CC-119-CAT-011,2025,Q1,March,DEP-008,CC-119,CAT-011,28151.78,Operating,REG-07
BUD-202503-DEP-008-CC-107-CAT-007,2025,Q1,March,DEP-008,CC-107,CAT-007,16808.74,Capital,REG-01
BUD-202503-DEP-008-CC-102-CAT-002,2025,Q1,March,DEP-008,CC-102,CAT-002,16907.23,Operating,REG-03
BUD-202503-DEP-008-CC-109-CAT-006,2025,Q1,March,DEP-008,CC-109,CAT-006,25729.87,Capital,REG-06
BUD-202503-DEP-008-CC-111-CAT-004,2025,Q1,March,DEP-008,CC-111,CAT-004,36396.19,Operating,REG-02
BUD-202503-DEP-008-CC-118-CAT-012,2025,Q1,March,DEP-008,CC-118,CAT-012,18593.82,Operating,REG-03
BUD-202503-DEP-008-CC-119-CAT-015,2025,Q1,March,DEP-008,CC-119,CAT-015,24824.55,Project,REG-07
BUD-202503-DEP-009-CC-113-CAT-006,2025,Q1,March,DEP-009,CC-113,CAT-006,49633.45,Project,REG-05
BUD-202503-DEP-009-CC-105-CAT-013,2025,Q1,March,DEP-009,CC-105,CAT-013,54177.54,Departmental,REG-04
BUD-202503-DEP-009-CC-104-CAT-005,2025,Q1,March,DEP-009,CC-104,CAT-005,33255.02,Capital,REG-02
BUD-202503-DEP-009-CC-116-CAT-013,2025,Q1,March,DEP-009,CC-116,CAT-013,55398.77,Project,REG-01
BUD-202503-DEP-009-CC-109-CAT-015,2025,Q1,March,DEP-009,CC-109,CAT-015,44610.48,Departmental,REG-03
BUD-202503-DEP-009-CC-103-CAT-001,2025,Q1,March,DEP-009,CC-103,CAT-001,50104.82,Project,REG-08
BUD-202503-DEP-009-CC-112-CAT-003,2025,Q1,March,DEP-009,CC-112,CAT-003,38362.8,Project,REG-02
BUD-202503-DEP-009-CC-115-CAT-014,2025,Q1,March,DEP-009,CC-115,CAT-014,37994.12,Operating,REG-03
BUD-202503-DEP-009-CC-109-CAT-012,2025,Q1,March,DEP-009,CC-109,CAT-012,30832.53,Capital,REG-04
BUD-202503-DEP-009-CC-114-CAT-007,2025,Q1,March,DEP-009,CC-114,CAT-007,27379.59,Operating,REG-02
BUD-202503-DEP-009-CC-110-CAT-015,2025,Q1,March,DEP-009,CC-110,CAT-015,41958.37,Operating,REG-07
BUD-202503-DEP-009-CC-106-CAT-009,2025,Q1,March,DEP-009,CC-106,CAT-009,42614.95,Departmental,REG-06
BUD-202503-DEP-009-CC-106-CAT-007,2025,Q1,March,DEP-009,CC-106,CAT-007,27991.38,Operating,REG-06
BUD-202503-DEP-009-CC-104-CAT-011,2025,Q1,March,DEP-009,CC-104,CAT-011,42467.72,Capital,REG-01
BUD-202503-DEP-009-CC-119-CAT-009,2025,Q1,March,DEP-009,CC-119,CAT-009,40363.06,Departmental,REG-01
BUD-202503-DEP-009-CC-104-CAT-005,2025,Q1,March,DEP-009,CC-104,CAT-005,39915.36,Operating,REG-08
BUD-202503-DEP-009-CC-111-CAT-012,2025,Q1,March,DEP-009,CC-111,CAT-012,29655.28,Operating,REG-01
BUD-202503-DEP-009-CC-102-CAT-001,2025,Q1,March,DEP-009,CC-102,CAT-001,57051.69,Operating,REG-07
BUD-202503-DEP-009-CC-112-CAT-001,2025,Q1,March,DEP-009,CC-112,CAT-001,55626.02,Operating,REG-08
BUD-202503-DEP-009-CC-103-CAT-007,2025,Q1,March,DEP-009,CC-103,CAT-007,30488.59,Project,REG-07
BUD-202503-DEP-009-CC-119-CAT-012,2025,Q1,March,DEP-009,CC-119,CAT-012,34120.59,Operating,REG-03
BUD-202503-DEP-009-CC-110-CAT-002,2025,Q1,March,DEP-009,CC-110,CAT-002,29436.97,Departmental,REG-04
BUD-202503-DEP-009-CC-113-CAT-004,2025,Q1,March,DEP-009,CC-113,CAT-004,62132.28,Operating,REG-03
BUD-202503-DEP-009-CC-108-CAT-012,2025,Q1,March,DEP-009,CC-108,CAT-012,32345.36,Operating,REG-07
BUD-202503-DEP-009-CC-113-CAT-010,2025,Q1,March,DEP-009,CC-113,CAT-010,35241.86,Operating,REG-04
BUD-202503-DEP-009-CC-114-CAT-002,2025,Q1,March,DEP-009,CC-114,CAT-002,31618.23,Operating,REG-06
BUD-202503-DEP-009-CC-119-CAT-009,2025,Q1,March,DEP-009,CC-119,CAT-009,39561.11,Operating,REG-08
BUD-202503-DEP-009-CC-115-CAT-002,2025,Q1,March,DEP-009,CC-115,CAT-002,33430.96,Operating,REG-03
BUD-202503-DEP-009-CC-101-CAT-002,2025,Q1,March,DEP-009,CC-101,CAT-002,30500.15,Operating,REG-06
BUD-202503-DEP-009-CC-106-CAT-008,2025,Q1,March,DEP-009,CC-106,CAT-008,59800.11,Operating,REG-08
BUD-202503-DEP-009-CC-109-CAT-010,2025,Q1,March,DEP-009,CC-109,CAT-010,33212.75,Operating,REG-03
BUD-202503-DEP-009-CC-105-CAT-007,2025,Q1,March,DEP-009,CC-105,CAT-007,26386.95,Project,REG-02
BUD-202503-DEP-009-CC-103-CAT-015,2025,Q1,March,DEP-009,CC-103,CAT-015,45886.94,Capital,REG-04
BUD-202503-DEP-009-CC-110-CAT-003,2025,Q1,March,DEP-009,CC-110,CAT-003,46677.23,Operating,REG-07
BUD-202503-DEP-010-CC-109-CAT-004,2025,Q1,March,DEP-010,CC-109,CAT-004,45472.89,Operating,REG-02
BUD-202503-DEP-010-CC-109-CAT-007,2025,Q1,March,DEP-010,CC-109,CAT-007,18941.17,Operating,REG-07
BUD-202503-DEP-010-CC-104-CAT-005,2025,Q1,March,DEP-010,CC-104,CAT-005,21778.68,Operating,REG-01
BUD-202503-DEP-010-CC-119-CAT-010,2025,Q1,March,DEP-010,CC-119,CAT-010,25537.93,Operating,REG-03
BUD-202503-DEP-010-CC-117-CAT-010,2025,Q1,March,DEP-010,CC-117,CAT-010,25091.86,Operating,REG-02
BUD-202503-DEP-010-CC-117-CAT-007,2025,Q1,March,DEP-010,CC-117,CAT-007,19804.3,Operating,REG-04
BUD-202503-DEP-010-CC-102-CAT-013,2025,Q1,March,DEP-010,CC-102,CAT-013,34598.87,Operating,REG-07
BUD-202503-DEP-010-CC-105-CAT-005,2025,Q1,March,DEP-010,CC-105,CAT-005,26926.19,Capital,REG-07
BUD-202503-DEP-010-CC-107-CAT-015,2025,Q1,March,DEP-010,CC-107,CAT-015,28993.74,Operating,REG-07
BUD-202503-DEP-010-CC-115-CAT-008,2025,Q1,March,DEP-010,CC-115,CAT-008,35942.85,Operating,REG-04
BUD-202503-DEP-010-CC-101-CAT-013,2025,Q1,March,DEP-010,CC-101,CAT-013,34699.05,Operating,REG-07
BUD-202503-DEP-010-CC-109-CAT-008,2025,Q1,March,DEP-010,CC-109,CAT-008,37101.24,Operating,REG-06
BUD-202503-DEP-010-CC-102-CAT-014,2025,Q1,March,DEP-010,CC-102,CAT-014,24616.88,Departmental,REG-01
BUD-202503-DEP-010-CC-107-CAT-003,2025,Q1,March,DEP-010,CC-107,CAT-003,30775.36,Operating,REG-05
BUD-202503-DEP-010-CC-118-CAT-005,2025,Q1,March,DEP-010,CC-118,CAT-005,24591.26,Operating,REG-02
BUD-202503-DEP-010-CC-113-CAT-012,2025,Q1,March,DEP-010,CC-113,CAT-012,23245.73,Departmental,REG-05
BUD-202503-DEP-010-CC-115-CAT-011,2025,Q1,March,DEP-010,CC-115,CAT-011,27976.48,Operating,REG-01
BUD-202503-DEP-010-CC-103-CAT-008,2025,Q1,March,DEP-010,CC-103,CAT-008,38730.0,Capital,REG-02
BUD-202503-DEP-010-CC-111-CAT-005,2025,Q1,March,DEP-010,CC-111,CAT-005,25799.45,Operating,REG-07
BUD-202503-DEP-010-CC-120-CAT-011,2025,Q1,March,DEP-010,CC-120,CAT-011,29921.01,Operating,REG-07
BUD-202503-DEP-010-CC-112-CAT-008,2025,Q1,March,DEP-010,CC-112,CAT-008,36459.62,Operating,REG-01
BUD-202503-DEP-010-CC-101-CAT-015,2025,Q1,March,DEP-010,CC-101,CAT-015,32112.27,Departmental,REG-08
BUD-202503-DEP-010-CC-101-CAT-004,2025,Q1,March,DEP-010,CC-101,CAT-004,43046.59,Project,REG-07
BUD-202503-DEP-010-CC-110-CAT-003,2025,Q1,March,DEP-010,CC-110,CAT-003,25140.54,Capital,REG-02
BUD-202503-DEP-010-CC-103-CAT-003,2025,Q1,March,DEP-010,CC-103,CAT-003,27627.73,Operating,REG-04
BUD-202503-DEP-010-CC-108-CAT-008,2025,Q1,March,DEP-010,CC-108,CAT-008,34024.99,Project,REG-07
BUD-202503-DEP-010-CC-108-CAT-009,2025,Q1,March,DEP-010,CC-108,CAT-009,28430.15,Project,REG-03
BUD-202503-DEP-010-CC-120-CAT-005,2025,Q1,March,DEP-010,CC-120,CAT-005,23428.83,Operating,REG-07
BUD-202503-DEP-010-CC-120-CAT-003,2025,Q1,March,DEP-010,CC-120,CAT-003,26219.52,Operating,REG-01
BUD-202503-DEP-010-CC-110-CAT-011,2025,Q1,March,DEP-010,CC-110,CAT-011,27040.26,Operating,REG-03
BUD-202503-DEP-010-CC-115-CAT-015,2025,Q1,March,DEP-010,CC-115,CAT-015,29542.6,Departmental,REG-02
BUD-202503-DEP-010-CC-106-CAT-005,2025,Q1,March,DEP-010,CC-106,CAT-005,22538.95,Departmental,REG-08
BUD-202503-DEP-010-CC-102-CAT-010,2025,Q1,March,DEP-010,CC-102,CAT-010,20863.11,Project,REG-07
BUD-202503-DEP-010-CC-110-CAT-014,2025,Q1,March,DEP-010,CC-110,CAT-014,29833.81,Capital,REG-01
BUD-202503-DEP-010-CC-104-CAT-013,2025,Q1,March,DEP-010,CC-104,CAT-013,31175.31,Operating,REG-05
BUD-202503-DEP-010-CC-103-CAT-015,2025,Q1,March,DEP-010,CC-103,CAT-015,26185.56,Operating,REG-03
BUD-202503-DEP-010-CC-105-CAT-003,2025,Q1,March,DEP-010,CC-105,CAT-003,26084.94,Operating,REG-04
BUD-202503-DEP-010-CC-114-CAT-010,2025,Q1,March,DEP-010,CC-114,CAT-010,20564.7,Capital,REG-04
BUD-202503-DEP-010-CC-102-CAT-015,2025,Q1,March,DEP-010,CC-102,CAT-015,31489.5,Departmental,REG-03
BUD-202503-DEP-010-CC-102-CAT-012,2025,Q1,March,DEP-010,CC-102,CAT-012,22597.96,Operating,REG-01
BUD-202503-DEP-010-CC-104-CAT-014,2025,Q1,March,DEP-010,CC-104,CAT-014,29157.54,Project,REG-08
BUD-202503-DEP-010-CC-113-CAT-002,2025,Q1,March,DEP-010,CC-113,CAT-002,22115.43,Operating,REG-02
BUD-202503-DEP-010-CC-120-CAT-001,2025,Q1,March,DEP-010,CC-120,CAT-001,34159.84,Capital,REG-02
BUD-202503-DEP-010-CC-106-CAT-003,2025,Q1,March,DEP-010,CC-106,CAT-003,28886.9,Operating,REG-06
BUD-202503-DEP-010-CC-120-CAT-009,2025,Q1,March,DEP-010,CC-120,CAT-009,27312.42,Operating,REG-04
BUD-202503-DEP-010-CC-104-CAT-006,2025,Q1,March,DEP-010,CC-104,CAT-006,30859.82,Departmental,REG-04
BUD-202503-DEP-010-CC-103-CAT-006,2025,Q1,March,DEP-010,CC-103,CAT-006,34466.81,Operating,REG-02
BUD-202503-DEP-010-CC-101-CAT-006,2025,Q1,March,DEP-010,CC-101,CAT-006,28919.52,Capital,REG-05
BUD-202503-DEP-010-CC-117-CAT-014,2025,Q1,March,DEP-010,CC-117,CAT-014,29099.58,Capital,REG-07
BUD-202505-DEP-001-CC-115-CAT-009,2025,Q2,May,DEP-001,CC-115,CAT-009,31654.01,Operating,REG-05
BUD-202505-DEP-001-CC-118-CAT-005,2025,Q2,May,DEP-001,CC-118,CAT-005,26821.98,Operating,REG-03
BUD-202505-DEP-001-CC-105-CAT-011,2025,Q2,May,DEP-001,CC-105,CAT-011,36657.13,Operating,REG-05
BUD-202505-DEP-001-CC-113-CAT-015,2025,Q2,May,DEP-001,CC-113,CAT-015,37881.21,Operating,REG-05
BUD-202505-DEP-001-CC-105-CAT-012,2025,Q2,May,DEP-001,CC-105,CAT-012,24311.51,Operating,REG-06
BUD-202505-DEP-001-CC-109-CAT-012,2025,Q2,May,DEP-001,CC-109,CAT-012,24116.33,Operating,REG-02
BUD-202505-DEP-001-CC-111-CAT-015,2025,Q2,May,DEP-001,CC-111,CAT-015,36050.85,Operating,REG-07
BUD-202505-DEP-001-CC-117-CAT-011,2025,Q2,May,DEP-001,CC-117,CAT-011,38778.91,Operating,REG-03
BUD-202505-DEP-001-CC-118-CAT-010,2025,Q2,May,DEP-001,CC-118,CAT-010,26618.31,Operating,REG-03
BUD-202505-DEP-001-CC-101-CAT-001,2025,Q2,May,DEP-001,CC-101,CAT-001,44276.06,Capital,REG-04
BUD-202505-DEP-001-CC-118-CAT-006,2025,Q2,May,DEP-001,CC-118,CAT-006,36369.23,Project,REG-02
BUD-202505-DEP-001-CC-101-CAT-008,2025,Q2,May,DEP-001,CC-101,CAT-008,49977.66,Operating,REG-06
BUD-202505-DEP-001-CC-108-CAT-009,2025,Q2,May,DEP-001,CC-108,CAT-009,28392.61,Operating,REG-07
BUD-202505-DEP-001-CC-111-CAT-011,2025,Q2,May,DEP-001,CC-111,CAT-011,38835.07,Departmental,REG-02
BUD-202505-DEP-001-CC-103-CAT-006,2025,Q2,May,DEP-001,CC-103,CAT-006,38824.06,Operating,REG-07
BUD-202505-DEP-001-CC-103-CAT-006,2025,Q2,May,DEP-001,CC-103,CAT-006,42938.97,Operating,REG-04
BUD-202505-DEP-001-CC-110-CAT-002,2025,Q2,May,DEP-001,CC-110,CAT-002,25865.77,Capital,REG-04
BUD-202505-DEP-001-CC-118-CAT-010,2025,Q2,May,DEP-001,CC-118,CAT-010,26416.64,Operating,REG-02
BUD-202505-DEP-001-CC-113-CAT-003,2025,Q2,May,DEP-001,CC-113,CAT-003,30748.87,Capital,REG-01
BUD-202505-DEP-001-CC-105-CAT-003,2025,Q2,May,DEP-001,CC-105,CAT-003,30455.12,Departmental,REG-05
BUD-202505-DEP-001-CC-112-CAT-014,2025,Q2,May,DEP-001,CC-112,CAT-014,33095.0,Operating,REG-05
BUD-202505-DEP-001-CC-118-CAT-010,2025,Q2,May,DEP-001,CC-118,CAT-010,31297.7,Capital,REG-03
BUD-202505-DEP-001-CC-113-CAT-005,2025,Q2,May,DEP-001,CC-113,CAT-005,29137.01,Operating,REG-04
BUD-202505-DEP-001-CC-101-CAT-003,2025,Q2,May,DEP-001,CC-101,CAT-003,33532.45,Operating,REG-06
BUD-202505-DEP-001-CC-106-CAT-013,2025,Q2,May,DEP-001,CC-106,CAT-013,42693.59,Operating,REG-04
BUD-202505-DEP-001-CC-117-CAT-010,2025,Q2,May,DEP-001,CC-117,CAT-010,25062.11,Operating,REG-07
BUD-202505-DEP-001-CC-108-CAT-006,2025,Q2,May,DEP-001,CC-108,CAT-006,40125.91,Operating,REG-05
BUD-202505-DEP-001-CC-116-CAT-005,2025,Q2,May,DEP-001,CC-116,CAT-005,27855.58,Operating,REG-06
BUD-202505-DEP-001-CC-103-CAT-010,2025,Q2,May,DEP-001,CC-103,CAT-010,27841.62,Operating,REG-02
BUD-202505-DEP-001-CC-106-CAT-006,2025,Q2,May,DEP-001,CC-106,CAT-006,38820.12,Operating,REG-07
BUD-202505-DEP-001-CC-119-CAT-009,2025,Q2,May,DEP-001,CC-119,CAT-009,34722.91,Departmental,REG-07
BUD-202505-DEP-001-CC-113-CAT-012,2025,Q2,May,DEP-001,CC-113,CAT-012,29501.29,Project,REG-08
BUD-202505-DEP-001-CC-112-CAT-006,2025,Q2,May,DEP-001,CC-112,CAT-006,38162.06,Operating,REG-08
BUD-202505-DEP-001-CC-104-CAT-014,2025,Q2,May,DEP-001,CC-104,CAT-014,29585.4,Departmental,REG-06
BUD-202505-DEP-001-CC-102-CAT-008,2025,Q2,May,DEP-001,CC-102,CAT-008,50282.55,Operating,REG-01
BUD-202505-DEP-001-CC-114-CAT-013,2025,Q2,May,DEP-001,CC-114,CAT-013,45059.99,Project,REG-08
BUD-202505-DEP-001-CC-104-CAT-003,2025,Q2,May,DEP-001,CC-104,CAT-003,33462.62,Operating,REG-07
BUD-202505-DEP-001-CC-103-CAT-015,2025,Q2,May,DEP-001,CC-103,CAT-015,39216.8,Capital,REG-01
BUD-202505-DEP-001-CC-117-CAT-002,2025,Q2,May,DEP-001,CC-117,CAT-002,22757.5,Operating,REG-01
BUD-202505-DEP-001-CC-111-CAT-009,2025,Q2,May,DEP-001,CC-111,CAT-009,27889.14,Project,REG-01
BUD-202505-DEP-001-CC-107-CAT-008,2025,Q2,May,DEP-001,CC-107,CAT-008,42640.88,Project,REG-03
BUD-202505-DEP-001-CC-106-CAT-007,2025,Q2,May,DEP-001,CC-106,CAT-007,21031.13,Operating,REG-03
BUD-202505-DEP-001-CC-102-CAT-006,2025,Q2,May,DEP-001,CC-102,CAT-006,37903.01,Departmental,REG-06
BUD-202505-DEP-002-CC-117-CAT-007,2025,Q2,May,DEP-002,CC-117,CAT-007,16807.13,Operating,REG-04
BUD-202505-DEP-002-CC-107-CAT-001,2025,Q2,May,DEP-002,CC-107,CAT-001,32984.32,Operating,REG-08
BUD-202505-DEP-002-CC-117-CAT-013,2025,Q2,May,DEP-002,CC-117,CAT-013,25829.44,Project,REG-07
BUD-202505-DEP-002-CC-118-CAT-009,2025,Q2,May,DEP-002,CC-118,CAT-009,20792.89,Project,REG-08
BUD-202505-DEP-002-CC-111-CAT-010,2025,Q2,May,DEP-002,CC-111,CAT-010,18677.87,Operating,REG-07
BUD-202505-DEP-002-CC-103-CAT-007,2025,Q2,May,DEP-002,CC-103,CAT-007,14592.66,Capital,REG-04
BUD-202505-DEP-002-CC-116-CAT-003,2025,Q2,May,DEP-002,CC-116,CAT-003,26978.52,Project,REG-06
BUD-202505-DEP-002-CC-119-CAT-001,2025,Q2,May,DEP-002,CC-119,CAT-001,28670.93,Capital,REG-07
BUD-202505-DEP-002-CC-118-CAT-014,2025,Q2,May,DEP-002,CC-118,CAT-014,22055.4,Operating,REG-03
BUD-202505-DEP-002-CC-113-CAT-011,2025,Q2,May,DEP-002,CC-113,CAT-011,23834.88,Operating,REG-08
BUD-202505-DEP-002-CC-116-CAT-012,2025,Q2,May,DEP-002,CC-116,CAT-012,20348.87,Operating,REG-04
BUD-202505-DEP-002-CC-109-CAT-006,2025,Q2,May,DEP-002,CC-109,CAT-006,27541.73,Operating,REG-07
BUD-202505-DEP-002-CC-118-CAT-009,2025,Q2,May,DEP-002,CC-118,CAT-009,22641.03,Project,REG-04
BUD-202505-DEP-002-CC-101-CAT-012,2025,Q2,May,DEP-002,CC-101,CAT-012,19968.4,Departmental,REG-02
BUD-202505-DEP-002-CC-109-CAT-015,2025,Q2,May,DEP-002,CC-109,CAT-015,23086.04,Operating,REG-08
BUD-202505-DEP-002-CC-107-CAT-004,2025,Q2,May,DEP-002,CC-107,CAT-004,38493.89,Capital,REG-01
BUD-202505-DEP-002-CC-108-CAT-004,2025,Q2,May,DEP-002,CC-108,CAT-004,39441.87,Operating,REG-04
BUD-202505-DEP-002-CC-101-CAT-003,2025,Q2,May,DEP-002,CC-101,CAT-003,25242.36,Operating,REG-03
BUD-202505-DEP-002-CC-120-CAT-008,2025,Q2,May,DEP-002,CC-120,CAT-008,32267.76,Capital,REG-03
BUD-202505-DEP-002-CC-116-CAT-013,2025,Q2,May,DEP-002,CC-116,CAT-013,28375.37,Project,REG-02
BUD-202505-DEP-002-CC-108-CAT-007,2025,Q2,May,DEP-002,CC-108,CAT-007,15711.55,Operating,REG-04
BUD-202505-DEP-002-CC-120-CAT-011,2025,Q2,May,DEP-002,CC-120,CAT-011,28949.62,Operating,REG-05
BUD-202505-DEP-002-CC-115-CAT-007,2025,Q2,May,DEP-002,CC-115,CAT-007,16203.08,Departmental,REG-04
BUD-202505-DEP-002-CC-104-CAT-001,2025,Q2,May,DEP-002,CC-104,CAT-001,31345.09,Operating,REG-04
BUD-202505-DEP-002-CC-102-CAT-003,2025,Q2,May,DEP-002,CC-102,CAT-003,26386.79,Project,REG-01
BUD-202505-DEP-002-CC-105-CAT-008,2025,Q2,May,DEP-002,CC-105,CAT-008,31577.37,Operating,REG-03
BUD-202505-DEP-002-CC-110-CAT-008,2025,Q2,May,DEP-002,CC-110,CAT-008,29983.0,Operating,REG-06
BUD-202505-DEP-002-CC-104-CAT-001,2025,Q2,May,DEP-002,CC-104,CAT-001,26954.61,Operating,REG-05
BUD-202505-DEP-002-CC-115-CAT-015,2025,Q2,May,DEP-002,CC-115,CAT-015,26635.79,Operating,REG-07
BUD-202505-DEP-002-CC-120-CAT-001,2025,Q2,May,DEP-002,CC-120,CAT-001,30916.46,Operating,REG-07
BUD-202505-DEP-002-CC-113-CAT-001,2025,Q2,May,DEP-002,CC-113,CAT-001,29999.31,Operating,REG-06
BUD-202505-DEP-002-CC-118-CAT-010,2025,Q2,May,DEP-002,CC-118,CAT-010,20437.35,Departmental,REG-02
BUD-202505-DEP-002-CC-114-CAT-004,2025,Q2,May,DEP-002,CC-114,CAT-004,39116.92,Operating,REG-01
BUD-202505-DEP-002-CC-106-CAT-003,2025,Q2,May,DEP-002,CC-106,CAT-003,26146.81,Operating,REG-04
BUD-202505-DEP-002-CC-102-CAT-007,2025,Q2,May,DEP-002,CC-102,CAT-007,14276.05,Operating,REG-08
BUD-202505-DEP-002-CC-116-CAT-012,2025,Q2,May,DEP-002,CC-116,CAT-012,18877.0,Project,REG-03
BUD-202505-DEP-002-CC-114-CAT-012,2025,Q2,May,DEP-002,CC-114,CAT-012,20688.94,Capital,REG-07
BUD-202505-DEP-002-CC-120-CAT-006,2025,Q2,May,DEP-002,CC-120,CAT-006,24976.96,Departmental,REG-06
BUD-202505-DEP-002-CC-116-CAT-012,2025,Q2,May,DEP-002,CC-116,CAT-012,21022.78,Operating,REG-03
BUD-202505-DEP-002-CC-112-CAT-006,2025,Q2,May,DEP-002,CC-112,CAT-006,26392.41,Operating,REG-02
BUD-202505-DEP-002-CC-119-CAT-007,2025,Q2,May,DEP-002,CC-119,CAT-007,17165.81,Departmental,REG-02
BUD-202505-DEP-002-CC-113-CAT-003,2025,Q2,May,DEP-002,CC-113,CAT-003,26036.1,Operating,REG-08
BUD-202505-DEP-003-CC-106-CAT-006,2025,Q2,May,DEP-003,CC-106,CAT-006,49131.73,Operating,REG-05
BUD-202505-DEP-003-CC-109-CAT-006,2025,Q2,May,DEP-003,CC-109,CAT-006,41038.66,Operating,REG-02
BUD-202505-DEP-003-CC-107-CAT-004,2025,Q2,May,DEP-003,CC-107,CAT-004,65185.34,Capital,REG-08
BUD-202505-DEP-003-CC-116-CAT-010,2025,Q2,May,DEP-003,CC-116,CAT-010,32171.61,Operating,REG-05
BUD-202505-DEP-003-CC-107-CAT-001,2025,Q2,May,DEP-003,CC-107,CAT-001,53323.02,Operating,REG-08
BUD-202505-DEP-003-CC-113-CAT-010,2025,Q2,May,DEP-003,CC-113,CAT-010,33253.01,Departmental,REG-04
BUD-202505-DEP-003-CC-104-CAT-003,2025,Q2,May,DEP-003,CC-104,CAT-003,42620.64,Operating,REG-02
BUD-202505-DEP-003-CC-112-CAT-013,2025,Q2,May,DEP-003,CC-112,CAT-013,44573.76,Operating,REG-04
BUD-202505-DEP-003-CC-113-CAT-015,2025,Q2,May,DEP-003,CC-113,CAT-015,46064.8,Departmental,REG-04
BUD-202505-DEP-003-CC-103-CAT-015,2025,Q2,May,DEP-003,CC-103,CAT-015,46820.21,Operating,REG-05
BUD-202505-DEP-003-CC-119-CAT-012,2025,Q2,May,DEP-003,CC-119,CAT-012,28275.61,Operating,REG-02
BUD-202505-DEP-003-CC-112-CAT-012,2025,Q2,May,DEP-003,CC-112,CAT-012,30355.93,Operating,REG-02
BUD-202505-DEP-003-CC-105-CAT-008,2025,Q2,May,DEP-003,CC-105,CAT-008,52257.4,Capital,REG-02
BUD-202505-DEP-003-CC-101-CAT-003,2025,Q2,May,DEP-003,CC-101,CAT-003,39246.13,Project,REG-02
BUD-202505-DEP-003-CC-114-CAT-008,2025,Q2,May,DEP-003,CC-114,CAT-008,51965.85,Departmental,REG-07
BUD-202505-DEP-003-CC-113-CAT-012,2025,Q2,May,DEP-003,CC-113,CAT-012,33346.08,Operating,REG-06
BUD-202505-DEP-003-CC-109-CAT-006,2025,Q2,May,DEP-003,CC-109,CAT-006,48255.35,Operating,REG-05
BUD-202505-DEP-003-CC-118-CAT-008,2025,Q2,May,DEP-003,CC-118,CAT-008,58580.59,Departmental,REG-07
BUD-202505-DEP-003-CC-110-CAT-001,2025,Q2,May,DEP-003,CC-110,CAT-001,44923.74,Operating,REG-08
BUD-202505-DEP-003-CC-111-CAT-012,2025,Q2,May,DEP-003,CC-111,CAT-012,28899.38,Departmental,REG-06
BUD-202505-DEP-003-CC-111-CAT-006,2025,Q2,May,DEP-003,CC-111,CAT-006,48756.81,Operating,REG-03
BUD-202505-DEP-003-CC-113-CAT-007,2025,Q2,May,DEP-003,CC-113,CAT-007,28250.99,Operating,REG-08
BUD-202505-DEP-003-CC-110-CAT-004,2025,Q2,May,DEP-003,CC-110,CAT-004,53290.79,Operating,REG-08
BUD-202505-DEP-003-CC-111-CAT-012,2025,Q2,May,DEP-003,CC-111,CAT-012,28355.58,Capital,REG-06
BUD-202505-DEP-003-CC-113-CAT-002,2025,Q2,May,DEP-003,CC-113,CAT-002,29375.43,Departmental,REG-02
BUD-202505-DEP-003-CC-102-CAT-011,2025,Q2,May,DEP-003,CC-102,CAT-011,41047.14,Operating,REG-07
BUD-202505-DEP-003-CC-120-CAT-007,2025,Q2,May,DEP-003,CC-120,CAT-007,28023.45,Operating,REG-08
BUD-202505-DEP-003-CC-109-CAT-009,2025,Q2,May,DEP-003,CC-109,CAT-009,33302.46,Operating,REG-02
BUD-202505-DEP-003-CC-119-CAT-008,2025,Q2,May,DEP-003,CC-119,CAT-008,58873.2,Departmental,REG-08
BUD-202505-DEP-003-CC-119-CAT-008,2025,Q2,May,DEP-003,CC-119,CAT-008,53022.71,Operating,REG-03
BUD-202505-DEP-003-CC-119-CAT-010,2025,Q2,May,DEP-003,CC-119,CAT-010,31331.61,Capital,REG-01
BUD-202505-DEP-003-CC-112-CAT-012,2025,Q2,May,DEP-003,CC-112,CAT-012,30187.92,Operating,REG-07
BUD-202505-DEP-003-CC-101-CAT-014,2025,Q2,May,DEP-003,CC-101,CAT-014,34804.03,Operating,REG-06
BUD-202505-DEP-003-CC-101-CAT-011,2025,Q2,May,DEP-003,CC-101,CAT-011,40276.72,Operating,REG-08
BUD-202505-DEP-003-CC-117-CAT-008,2025,Q2,May,DEP-003,CC-117,CAT-008,46561.85,Departmental,REG-08
BUD-202505-DEP-003-CC-107-CAT-012,2025,Q2,May,DEP-003,CC-107,CAT-012,33166.4,Operating,REG-08
BUD-202505-DEP-003-CC-109-CAT-005,2025,Q2,May,DEP-003,CC-109,CAT-005,37699.52,Operating,REG-02
BUD-202505-DEP-004-CC-101-CAT-012,2025,Q2,May,DEP-004,CC-101,CAT-012,18558.61,Operating,REG-08
BUD-202505-DEP-004-CC-112-CAT-002,2025,Q2,May,DEP-004,CC-112,CAT-002,20357.22,Capital,REG-08
BUD-202505-DEP-004-CC-114-CAT-001,2025,Q2,May,DEP-004,CC-114,CAT-001,32141.01,Operating,REG-01
BUD-202505-DEP-004-CC-108-CAT-004,2025,Q2,May,DEP-004,CC-108,CAT-004,37725.44,Departmental,REG-06
BUD-202505-DEP-004-CC-103-CAT-008,2025,Q2,May,DEP-004,CC-103,CAT-008,35154.97,Capital,REG-02
BUD-202505-DEP-004-CC-112-CAT-005,2025,Q2,May,DEP-004,CC-112,CAT-005,26280.43,Operating,REG-03
BUD-202505-DEP-004-CC-116-CAT-010,2025,Q2,May,DEP-004,CC-116,CAT-010,23102.67,Operating,REG-01
BUD-202505-DEP-004-CC-110-CAT-001,2025,Q2,May,DEP-004,CC-110,CAT-001,35804.02,Capital,REG-07
BUD-202505-DEP-004-CC-120-CAT-015,2025,Q2,May,DEP-004,CC-120,CAT-015,27339.98,Project,REG-01
BUD-202505-DEP-004-CC-105-CAT-014,2025,Q2,May,DEP-004,CC-105,CAT-014,24315.77,Operating,REG-06
BUD-202505-DEP-004-CC-118-CAT-008,2025,Q2,May,DEP-004,CC-118,CAT-008,38778.87,Departmental,REG-01
BUD-202505-DEP-004-CC-104-CAT-010,2025,Q2,May,DEP-004,CC-104,CAT-010,21418.05,Operating,REG-03
BUD-202505-DEP-004-CC-101-CAT-005,2025,Q2,May,DEP-004,CC-101,CAT-005,21863.27,Operating,REG-04
BUD-202505-DEP-004-CC-113-CAT-013,2025,Q2,May,DEP-004,CC-113,CAT-013,31943.37,Project,REG-08
BUD-202505-DEP-004-CC-108-CAT-002,2025,Q2,May,DEP-004,CC-108,CAT-002,18735.88,Operating,REG-05
BUD-202505-DEP-004-CC-108-CAT-007,2025,Q2,May,DEP-004,CC-108,CAT-007,15674.32,Departmental,REG-02
BUD-202505-DEP-004-CC-115-CAT-011,2025,Q2,May,DEP-004,CC-115,CAT-011,29542.21,Operating,REG-03
BUD-202505-DEP-004-CC-106-CAT-015,2025,Q2,May,DEP-004,CC-106,CAT-015,25868.21,Operating,REG-04
BUD-202505-DEP-004-CC-113-CAT-013,2025,Q2,May,DEP-004,CC-113,CAT-013,29633.12,Departmental,REG-02
BUD-202505-DEP-004-CC-101-CAT-015,2025,Q2,May,DEP-004,CC-101,CAT-015,27085.5,Departmental,REG-05
BUD-202505-DEP-004-CC-106-CAT-010,2025,Q2,May,DEP-004,CC-106,CAT-010,21398.09,Operating,REG-01
BUD-202505-DEP-004-CC-108-CAT-007,2025,Q2,May,DEP-004,CC-108,CAT-007,17709.22,Operating,REG-08
BUD-202505-DEP-004-CC-120-CAT-008,2025,Q2,May,DEP-004,CC-120,CAT-008,31704.36,Departmental,REG-04
BUD-202505-DEP-004-CC-106-CAT-015,2025,Q2,May,DEP-004,CC-106,CAT-015,29168.9,Operating,REG-07
BUD-202505-DEP-004-CC-115-CAT-004,2025,Q2,May,DEP-004,CC-115,CAT-004,36367.64,Operating,REG-05
BUD-202505-DEP-004-CC-107-CAT-012,2025,Q2,May,DEP-004,CC-107,CAT-012,19630.07,Capital,REG-06
BUD-202505-DEP-004-CC-110-CAT-010,2025,Q2,May,DEP-004,CC-110,CAT-010,21459.77,Operating,REG-06
BUD-202505-DEP-004-CC-110-CAT-007,2025,Q2,May,DEP-004,CC-110,CAT-007,18755.37,Operating,REG-01
BUD-202505-DEP-004-CC-118-CAT-006,2025,Q2,May,DEP-004,CC-118,CAT-006,28918.02,Departmental,REG-05
BUD-202505-DEP-004-CC-101-CAT-002,2025,Q2,May,DEP-004,CC-101,CAT-002,19783.3,Departmental,REG-02
BUD-202505-DEP-004-CC-113-CAT-011,2025,Q2,May,DEP-004,CC-113,CAT-011,31202.26,Operating,REG-01
BUD-202505-DEP-004-CC-108-CAT-006,2025,Q2,May,DEP-004,CC-108,CAT-006,30436.32,Operating,REG-05
BUD-202505-DEP-004-CC-113-CAT-007,2025,Q2,May,DEP-004,CC-113,CAT-007,15738.08,Operating,REG-06
BUD-202505-DEP-004-CC-110-CAT-012,2025,Q2,May,DEP-004,CC-110,CAT-012,21551.29,Operating,REG-06
BUD-202505-DEP-004-CC-101-CAT-012,2025,Q2,May,DEP-004,CC-101,CAT-012,19070.83,Departmental,REG-03
BUD-202505-DEP-004-CC-103-CAT-010,2025,Q2,May,DEP-004,CC-103,CAT-010,22599.83,Capital,REG-06
BUD-202505-DEP-004-CC-113-CAT-008,2025,Q2,May,DEP-004,CC-113,CAT-008,38440.79,Operating,REG-05
BUD-202505-DEP-004-CC-113-CAT-010,2025,Q2,May,DEP-004,CC-113,CAT-010,23422.62,Departmental,REG-04
BUD-202505-DEP-004-CC-104-CAT-010,2025,Q2,May,DEP-004,CC-104,CAT-010,20882.05,Operating,REG-04
BUD-202505-DEP-004-CC-109-CAT-012,2025,Q2,May,DEP-004,CC-109,CAT-012,21417.9,Operating,REG-02
BUD-202505-DEP-004-CC-119-CAT-014,2025,Q2,May,DEP-004,CC-119,CAT-014,23981.61,Departmental,REG-01
BUD-202505-DEP-005-CC-112-CAT-010,2025,Q2,May,DEP-005,CC-112,CAT-010,28570.45,Project,REG-04
BUD-202505-DEP-005-CC-112-CAT-015,2025,Q2,May,DEP-005,CC-112,CAT-015,30404.91,Departmental,REG-04
BUD-202505-DEP-005-CC-102-CAT-013,2025,Q2,May,DEP-005,CC-102,CAT-013,37931.28,Operating,REG-01
BUD-202505-DEP-005-CC-101-CAT-002,2025,Q2,May,DEP-005,CC-101,CAT-002,23527.91,Departmental,REG-08
BUD-202505-DEP-005-CC-109-CAT-014,2025,Q2,May,DEP-005,CC-109,CAT-014,29114.68,Operating,REG-07
BUD-202505-DEP-005-CC-118-CAT-015,2025,Q2,May,DEP-005,CC-118,CAT-015,31349.12,Project,REG-07
BUD-202505-DEP-005-CC-101-CAT-006,2025,Q2,May,DEP-005,CC-101,CAT-006,39746.15,Operating,REG-08
BUD-202505-DEP-005-CC-105-CAT-003,2025,Q2,May,DEP-005,CC-105,CAT-003,33382.73,Operating,REG-02
BUD-202505-DEP-005-CC-119-CAT-013,2025,Q2,May,DEP-005,CC-119,CAT-013,38020.27,Project,REG-04
BUD-202505-DEP-005-CC-111-CAT-012,2025,Q2,May,DEP-005,CC-111,CAT-012,27131.6,Project,REG-02
BUD-202505-DEP-005-CC-108-CAT-007,2025,Q2,May,DEP-005,CC-108,CAT-007,20805.23,Operating,REG-01
BUD-202505-DEP-005-CC-112-CAT-009,2025,Q2,May,DEP-005,CC-112,CAT-009,25330.6,Operating,REG-06
BUD-202505-DEP-005-CC-116-CAT-008,2025,Q2,May,DEP-005,CC-116,CAT-008,45748.32,Operating,REG-03
BUD-202505-DEP-005-CC-103-CAT-003,2025,Q2,May,DEP-005,CC-103,CAT-003,30097.03,Project,REG-08
BUD-202505-DEP-005-CC-111-CAT-013,2025,Q2,May,DEP-005,CC-111,CAT-013,36194.36,Operating,REG-01
BUD-202505-DEP-005-CC-117-CAT-001,2025,Q2,May,DEP-005,CC-117,CAT-001,37713.86,Operating,REG-01
BUD-202505-DEP-005-CC-106-CAT-005,2025,Q2,May,DEP-005,CC-106,CAT-005,28550.35,Departmental,REG-01
BUD-202505-DEP-005-CC-105-CAT-005,2025,Q2,May,DEP-005,CC-105,CAT-005,25446.33,Operating,REG-08
BUD-202505-DEP-005-CC-113-CAT-004,2025,Q2,May,DEP-005,CC-113,CAT-004,46410.21,Operating,REG-04
BUD-202505-DEP-005-CC-101-CAT-009,2025,Q2,May,DEP-005,CC-101,CAT-009,28630.87,Operating,REG-08
BUD-202505-DEP-005-CC-119-CAT-015,2025,Q2,May,DEP-005,CC-119,CAT-015,30227.56,Operating,REG-04
BUD-202505-DEP-005-CC-105-CAT-007,2025,Q2,May,DEP-005,CC-105,CAT-007,21649.37,Operating,REG-05
BUD-202505-DEP-005-CC-111-CAT-010,2025,Q2,May,DEP-005,CC-111,CAT-010,27692.48,Project,REG-07
BUD-202505-DEP-005-CC-105-CAT-014,2025,Q2,May,DEP-005,CC-105,CAT-014,27148.16,Capital,REG-01
BUD-202505-DEP-005-CC-102-CAT-013,2025,Q2,May,DEP-005,CC-102,CAT-013,35234.02,Departmental,REG-03
BUD-202505-DEP-005-CC-106-CAT-013,2025,Q2,May,DEP-005,CC-106,CAT-013,37777.85,Operating,REG-06
BUD-202505-DEP-005-CC-106-CAT-001,2025,Q2,May,DEP-005,CC-106,CAT-001,34933.82,Capital,REG-08
BUD-202505-DEP-005-CC-107-CAT-015,2025,Q2,May,DEP-005,CC-107,CAT-015,30502.31,Capital,REG-04
BUD-202505-DEP-005-CC-107-CAT-009,2025,Q2,May,DEP-005,CC-107,CAT-009,29022.36,Project,REG-07
BUD-202505-DEP-005-CC-112-CAT-011,2025,Q2,May,DEP-005,CC-112,CAT-011,35793.35,Departmental,REG-02
BUD-202505-DEP-005-CC-110-CAT-012,2025,Q2,May,DEP-005,CC-110,CAT-012,26021.0,Capital,REG-06
BUD-202505-DEP-005-CC-117-CAT-001,2025,Q2,May,DEP-005,CC-117,CAT-001,38186.37,Operating,REG-04
BUD-202505-DEP-006-CC-103-CAT-009,2025,Q2,May,DEP-006,CC-103,CAT-009,20180.6,Operating,REG-03
BUD-202505-DEP-006-CC-113-CAT-011,2025,Q2,May,DEP-006,CC-113,CAT-011,21057.83,Departmental,REG-01
BUD-202505-DEP-006-CC-119-CAT-005,2025,Q2,May,DEP-006,CC-119,CAT-005,20676.94,Project,REG-04
BUD-202505-DEP-006-CC-110-CAT-009,2025,Q2,May,DEP-006,CC-110,CAT-009,18252.18,Operating,REG-01
BUD-202505-DEP-006-CC-106-CAT-014,2025,Q2,May,DEP-006,CC-106,CAT-014,20642.39,Operating,REG-02
BUD-202505-DEP-006-CC-109-CAT-008,2025,Q2,May,DEP-006,CC-109,CAT-008,25326.07,Operating,REG-04
BUD-202505-DEP-006-CC-108-CAT-011,2025,Q2,May,DEP-006,CC-108,CAT-011,20721.0,Operating,REG-07
BUD-202505-DEP-006-CC-117-CAT-007,2025,Q2,May,DEP-006,CC-117,CAT-007,13413.06,Operating,REG-02
BUD-202505-DEP-006-CC-102-CAT-001,2025,Q2,May,DEP-006,CC-102,CAT-001,23601.98,Operating,REG-07
BUD-202505-DEP-006-CC-113-CAT-014,2025,Q2,May,DEP-006,CC-113,CAT-014,22059.07,Operating,REG-05
BUD-202505-DEP-006-CC-104-CAT-009,2025,Q2,May,DEP-006,CC-104,CAT-009,21663.08,Capital,REG-04
BUD-202505-DEP-006-CC-104-CAT-015,2025,Q2,May,DEP-006,CC-104,CAT-015,23818.98,Project,REG-03
BUD-202505-DEP-006-CC-107-CAT-005,2025,Q2,May,DEP-006,CC-107,CAT-005,19357.55,Operating,REG-07
BUD-202505-DEP-006-CC-104-CAT-004,2025,Q2,May,DEP-006,CC-104,CAT-004,33755.07,Capital,REG-01
BUD-202505-DEP-006-CC-118-CAT-008,2025,Q2,May,DEP-006,CC-118,CAT-008,30549.56,Operating,REG-06
BUD-202505-DEP-006-CC-103-CAT-005,2025,Q2,May,DEP-006,CC-103,CAT-005,19349.71,Capital,REG-02
BUD-202505-DEP-006-CC-103-CAT-001,2025,Q2,May,DEP-006,CC-103,CAT-001,25489.85,Operating,REG-02
BUD-202505-DEP-006-CC-110-CAT-002,2025,Q2,May,DEP-006,CC-110,CAT-002,15207.85,Operating,REG-02
BUD-202505-DEP-006-CC-101-CAT-013,2025,Q2,May,DEP-006,CC-101,CAT-013,27193.03,Capital,REG-07
BUD-202505-DEP-006-CC-105-CAT-014,2025,Q2,May,DEP-006,CC-105,CAT-014,22390.3,Operating,REG-07
BUD-202505-DEP-006-CC-114-CAT-001,2025,Q2,May,DEP-006,CC-114,CAT-001,25219.38,Operating,REG-04
BUD-202505-DEP-006-CC-111-CAT-006,2025,Q2,May,DEP-006,CC-111,CAT-006,22347.25,Project,REG-03
BUD-202505-DEP-006-CC-115-CAT-015,2025,Q2,May,DEP-006,CC-115,CAT-015,24264.8,Operating,REG-08
BUD-202505-DEP-006-CC-120-CAT-015,2025,Q2,May,DEP-006,CC-120,CAT-015,25036.55,Capital,REG-08
BUD-202505-DEP-006-CC-113-CAT-007,2025,Q2,May,DEP-006,CC-113,CAT-007,14239.43,Departmental,REG-05
BUD-202505-DEP-006-CC-111-CAT-009,2025,Q2,May,DEP-006,CC-111,CAT-009,18526.5,Capital,REG-06
BUD-202505-DEP-006-CC-107-CAT-005,2025,Q2,May,DEP-006,CC-107,CAT-005,20008.55,Capital,REG-01
BUD-202505-DEP-006-CC-107-CAT-012,2025,Q2,May,DEP-006,CC-107,CAT-012,17787.24,Operating,REG-01
BUD-202505-DEP-006-CC-115-CAT-005,2025,Q2,May,DEP-006,CC-115,CAT-005,17353.03,Operating,REG-05
BUD-202505-DEP-006-CC-108-CAT-007,2025,Q2,May,DEP-006,CC-108,CAT-007,14707.57,Operating,REG-08
BUD-202505-DEP-006-CC-103-CAT-009,2025,Q2,May,DEP-006,CC-103,CAT-009,19128.22,Departmental,REG-05
BUD-202505-DEP-006-CC-104-CAT-002,2025,Q2,May,DEP-006,CC-104,CAT-002,14868.01,Operating,REG-03
BUD-202505-DEP-006-CC-116-CAT-009,2025,Q2,May,DEP-006,CC-116,CAT-009,19763.69,Operating,REG-04
BUD-202505-DEP-006-CC-104-CAT-001,2025,Q2,May,DEP-006,CC-104,CAT-001,25128.9,Capital,REG-02
BUD-202505-DEP-007-CC-101-CAT-010,2025,Q2,May,DEP-007,CC-101,CAT-010,31648.33,Operating,REG-04
BUD-202505-DEP-007-CC-110-CAT-014,2025,Q2,May,DEP-007,CC-110,CAT-014,32129.0,Operating,REG-03
BUD-202505-DEP-007-CC-103-CAT-006,2025,Q2,May,DEP-007,CC-103,CAT-006,43889.33,Operating,REG-01
BUD-202505-DEP-007-CC-110-CAT-015,2025,Q2,May,DEP-007,CC-110,CAT-015,38283.13,Capital,REG-06
BUD-202505-DEP-007-CC-116-CAT-009,2025,Q2,May,DEP-007,CC-116,CAT-009,32658.73,Capital,REG-05
BUD-202505-DEP-007-CC-106-CAT-014,2025,Q2,May,DEP-007,CC-106,CAT-014,33235.83,Capital,REG-01
BUD-202505-DEP-007-CC-114-CAT-002,2025,Q2,May,DEP-007,CC-114,CAT-002,29381.76,Operating,REG-04
BUD-202505-DEP-007-CC-103-CAT-002,2025,Q2,May,DEP-007,CC-103,CAT-002,28265.94,Operating,REG-03
BUD-202505-DEP-007-CC-111-CAT-005,2025,Q2,May,DEP-007,CC-111,CAT-005,31419.12,Operating,REG-05
BUD-202505-DEP-007-CC-120-CAT-012,2025,Q2,May,DEP-007,CC-120,CAT-012,31089.99,Capital,REG-08
BUD-202505-DEP-007-CC-105-CAT-006,2025,Q2,May,DEP-007,CC-105,CAT-006,44755.35,Project,REG-06
BUD-202505-DEP-007-CC-120-CAT-011,2025,Q2,May,DEP-007,CC-120,CAT-011,45412.86,Operating,REG-08
BUD-202505-DEP-007-CC-116-CAT-002,2025,Q2,May,DEP-007,CC-116,CAT-002,26954.03,Operating,REG-06
BUD-202505-DEP-007-CC-119-CAT-004,2025,Q2,May,DEP-007,CC-119,CAT-004,48404.23,Capital,REG-06
BUD-202505-DEP-007-CC-113-CAT-015,2025,Q2,May,DEP-007,CC-113,CAT-015,39670.13,Operating,REG-02
BUD-202505-DEP-007-CC-101-CAT-004,2025,Q2,May,DEP-007,CC-101,CAT-004,57627.34,Operating,REG-07
BUD-202505-DEP-007-CC-106-CAT-007,2025,Q2,May,DEP-007,CC-106,CAT-007,25864.92,Capital,REG-04
BUD-202505-DEP-007-CC-106-CAT-002,2025,Q2,May,DEP-007,CC-106,CAT-002,29071.59,Operating,REG-04
BUD-202505-DEP-007-CC-113-CAT-012,2025,Q2,May,DEP-007,CC-113,CAT-012,27991.19,Operating,REG-01
BUD-202505-DEP-007-CC-105-CAT-009,2025,Q2,May,DEP-007,CC-105,CAT-009,31006.05,Capital,REG-02
BUD-202505-DEP-007-CC-113-CAT-008,2025,Q2,May,DEP-007,CC-113,CAT-008,49593.41,Departmental,REG-03
BUD-202505-DEP-007-CC-110-CAT-003,2025,Q2,May,DEP-007,CC-110,CAT-003,38032.32,Departmental,REG-03
BUD-202505-DEP-007-CC-105-CAT-012,2025,Q2,May,DEP-007,CC-105,CAT-012,31027.15,Departmental,REG-02
BUD-202505-DEP-007-CC-119-CAT-005,2025,Q2,May,DEP-007,CC-119,CAT-005,30048.84,Project,REG-04
BUD-202505-DEP-007-CC-117-CAT-004,2025,Q2,May,DEP-007,CC-117,CAT-004,52398.96,Operating,REG-05
BUD-202505-DEP-007-CC-117-CAT-012,2025,Q2,May,DEP-007,CC-117,CAT-012,25685.93,Operating,REG-07
BUD-202505-DEP-007-CC-102-CAT-013,2025,Q2,May,DEP-007,CC-102,CAT-013,48675.76,Operating,REG-02
BUD-202505-DEP-007-CC-107-CAT-002,2025,Q2,May,DEP-007,CC-107,CAT-002,26033.9,Operating,REG-05
BUD-202505-DEP-007-CC-101-CAT-012,2025,Q2,May,DEP-007,CC-101,CAT-012,31855.89,Operating,REG-03
BUD-202505-DEP-008-CC-111-CAT-003,2025,Q2,May,DEP-008,CC-111,CAT-003,24915.95,Project,REG-06
BUD-202505-DEP-008-CC-108-CAT-006,2025,Q2,May,DEP-008,CC-108,CAT-006,27960.93,Operating,REG-07
BUD-202505-DEP-008-CC-104-CAT-009,2025,Q2,May,DEP-008,CC-104,CAT-009,26094.16,Operating,REG-01
BUD-202505-DEP-008-CC-106-CAT-012,2025,Q2,May,DEP-008,CC-106,CAT-012,17841.85,Operating,REG-04
BUD-202505-DEP-008-CC-109-CAT-008,2025,Q2,May,DEP-008,CC-109,CAT-008,35148.4,Project,REG-07
BUD-202505-DEP-008-CC-118-CAT-002,2025,Q2,May,DEP-008,CC-118,CAT-002,17458.45,Capital,REG-02
BUD-202505-DEP-008-CC-120-CAT-005,2025,Q2,May,DEP-008,CC-120,CAT-005,23065.89,Operating,REG-05
BUD-202505-DEP-008-CC-111-CAT-002,2025,Q2,May,DEP-008,CC-111,CAT-002,19585.3,Operating,REG-02
BUD-202505-DEP-008-CC-114-CAT-005,2025,Q2,May,DEP-008,CC-114,CAT-005,21140.32,Capital,REG-07
BUD-202505-DEP-008-CC-101-CAT-014,2025,Q2,May,DEP-008,CC-101,CAT-014,23207.52,Project,REG-05
BUD-202505-DEP-008-CC-118-CAT-007,2025,Q2,May,DEP-008,CC-118,CAT-007,17309.58,Operating,REG-05
BUD-202505-DEP-008-CC-107-CAT-003,2025,Q2,May,DEP-008,CC-107,CAT-003,23091.49,Operating,REG-02
BUD-202505-DEP-008-CC-112-CAT-013,2025,Q2,May,DEP-008,CC-112,CAT-013,31564.64,Project,REG-04
BUD-202505-DEP-008-CC-114-CAT-005,2025,Q2,May,DEP-008,CC-114,CAT-005,21396.52,Operating,REG-04
BUD-202505-DEP-008-CC-117-CAT-004,2025,Q2,May,DEP-008,CC-117,CAT-004,36018.76,Capital,REG-07
BUD-202505-DEP-008-CC-105-CAT-007,2025,Q2,May,DEP-008,CC-105,CAT-007,15620.86,Operating,REG-03
BUD-202505-DEP-008-CC-119-CAT-003,2025,Q2,May,DEP-008,CC-119,CAT-003,24825.45,Operating,REG-05
BUD-202505-DEP-008-CC-119-CAT-007,2025,Q2,May,DEP-008,CC-119,CAT-007,18103.13,Operating,REG-08
BUD-202505-DEP-008-CC-107-CAT-001,2025,Q2,May,DEP-008,CC-107,CAT-001,29909.16,Capital,REG-08
BUD-202505-DEP-008-CC-116-CAT-005,2025,Q2,May,DEP-008,CC-116,CAT-005,23224.2,Operating,REG-08
BUD-202505-DEP-008-CC-117-CAT-005,2025,Q2,May,DEP-008,CC-117,CAT-005,22300.56,Departmental,REG-04
BUD-202505-DEP-008-CC-104-CAT-011,2025,Q2,May,DEP-008,CC-104,CAT-011,28232.74,Departmental,REG-01
BUD-202505-DEP-008-CC-116-CAT-011,2025,Q2,May,DEP-008,CC-116,CAT-011,31402.71,Departmental,REG-04
BUD-202505-DEP-008-CC-108-CAT-011,2025,Q2,May,DEP-008,CC-108,CAT-011,29174.64,Operating,REG-05
BUD-202505-DEP-008-CC-112-CAT-013,2025,Q2,May,DEP-008,CC-112,CAT-013,27903.24,Operating,REG-04
BUD-202505-DEP-008-CC-112-CAT-010,2025,Q2,May,DEP-008,CC-112,CAT-010,20394.24,Capital,REG-04
BUD-202505-DEP-008-CC-114-CAT-004,2025,Q2,May,DEP-008,CC-114,CAT-004,34927.6,Operating,REG-03
BUD-202505-DEP-008-CC-105-CAT-013,2025,Q2,May,DEP-008,CC-105,CAT-013,29625.03,Project,REG-07
BUD-202505-DEP-008-CC-116-CAT-001,2025,Q2,May,DEP-008,CC-116,CAT-001,33221.74,Operating,REG-05
BUD-202505-DEP-008-CC-102-CAT-012,2025,Q2,May,DEP-008,CC-102,CAT-012,19827.22,Operating,REG-02
BUD-202505-DEP-008-CC-105-CAT-012,2025,Q2,May,DEP-008,CC-105,CAT-012,21150.43,Operating,REG-07
BUD-202505-DEP-008-CC-113-CAT-010,2025,Q2,May,DEP-008,CC-113,CAT-010,20548.5,Operating,REG-01
BUD-202505-DEP-008-CC-114-CAT-011,2025,Q2,May,DEP-008,CC-114,CAT-011,29019.81,Operating,REG-01
BUD-202505-DEP-008-CC-111-CAT-015,2025,Q2,May,DEP-008,CC-111,CAT-015,25987.29,Operating,REG-04
BUD-202505-DEP-008-CC-116-CAT-012,2025,Q2,May,DEP-008,CC-116,CAT-012,18830.78,Operating,REG-06
BUD-202505-DEP-008-CC-116-CAT-002,2025,Q2,May,DEP-008,CC-116,CAT-002,20171.33,Capital,REG-06
BUD-202505-DEP-008-CC-102-CAT-005,2025,Q2,May,DEP-008,CC-102,CAT-005,22166.94,Capital,REG-03
BUD-202505-DEP-008-CC-103-CAT-011,2025,Q2,May,DEP-008,CC-103,CAT-011,26742.66,Operating,REG-04
BUD-202505-DEP-008-CC-114-CAT-009,2025,Q2,May,DEP-008,CC-114,CAT-009,21281.19,Operating,REG-06
BUD-202505-DEP-008-CC-104-CAT-015,2025,Q2,May,DEP-008,CC-104,CAT-015,26163.1,Operating,REG-04
BUD-202505-DEP-008-CC-108-CAT-008,2025,Q2,May,DEP-008,CC-108,CAT-008,34800.04,Operating,REG-02
BUD-202505-DEP-008-CC-103-CAT-010,2025,Q2,May,DEP-008,CC-103,CAT-010,19289.97,Operating,REG-04
BUD-202505-DEP-008-CC-119-CAT-006,2025,Q2,May,DEP-008,CC-119,CAT-006,31967.72,Operating,REG-04
BUD-202505-DEP-008-CC-120-CAT-002,2025,Q2,May,DEP-008,CC-120,CAT-002,17816.51,Project,REG-01
BUD-202505-DEP-008-CC-116-CAT-014,2025,Q2,May,DEP-008,CC-116,CAT-014,24157.47,Project,REG-05
BUD-202505-DEP-008-CC-115-CAT-002,2025,Q2,May,DEP-008,CC-115,CAT-002,19868.15,Departmental,REG-06
BUD-202505-DEP-008-CC-101-CAT-015,2025,Q2,May,DEP-008,CC-101,CAT-015,29130.2,Capital,REG-01
BUD-202505-DEP-008-CC-120-CAT-013,2025,Q2,May,DEP-008,CC-120,CAT-013,32448.94,Operating,REG-02
BUD-202505-DEP-008-CC-111-CAT-005,2025,Q2,May,DEP-008,CC-111,CAT-005,22400.92,Departmental,REG-04
BUD-202505-DEP-009-CC-113-CAT-011,2025,Q2,May,DEP-009,CC-113,CAT-011,46490.39,Project,REG-03
BUD-202505-DEP-009-CC-112-CAT-008,2025,Q2,May,DEP-009,CC-112,CAT-008,58744.51,Operating,REG-04
BUD-202505-DEP-009-CC-119-CAT-005,2025,Q2,May,DEP-009,CC-119,CAT-005,35572.87,Operating,REG-02
BUD-202505-DEP-009-CC-102-CAT-014,2025,Q2,May,DEP-009,CC-102,CAT-014,37799.4,Operating,REG-04
BUD-202505-DEP-009-CC-108-CAT-008,2025,Q2,May,DEP-009,CC-108,CAT-008,53518.06,Operating,REG-07
BUD-202505-DEP-009-CC-120-CAT-007,2025,Q2,May,DEP-009,CC-120,CAT-007,29314.13,Operating,REG-05
BUD-202505-DEP-009-CC-109-CAT-013,2025,Q2,May,DEP-009,CC-109,CAT-013,48750.9,Capital,REG-08
BUD-202505-DEP-009-CC-108-CAT-015,2025,Q2,May,DEP-009,CC-108,CAT-015,43554.84,Operating,REG-04
BUD-202505-DEP-009-CC-104-CAT-015,2025,Q2,May,DEP-009,CC-104,CAT-015,48072.86,Operating,REG-06
BUD-202505-DEP-009-CC-114-CAT-014,2025,Q2,May,DEP-009,CC-114,CAT-014,39475.05,Capital,REG-03
BUD-202505-DEP-009-CC-110-CAT-002,2025,Q2,May,DEP-009,CC-110,CAT-002,35843.09,Departmental,REG-07
BUD-202505-DEP-009-CC-101-CAT-008,2025,Q2,May,DEP-009,CC-101,CAT-008,61382.13,Project,REG-05
BUD-202505-DEP-009-CC-110-CAT-006,2025,Q2,May,DEP-009,CC-110,CAT-006,50247.97,Operating,REG-02
BUD-202505-DEP-009-CC-104-CAT-014,2025,Q2,May,DEP-009,CC-104,CAT-014,46040.1,Operating,REG-07
BUD-202505-DEP-009-CC-114-CAT-006,2025,Q2,May,DEP-009,CC-114,CAT-006,46146.24,Operating,REG-05
BUD-202505-DEP-009-CC-110-CAT-005,2025,Q2,May,DEP-009,CC-110,CAT-005,38331.25,Capital,REG-03
BUD-202505-DEP-009-CC-114-CAT-009,2025,Q2,May,DEP-009,CC-114,CAT-009,39197.42,Departmental,REG-01
BUD-202505-DEP-009-CC-104-CAT-011,2025,Q2,May,DEP-009,CC-104,CAT-011,53388.59,Operating,REG-08
BUD-202505-DEP-009-CC-108-CAT-003,2025,Q2,May,DEP-009,CC-108,CAT-003,39710.99,Operating,REG-07
BUD-202505-DEP-009-CC-109-CAT-013,2025,Q2,May,DEP-009,CC-109,CAT-013,56043.57,Departmental,REG-08
BUD-202505-DEP-009-CC-113-CAT-013,2025,Q2,May,DEP-009,CC-113,CAT-013,48520.9,Operating,REG-07
BUD-202505-DEP-009-CC-111-CAT-010,2025,Q2,May,DEP-009,CC-111,CAT-010,34691.38,Capital,REG-02
BUD-202505-DEP-009-CC-101-CAT-004,2025,Q2,May,DEP-009,CC-101,CAT-004,70985.2,Operating,REG-05
BUD-202505-DEP-009-CC-104-CAT-001,2025,Q2,May,DEP-009,CC-104,CAT-001,56259.77,Capital,REG-01
BUD-202505-DEP-009-CC-108-CAT-015,2025,Q2,May,DEP-009,CC-108,CAT-015,43091.33,Capital,REG-06
BUD-202505-DEP-009-CC-120-CAT-015,2025,Q2,May,DEP-009,CC-120,CAT-015,49384.93,Operating,REG-01
BUD-202505-DEP-009-CC-110-CAT-002,2025,Q2,May,DEP-009,CC-110,CAT-002,35985.9,Project,REG-05
BUD-202505-DEP-009-CC-105-CAT-008,2025,Q2,May,DEP-009,CC-105,CAT-008,59372.85,Operating,REG-06
BUD-202505-DEP-009-CC-102-CAT-013,2025,Q2,May,DEP-009,CC-102,CAT-013,55020.4,Operating,REG-07
BUD-202505-DEP-009-CC-111-CAT-015,2025,Q2,May,DEP-009,CC-111,CAT-015,48279.92,Operating,REG-06
BUD-202505-DEP-009-CC-114-CAT-014,2025,Q2,May,DEP-009,CC-114,CAT-014,46998.56,Operating,REG-05
BUD-202505-DEP-009-CC-102-CAT-001,2025,Q2,May,DEP-009,CC-102,CAT-001,50253.1,Operating,REG-03
BUD-202505-DEP-009-CC-107-CAT-008,2025,Q2,May,DEP-009,CC-107,CAT-008,60825.5,Operating,REG-04
BUD-202505-DEP-009-CC-113-CAT-007,2025,Q2,May,DEP-009,CC-113,CAT-007,31426.67,Departmental,REG-07
BUD-202505-DEP-009-CC-118-CAT-007,2025,Q2,May,DEP-009,CC-118,CAT-007,30874.41,Capital,REG-02
BUD-202505-DEP-009-CC-109-CAT-007,2025,Q2,May,DEP-009,CC-109,CAT-007,24907.67,Operating,REG-01
BUD-202505-DEP-009-CC-117-CAT-004,2025,Q2,May,DEP-009,CC-117,CAT-004,58684.6,Project,REG-04
BUD-202505-DEP-009-CC-101-CAT-011,2025,Q2,May,DEP-009,CC-101,CAT-011,48696.18,Departmental,REG-07
BUD-202505-DEP-009-CC-105-CAT-015,2025,Q2,May,DEP-009,CC-105,CAT-015,44547.82,Capital,REG-01
BUD-202505-DEP-009-CC-108-CAT-002,2025,Q2,May,DEP-009,CC-108,CAT-002,31849.15,Capital,REG-01
BUD-202505-DEP-009-CC-120-CAT-013,2025,Q2,May,DEP-009,CC-120,CAT-013,57399.93,Operating,REG-08
BUD-202505-DEP-009-CC-109-CAT-014,2025,Q2,May,DEP-009,CC-109,CAT-014,38284.81,Capital,REG-06
BUD-202505-DEP-009-CC-117-CAT-005,2025,Q2,May,DEP-009,CC-117,CAT-005,39195.72,Operating,REG-06
BUD-202505-DEP-009-CC-119-CAT-002,2025,Q2,May,DEP-009,CC-119,CAT-002,34319.51,Project,REG-08
BUD-202505-DEP-009-CC-103-CAT-013,2025,Q2,May,DEP-009,CC-103,CAT-013,52518.97,Operating,REG-08
BUD-202505-DEP-009-CC-107-CAT-006,2025,Q2,May,DEP-009,CC-107,CAT-006,49002.79,Capital,REG-02
BUD-202505-DEP-010-CC-108-CAT-004,2025,Q2,May,DEP-010,CC-108,CAT-004,38874.98,Operating,REG-05
BUD-202505-DEP-010-CC-108-CAT-004,2025,Q2,May,DEP-010,CC-108,CAT-004,38641.32,Operating,REG-02
BUD-202505-DEP-010-CC-110-CAT-001,2025,Q2,May,DEP-010,CC-110,CAT-001,38136.79,Departmental,REG-01
BUD-202505-DEP-010-CC-101-CAT-010,2025,Q2,May,DEP-010,CC-101,CAT-010,23063.63,Departmental,REG-08
BUD-202505-DEP-010-CC-116-CAT-014,2025,Q2,May,DEP-010,CC-116,CAT-014,25082.75,Operating,REG-08
BUD-202505-DEP-010-CC-108-CAT-015,2025,Q2,May,DEP-010,CC-108,CAT-015,26564.2,Operating,REG-01
BUD-202505-DEP-010-CC-107-CAT-008,2025,Q2,May,DEP-010,CC-107,CAT-008,34756.69,Operating,REG-04
BUD-202505-DEP-010-CC-110-CAT-010,2025,Q2,May,DEP-010,CC-110,CAT-010,20797.67,Capital,REG-05
BUD-202505-DEP-010-CC-105-CAT-013,2025,Q2,May,DEP-010,CC-105,CAT-013,35746.41,Operating,REG-03
BUD-202505-DEP-010-CC-101-CAT-003,2025,Q2,May,DEP-010,CC-101,CAT-003,29156.44,Operating,REG-07
BUD-202505-DEP-010-CC-108-CAT-007,2025,Q2,May,DEP-010,CC-108,CAT-007,16549.4,Operating,REG-01
BUD-202505-DEP-010-CC-120-CAT-005,2025,Q2,May,DEP-010,CC-120,CAT-005,26372.22,Operating,REG-04
BUD-202505-DEP-010-CC-108-CAT-010,2025,Q2,May,DEP-010,CC-108,CAT-010,24138.89,Project,REG-08
BUD-202505-DEP-010-CC-118-CAT-015,2025,Q2,May,DEP-010,CC-118,CAT-015,28004.58,Project,REG-07
BUD-202505-DEP-010-CC-113-CAT-008,2025,Q2,May,DEP-010,CC-113,CAT-008,41607.82,Operating,REG-05
BUD-202505-DEP-010-CC-119-CAT-008,2025,Q2,May,DEP-010,CC-119,CAT-008,41351.25,Project,REG-03
BUD-202505-DEP-010-CC-107-CAT-011,2025,Q2,May,DEP-010,CC-107,CAT-011,32377.55,Capital,REG-03
BUD-202505-DEP-010-CC-102-CAT-005,2025,Q2,May,DEP-010,CC-102,CAT-005,23322.15,Operating,REG-07
BUD-202505-DEP-010-CC-120-CAT-002,2025,Q2,May,DEP-010,CC-120,CAT-002,20092.06,Operating,REG-04
BUD-202505-DEP-010-CC-119-CAT-005,2025,Q2,May,DEP-010,CC-119,CAT-005,26304.22,Project,REG-02
BUD-202505-DEP-010-CC-106-CAT-002,2025,Q2,May,DEP-010,CC-106,CAT-002,20262.74,Capital,REG-03
BUD-202505-DEP-010-CC-109-CAT-001,2025,Q2,May,DEP-010,CC-109,CAT-001,31666.44,Operating,REG-05
BUD-202505-DEP-010-CC-105-CAT-014,2025,Q2,May,DEP-010,CC-105,CAT-014,26672.48,Operating,REG-05
BUD-202505-DEP-010-CC-103-CAT-007,2025,Q2,May,DEP-010,CC-103,CAT-007,16723.61,Capital,REG-06
BUD-202505-DEP-010-CC-120-CAT-005,2025,Q2,May,DEP-010,CC-120,CAT-005,24333.02,Operating,REG-06
BUD-202505-DEP-010-CC-102-CAT-014,2025,Q2,May,DEP-010,CC-102,CAT-014,26882.7,Project,REG-01
BUD-202505-DEP-010-CC-118-CAT-009,2025,Q2,May,DEP-010,CC-118,CAT-009,25972.11,Departmental,REG-05
BUD-202505-DEP-010-CC-103-CAT-014,2025,Q2,May,DEP-010,CC-103,CAT-014,29827.08,Project,REG-06
BUD-202505-DEP-010-CC-101-CAT-011,2025,Q2,May,DEP-010,CC-101,CAT-011,30850.47,Project,REG-05
BUD-202505-DEP-010-CC-114-CAT-015,2025,Q2,May,DEP-010,CC-114,CAT-015,29059.77,Operating,REG-06
BUD-202505-DEP-010-CC-106-CAT-005,2025,Q2,May,DEP-010,CC-106,CAT-005,22712.55,Operating,REG-06
BUD-202505-DEP-010-CC-115-CAT-007,2025,Q2,May,DEP-010,CC-115,CAT-007,20193.3,Operating,REG-03
BUD-202505-DEP-010-CC-114-CAT-015,2025,Q2,May,DEP-010,CC-114,CAT-015,26487.12,Operating,REG-08
BUD-202505-DEP-010-CC-102-CAT-002,2025,Q2,May,DEP-010,CC-102,CAT-002,20743.6,Operating,REG-06
BUD-202505-DEP-010-CC-118-CAT-014,2025,Q2,May,DEP-010,CC-118,CAT-014,24922.02,Operating,REG-02
BUD-202505-DEP-010-CC-108-CAT-013,2025,Q2,May,DEP-010,CC-108,CAT-013,34579.65,Operating,REG-06
BUD-202505-DEP-010-CC-113-CAT-015,2025,Q2,May,DEP-010,CC-113,CAT-015,31417.51,Capital,REG-02
BUD-202505-DEP-010-CC-105-CAT-005,2025,Q2,May,DEP-010,CC-105,CAT-005,26789.74,Operating,REG-04
BUD-202505-DEP-010-CC-107-CAT-011,2025,Q2,May,DEP-010,CC-107,CAT-011,32726.28,Operating,REG-06
BUD-202505-DEP-010-CC-101-CAT-004,2025,Q2,May,DEP-010,CC-101,CAT-004,46031.59,Departmental,REG-04
BUD-202511-DEP-001-CC-106-CAT-011,2025,Q4,November,DEP-001,CC-106,CAT-011,40268.36,Project,REG-05
BUD-202511-DEP-001-CC-103-CAT-011,2025,Q4,November,DEP-001,CC-103,CAT-011,37183.29,Operating,REG-03
BUD-202511-DEP-001-CC-104-CAT-008,2025,Q4,November,DEP-001,CC-104,CAT-008,47294.88,Departmental,REG-05
BUD-202511-DEP-001-CC-109-CAT-009,2025,Q4,November,DEP-001,CC-109,CAT-009,32712.81,Operating,REG-08
BUD-202511-DEP-001-CC-113-CAT-001,2025,Q4,November,DEP-001,CC-113,CAT-001,41420.58,Operating,REG-07
BUD-202511-DEP-001-CC-120-CAT-014,2025,Q4,November,DEP-001,CC-120,CAT-014,35629.6,Capital,REG-04
BUD-202511-DEP-001-CC-105-CAT-012,2025,Q4,November,DEP-001,CC-105,CAT-012,26539.6,Operating,REG-03
BUD-202511-DEP-001-CC-109-CAT-006,2025,Q4,November,DEP-001,CC-109,CAT-006,41141.72,Operating,REG-04
BUD-202511-DEP-001-CC-119-CAT-012,2025,Q4,November,DEP-001,CC-119,CAT-012,24590.12,Operating,REG-04
BUD-202511-DEP-001-CC-115-CAT-009,2025,Q4,November,DEP-001,CC-115,CAT-009,36146.32,Capital,REG-01
BUD-202511-DEP-001-CC-114-CAT-012,2025,Q4,November,DEP-001,CC-114,CAT-012,28941.16,Project,REG-06
BUD-202511-DEP-001-CC-105-CAT-005,2025,Q4,November,DEP-001,CC-105,CAT-005,32681.32,Operating,REG-06
BUD-202511-DEP-001-CC-101-CAT-014,2025,Q4,November,DEP-001,CC-101,CAT-014,31559.83,Operating,REG-01
BUD-202511-DEP-001-CC-102-CAT-005,2025,Q4,November,DEP-001,CC-102,CAT-005,29509.35,Project,REG-06
BUD-202511-DEP-001-CC-115-CAT-008,2025,Q4,November,DEP-001,CC-115,CAT-008,42100.28,Operating,REG-04
BUD-202511-DEP-001-CC-115-CAT-010,2025,Q4,November,DEP-001,CC-115,CAT-010,32612.59,Capital,REG-04
BUD-202511-DEP-001-CC-101-CAT-001,2025,Q4,November,DEP-001,CC-101,CAT-001,47230.87,Departmental,REG-07
BUD-202511-DEP-001-CC-101-CAT-003,2025,Q4,November,DEP-001,CC-101,CAT-003,38151.5,Operating,REG-05
BUD-202511-DEP-001-CC-103-CAT-004,2025,Q4,November,DEP-001,CC-103,CAT-004,51958.42,Operating,REG-05
BUD-202511-DEP-001-CC-103-CAT-003,2025,Q4,November,DEP-001,CC-103,CAT-003,32359.99,Operating,REG-08
BUD-202511-DEP-001-CC-105-CAT-003,2025,Q4,November,DEP-001,CC-105,CAT-003,37124.75,Operating,REG-08
BUD-202511-DEP-001-CC-117-CAT-015,2025,Q4,November,DEP-001,CC-117,CAT-015,35682.87,Operating,REG-04
BUD-202511-DEP-001-CC-105-CAT-011,2025,Q4,November,DEP-001,CC-105,CAT-011,42517.57,Operating,REG-02
BUD-202511-DEP-001-CC-103-CAT-012,2025,Q4,November,DEP-001,CC-103,CAT-012,25632.14,Operating,REG-06
BUD-202511-DEP-001-CC-116-CAT-004,2025,Q4,November,DEP-001,CC-116,CAT-004,51030.23,Operating,REG-06
BUD-202511-DEP-001-CC-109-CAT-013,2025,Q4,November,DEP-001,CC-109,CAT-013,37364.49,Operating,REG-02
BUD-202511-DEP-001-CC-105-CAT-015,2025,Q4,November,DEP-001,CC-105,CAT-015,36389.33,Project,REG-03
BUD-202511-DEP-001-CC-113-CAT-003,2025,Q4,November,DEP-001,CC-113,CAT-003,37000.87,Operating,REG-06
BUD-202511-DEP-001-CC-102-CAT-008,2025,Q4,November,DEP-001,CC-102,CAT-008,49207.96,Operating,REG-02
BUD-202511-DEP-001-CC-111-CAT-005,2025,Q4,November,DEP-001,CC-111,CAT-005,33246.35,Capital,REG-08
BUD-202511-DEP-001-CC-106-CAT-003,2025,Q4,November,DEP-001,CC-106,CAT-003,32108.57,Operating,REG-08
BUD-202511-DEP-001-CC-114-CAT-003,2025,Q4,November,DEP-001,CC-114,CAT-003,32025.21,Operating,REG-04
BUD-202511-DEP-001-CC-113-CAT-008,2025,Q4,November,DEP-001,CC-113,CAT-008,45848.1,Project,REG-04
BUD-202511-DEP-001-CC-114-CAT-004,2025,Q4,November,DEP-001,CC-114,CAT-004,46881.48,Operating,REG-05
BUD-202511-DEP-001-CC-108-CAT-007,2025,Q4,November,DEP-001,CC-108,CAT-007,22306.18,Departmental,REG-08
BUD-202511-DEP-001-CC-116-CAT-009,2025,Q4,November,DEP-001,CC-116,CAT-009,33526.91,Operating,REG-07
BUD-202511-DEP-001-CC-102-CAT-008,2025,Q4,November,DEP-001,CC-102,CAT-008,48147.52,Capital,REG-08
BUD-202511-DEP-001-CC-106-CAT-009,2025,Q4,November,DEP-001,CC-106,CAT-009,30648.24,Departmental,REG-07
BUD-202511-DEP-001-CC-110-CAT-015,2025,Q4,November,DEP-001,CC-110,CAT-015,39575.87,Operating,REG-06
BUD-202511-DEP-001-CC-113-CAT-014,2025,Q4,November,DEP-001,CC-113,CAT-014,30012.43,Departmental,REG-06
BUD-202511-DEP-001-CC-116-CAT-003,2025,Q4,November,DEP-001,CC-116,CAT-003,34679.11,Operating,REG-08
BUD-202511-DEP-001-CC-117-CAT-001,2025,Q4,November,DEP-001,CC-117,CAT-001,41919.5,Departmental,REG-04
BUD-202511-DEP-001-CC-103-CAT-002,2025,Q4,November,DEP-001,CC-103,CAT-002,26297.15,Operating,REG-08
BUD-202511-DEP-001-CC-110-CAT-003,2025,Q4,November,DEP-001,CC-110,CAT-003,34494.94,Operating,REG-02
BUD-202511-DEP-001-CC-106-CAT-012,2025,Q4,November,DEP-001,CC-106,CAT-012,29193.05,Operating,REG-01
BUD-202511-DEP-001-CC-112-CAT-003,2025,Q4,November,DEP-001,CC-112,CAT-003,31733.2,Operating,REG-08
BUD-202511-DEP-001-CC-108-CAT-013,2025,Q4,November,DEP-001,CC-108,CAT-013,39062.6,Operating,REG-07
BUD-202511-DEP-001-CC-108-CAT-007,2025,Q4,November,DEP-001,CC-108,CAT-007,21065.57,Operating,REG-06
BUD-202511-DEP-001-CC-107-CAT-015,2025,Q4,November,DEP-001,CC-107,CAT-015,41027.88,Capital,REG-08
BUD-202511-DEP-001-CC-115-CAT-015,2025,Q4,November,DEP-001,CC-115,CAT-015,33868.76,Operating,REG-01
BUD-202511-DEP-001-CC-118-CAT-012,2025,Q4,November,DEP-001,CC-118,CAT-012,26784.9,Capital,REG-04
BUD-202511-DEP-002-CC-117-CAT-014,2025,Q4,November,DEP-002,CC-117,CAT-014,25619.26,Project,REG-04
BUD-202511-DEP-002-CC-112-CAT-006,2025,Q4,November,DEP-002,CC-112,CAT-006,26482.24,Operating,REG-06
BUD-202511-DEP-002-CC-109-CAT-007,2025,Q4,November,DEP-002,CC-109,CAT-007,14569.48,Operating,REG-05
BUD-202511-DEP-002-CC-116-CAT-013,2025,Q4,November,DEP-002,CC-116,CAT-013,28693.93,Operating,REG-04
BUD-202511-DEP-002-CC-113-CAT-009,2025,Q4,November,DEP-002,CC-113,CAT-009,21403.7,Capital,REG-02
BUD-202511-DEP-002-CC-106-CAT-015,2025,Q4,November,DEP-002,CC-106,CAT-015,23706.48,Project,REG-04
BUD-202511-DEP-002-CC-106-CAT-004,2025,Q4,November,DEP-002,CC-106,CAT-004,36037.83,Project,REG-01
BUD-202511-DEP-002-CC-106-CAT-013,2025,Q4,November,DEP-002,CC-106,CAT-013,28702.31,Departmental,REG-02
BUD-202511-DEP-002-CC-110-CAT-012,2025,Q4,November,DEP-002,CC-110,CAT-012,17825.06,Departmental,REG-04
BUD-202511-DEP-002-CC-118-CAT-015,2025,Q4,November,DEP-002,CC-118,CAT-015,24992.35,Operating,REG-04
BUD-202511-DEP-002-CC-106-CAT-005,2025,Q4,November,DEP-002,CC-106,CAT-005,20447.61,Operating,REG-02
BUD-202511-DEP-002-CC-109-CAT-009,2025,Q4,November,DEP-002,CC-109,CAT-009,23206.85,Departmental,REG-06
BUD-202511-DEP-002-CC-103-CAT-008,2025,Q4,November,DEP-002,CC-103,CAT-008,30031.48,Project,REG-01
BUD-202511-DEP-002-CC-119-CAT-003,2025,Q4,November,DEP-002,CC-119,CAT-003,27726.14,Operating,REG-06
BUD-202511-DEP-002-CC-114-CAT-006,2025,Q4,November,DEP-002,CC-114,CAT-006,29213.52,Operating,REG-06
BUD-202511-DEP-002-CC-119-CAT-009,2025,Q4,November,DEP-002,CC-119,CAT-009,21774.68,Capital,REG-06
BUD-202511-DEP-002-CC-108-CAT-012,2025,Q4,November,DEP-002,CC-108,CAT-012,21826.63,Operating,REG-06
BUD-202511-DEP-002-CC-116-CAT-012,2025,Q4,November,DEP-002,CC-116,CAT-012,18673.72,Operating,REG-03
BUD-202511-DEP-002-CC-119-CAT-009,2025,Q4,November,DEP-002,CC-119,CAT-009,21364.77,Operating,REG-02
BUD-202511-DEP-002-CC-115-CAT-014,2025,Q4,November,DEP-002,CC-115,CAT-014,21381.12,Operating,REG-01
BUD-202511-DEP-002-CC-102-CAT-005,2025,Q4,November,DEP-002,CC-102,CAT-005,19773.08,Capital,REG-05
BUD-202511-DEP-002-CC-109-CAT-006,2025,Q4,November,DEP-002,CC-109,CAT-006,31925.28,Departmental,REG-08
BUD-202511-DEP-002-CC-103-CAT-011,2025,Q4,November,DEP-002,CC-103,CAT-011,27768.28,Operating,REG-07
BUD-202511-DEP-002-CC-117-CAT-010,2025,Q4,November,DEP-002,CC-117,CAT-010,21413.71,Operating,REG-06
BUD-202511-DEP-002-CC-108-CAT-014,2025,Q4,November,DEP-002,CC-108,CAT-014,22614.13,Operating,REG-01
BUD-202511-DEP-002-CC-112-CAT-004,2025,Q4,November,DEP-002,CC-112,CAT-004,36126.07,Departmental,REG-07
BUD-202511-DEP-002-CC-102-CAT-010,2025,Q4,November,DEP-002,CC-102,CAT-010,19663.83,Operating,REG-05
BUD-202511-DEP-002-CC-102-CAT-002,2025,Q4,November,DEP-002,CC-102,CAT-002,17710.04,Operating,REG-08
BUD-202511-DEP-002-CC-108-CAT-015,2025,Q4,November,DEP-002,CC-108,CAT-015,26049.54,Capital,REG-04
BUD-202511-DEP-002-CC-107-CAT-006,2025,Q4,November,DEP-002,CC-107,CAT-006,29245.22,Departmental,REG-03
BUD-202511-DEP-002-CC-112-CAT-004,2025,Q4,November,DEP-002,CC-112,CAT-004,37237.21,Operating,REG-03
BUD-202511-DEP-002-CC-114-CAT-007,2025,Q4,November,DEP-002,CC-114,CAT-007,16467.21,Operating,REG-04
BUD-202511-DEP-002-CC-102-CAT-012,2025,Q4,November,DEP-002,CC-102,CAT-012,21493.82,Operating,REG-06
BUD-202511-DEP-002-CC-101-CAT-002,2025,Q4,November,DEP-002,CC-101,CAT-002,19738.82,Operating,REG-06
BUD-202511-DEP-002-CC-102-CAT-008,2025,Q4,November,DEP-002,CC-102,CAT-008,32732.44,Operating,REG-07
BUD-202511-DEP-002-CC-109-CAT-003,2025,Q4,November,DEP-002,CC-109,CAT-003,22366.71,Project,REG-04
BUD-202511-DEP-002-CC-105-CAT-012,2025,Q4,November,DEP-002,CC-105,CAT-012,18244.55,Operating,REG-02
BUD-202511-DEP-002-CC-105-CAT-006,2025,Q4,November,DEP-002,CC-105,CAT-006,26425.78,Project,REG-06
BUD-202511-DEP-002-CC-114-CAT-007,2025,Q4,November,DEP-002,CC-114,CAT-007,15130.2,Operating,REG-05
BUD-202511-DEP-002-CC-120-CAT-001,2025,Q4,November,DEP-002,CC-120,CAT-001,28143.98,Operating,REG-04
BUD-202511-DEP-002-CC-107-CAT-014,2025,Q4,November,DEP-002,CC-107,CAT-014,23133.36,Operating,REG-03
BUD-202511-DEP-002-CC-120-CAT-007,2025,Q4,November,DEP-002,CC-120,CAT-007,16123.93,Operating,REG-02
BUD-202511-DEP-002-CC-102-CAT-002,2025,Q4,November,DEP-002,CC-102,CAT-002,16326.76,Project,REG-08
BUD-202511-DEP-002-CC-107-CAT-010,2025,Q4,November,DEP-002,CC-107,CAT-010,21084.65,Departmental,REG-02
BUD-202511-DEP-002-CC-104-CAT-015,2025,Q4,November,DEP-002,CC-104,CAT-015,27452.43,Operating,REG-01
BUD-202511-DEP-002-CC-113-CAT-015,2025,Q4,November,DEP-002,CC-113,CAT-015,26724.86,Operating,REG-08
BUD-202511-DEP-002-CC-119-CAT-011,2025,Q4,November,DEP-002,CC-119,CAT-011,28210.65,Capital,REG-06
BUD-202511-DEP-002-CC-120-CAT-011,2025,Q4,November,DEP-002,CC-120,CAT-011,30211.67,Operating,REG-06
BUD-202511-DEP-002-CC-104-CAT-006,2025,Q4,November,DEP-002,CC-104,CAT-006,31077.38,Operating,REG-03
BUD-202511-DEP-002-CC-103-CAT-007,2025,Q4,November,DEP-002,CC-103,CAT-007,14712.58,Operating,REG-01
BUD-202511-DEP-002-CC-108-CAT-009,2025,Q4,November,DEP-002,CC-108,CAT-009,20669.06,Departmental,REG-05
BUD-202511-DEP-002-CC-118-CAT-007,2025,Q4,November,DEP-002,CC-118,CAT-007,15213.53,Operating,REG-01
BUD-202511-DEP-002-CC-106-CAT-004,2025,Q4,November,DEP-002,CC-106,CAT-004,35094.72,Departmental,REG-02
BUD-202511-DEP-003-CC-110-CAT-008,2025,Q4,November,DEP-003,CC-110,CAT-008,48722.0,Project,REG-05
BUD-202511-DEP-003-CC-115-CAT-002,2025,Q4,November,DEP-003,CC-115,CAT-002,28504.79,Operating,REG-01
BUD-202511-DEP-003-CC-101-CAT-001,2025,Q4,November,DEP-003,CC-101,CAT-001,54927.6,Operating,REG-02
BUD-202511-DEP-003-CC-106-CAT-011,2025,Q4,November,DEP-003,CC-106,CAT-011,50728.6,Departmental,REG-05
BUD-202511-DEP-003-CC-102-CAT-006,2025,Q4,November,DEP-003,CC-102,CAT-006,48787.85,Operating,REG-04
BUD-202511-DEP-003-CC-112-CAT-012,2025,Q4,November,DEP-003,CC-112,CAT-012,33721.48,Capital,REG-05
BUD-202511-DEP-003-CC-118-CAT-014,2025,Q4,November,DEP-003,CC-118,CAT-014,43830.77,Project,REG-03
BUD-202511-DEP-003-CC-118-CAT-003,2025,Q4,November,DEP-003,CC-118,CAT-003,45158.38,Operating,REG-03
BUD-202511-DEP-003-CC-116-CAT-005,2025,Q4,November,DEP-003,CC-116,CAT-005,38857.25,Operating,REG-06
BUD-202511-DEP-003-CC-120-CAT-009,2025,Q4,November,DEP-003,CC-120,CAT-009,42213.24,Operating,REG-06
BUD-202511-DEP-003-CC-107-CAT-005,2025,Q4,November,DEP-003,CC-107,CAT-005,31696.56,Capital,REG-01
BUD-202511-DEP-003-CC-103-CAT-012,2025,Q4,November,DEP-003,CC-103,CAT-012,35358.64,Operating,REG-02
BUD-202511-DEP-003-CC-117-CAT-002,2025,Q4,November,DEP-003,CC-117,CAT-002,29571.38,Operating,REG-03
BUD-202511-DEP-003-CC-120-CAT-002,2025,Q4,November,DEP-003,CC-120,CAT-002,28457.03,Operating,REG-05
BUD-202511-DEP-003-CC-116-CAT-011,2025,Q4,November,DEP-003,CC-116,CAT-011,48015.64,Operating,REG-01
BUD-202511-DEP-003-CC-111-CAT-002,2025,Q4,November,DEP-003,CC-111,CAT-002,31677.27,Operating,REG-04
BUD-202511-DEP-003-CC-119-CAT-003,2025,Q4,November,DEP-003,CC-119,CAT-003,39587.88,Capital,REG-08
BUD-202511-DEP-003-CC-111-CAT-009,2025,Q4,November,DEP-003,CC-111,CAT-009,39314.85,Project,REG-01
BUD-202511-DEP-003-CC-102-CAT-010,2025,Q4,November,DEP-003,CC-102,CAT-010,32360.9,Operating,REG-03
BUD-202511-DEP-003-CC-110-CAT-011,2025,Q4,November,DEP-003,CC-110,CAT-011,47819.68,Operating,REG-02
BUD-202511-DEP-003-CC-111-CAT-010,2025,Q4,November,DEP-003,CC-111,CAT-010,30520.74,Operating,REG-07
BUD-202511-DEP-003-CC-116-CAT-002,2025,Q4,November,DEP-003,CC-116,CAT-002,29017.38,Operating,REG-04
BUD-202511-DEP-003-CC-111-CAT-008,2025,Q4,November,DEP-003,CC-111,CAT-008,60342.7,Operating,REG-04
BUD-202511-DEP-003-CC-105-CAT-004,2025,Q4,November,DEP-003,CC-105,CAT-004,61542.42,Departmental,REG-05
BUD-202511-DEP-003-CC-102-CAT-010,2025,Q4,November,DEP-003,CC-102,CAT-010,34090.1,Operating,REG-02
BUD-202511-DEP-003-CC-103-CAT-007,2025,Q4,November,DEP-003,CC-103,CAT-007,24774.82,Operating,REG-06
BUD-202511-DEP-003-CC-101-CAT-012,2025,Q4,November,DEP-003,CC-101,CAT-012,35461.46,Departmental,REG-03
BUD-202511-DEP-003-CC-119-CAT-010,2025,Q4,November,DEP-003,CC-119,CAT-010,32482.42,Operating,REG-08
BUD-202511-DEP-003-CC-112-CAT-009,2025,Q4,November,DEP-003,CC-112,CAT-009,33448.17,Operating,REG-06
BUD-202511-DEP-003-CC-107-CAT-015,2025,Q4,November,DEP-003,CC-107,CAT-015,42527.03,Capital,REG-01
BUD-202511-DEP-003-CC-117-CAT-002,2025,Q4,November,DEP-003,CC-117,CAT-002,26701.61,Operating,REG-07
BUD-202511-DEP-003-CC-120-CAT-014,2025,Q4,November,DEP-003,CC-120,CAT-014,37144.44,Departmental,REG-05
BUD-202511-DEP-003-CC-110-CAT-007,2025,Q4,November,DEP-003,CC-110,CAT-007,25888.26,Capital,REG-07
BUD-202511-DEP-003-CC-113-CAT-010,2025,Q4,November,DEP-003,CC-113,CAT-010,32685.23,Operating,REG-08
BUD-202511-DEP-003-CC-115-CAT-001,2025,Q4,November,DEP-003,CC-115,CAT-001,51989.76,Operating,REG-04
BUD-202511-DEP-003-CC-108-CAT-015,2025,Q4,November,DEP-003,CC-108,CAT-015,40089.23,Capital,REG-01
BUD-202511-DEP-003-CC-101-CAT-012,2025,Q4,November,DEP-003,CC-101,CAT-012,32013.33,Operating,REG-07
BUD-202511-DEP-003-CC-109-CAT-006,2025,Q4,November,DEP-003,CC-109,CAT-006,44985.07,Operating,REG-01
BUD-202511-DEP-004-CC-104-CAT-004,2025,Q4,November,DEP-004,CC-104,CAT-004,44729.78,Capital,REG-08
BUD-202511-DEP-004-CC-103-CAT-008,2025,Q4,November,DEP-004,CC-103,CAT-008,36006.18,Project,REG-02
BUD-202511-DEP-004-CC-120-CAT-003,2025,Q4,November,DEP-004,CC-120,CAT-003,30646.29,Departmental,REG-01
BUD-202511-DEP-004-CC-105-CAT-003,2025,Q4,November,DEP-004,CC-105,CAT-003,30684.01,Operating,REG-05
BUD-202511-DEP-004-CC-116-CAT-005,2025,Q4,November,DEP-004,CC-116,CAT-005,22481.26,Departmental,REG-06
BUD-202511-DEP-004-CC-116-CAT-009,2025,Q4,November,DEP-004,CC-116,CAT-009,27641.82,Operating,REG-08
BUD-202511-DEP-004-CC-111-CAT-002,2025,Q4,November,DEP-004,CC-111,CAT-002,19242.94,Operating,REG-05
BUD-202511-DEP-004-CC-111-CAT-001,2025,Q4,November,DEP-004,CC-111,CAT-001,36223.8,Operating,REG-02
BUD-202511-DEP-004-CC-110-CAT-011,2025,Q4,November,DEP-004,CC-110,CAT-011,27453.15,Operating,REG-06
BUD-202511-DEP-004-CC-109-CAT-005,2025,Q4,November,DEP-004,CC-109,CAT-005,25187.89,Project,REG-08
BUD-202511-DEP-004-CC-104-CAT-011,2025,Q4,November,DEP-004,CC-104,CAT-011,31317.75,Operating,REG-07
BUD-202511-DEP-004-CC-107-CAT-010,2025,Q4,November,DEP-004,CC-107,CAT-010,21029.17,Operating,REG-08
BUD-202511-DEP-004-CC-119-CAT-010,2025,Q4,November,DEP-004,CC-119,CAT-010,25139.87,Operating,REG-07
BUD-202511-DEP-004-CC-112-CAT-010,2025,Q4,November,DEP-004,CC-112,CAT-010,21203.9,Operating,REG-08
BUD-202511-DEP-004-CC-111-CAT-011,2025,Q4,November,DEP-004,CC-111,CAT-011,28559.21,Operating,REG-06
BUD-202511-DEP-004-CC-101-CAT-008,2025,Q4,November,DEP-004,CC-101,CAT-008,38741.61,Capital,REG-05
BUD-202511-DEP-004-CC-120-CAT-013,2025,Q4,November,DEP-004,CC-120,CAT-013,31350.08,Project,REG-02
BUD-202511-DEP-004-CC-118-CAT-004,2025,Q4,November,DEP-004,CC-118,CAT-004,37204.88,Operating,REG-07
BUD-202511-DEP-004-CC-116-CAT-009,2025,Q4,November,DEP-004,CC-116,CAT-009,25287.46,Project,REG-07
BUD-202511-DEP-004-CC-103-CAT-002,2025,Q4,November,DEP-004,CC-103,CAT-002,19080.89,Operating,REG-01
BUD-202511-DEP-004-CC-116-CAT-003,2025,Q4,November,DEP-004,CC-116,CAT-003,29455.45,Operating,REG-04
BUD-202511-DEP-004-CC-116-CAT-006,2025,Q4,November,DEP-004,CC-116,CAT-006,29125.98,Capital,REG-06
BUD-202511-DEP-004-CC-110-CAT-010,2025,Q4,November,DEP-004,CC-110,CAT-010,25672.96,Operating,REG-02
BUD-202511-DEP-004-CC-101-CAT-007,2025,Q4,November,DEP-004,CC-101,CAT-007,17587.73,Operating,REG-06
BUD-202511-DEP-004-CC-112-CAT-003,2025,Q4,November,DEP-004,CC-112,CAT-003,28819.11,Capital,REG-06
BUD-202511-DEP-004-CC-101-CAT-014,2025,Q4,November,DEP-004,CC-101,CAT-014,29518.35,Project,REG-05
BUD-202511-DEP-004-CC-115-CAT-004,2025,Q4,November,DEP-004,CC-115,CAT-004,36523.63,Operating,REG-05
BUD-202511-DEP-004-CC-116-CAT-010,2025,Q4,November,DEP-004,CC-116,CAT-010,22198.36,Operating,REG-05
BUD-202511-DEP-004-CC-111-CAT-007,2025,Q4,November,DEP-004,CC-111,CAT-007,18886.5,Operating,REG-03
BUD-202511-DEP-004-CC-101-CAT-011,2025,Q4,November,DEP-004,CC-101,CAT-011,30476.93,Operating,REG-03
BUD-202511-DEP-004-CC-109-CAT-013,2025,Q4,November,DEP-004,CC-109,CAT-013,32465.43,Capital,REG-08
BUD-202511-DEP-004-CC-110-CAT-002,2025,Q4,November,DEP-004,CC-110,CAT-002,22184.14,Operating,REG-03
BUD-202511-DEP-004-CC-118-CAT-015,2025,Q4,November,DEP-004,CC-118,CAT-015,32216.78,Departmental,REG-05
BUD-202511-DEP-004-CC-107-CAT-007,2025,Q4,November,DEP-004,CC-107,CAT-007,16445.91,Operating,REG-07
BUD-202511-DEP-004-CC-108-CAT-003,2025,Q4,November,DEP-004,CC-108,CAT-003,31120.73,Capital,REG-07
BUD-202511-DEP-004-CC-102-CAT-006,2025,Q4,November,DEP-004,CC-102,CAT-006,33640.89,Departmental,REG-02
BUD-202511-DEP-004-CC-104-CAT-007,2025,Q4,November,DEP-004,CC-104,CAT-007,17432.3,Operating,REG-07
BUD-202511-DEP-004-CC-106-CAT-015,2025,Q4,November,DEP-004,CC-106,CAT-015,29917.56,Capital,REG-01
BUD-202511-DEP-004-CC-110-CAT-007,2025,Q4,November,DEP-004,CC-110,CAT-007,19800.36,Operating,REG-05
BUD-202511-DEP-005-CC-111-CAT-015,2025,Q4,November,DEP-005,CC-111,CAT-015,36088.38,Operating,REG-03
BUD-202511-DEP-005-CC-108-CAT-005,2025,Q4,November,DEP-005,CC-108,CAT-005,29188.15,Departmental,REG-03
BUD-202511-DEP-005-CC-120-CAT-013,2025,Q4,November,DEP-005,CC-120,CAT-013,40187.89,Operating,REG-07
BUD-202511-DEP-005-CC-109-CAT-005,2025,Q4,November,DEP-005,CC-109,CAT-005,26371.92,Departmental,REG-03
BUD-202511-DEP-005-CC-112-CAT-013,2025,Q4,November,DEP-005,CC-112,CAT-013,37681.61,Operating,REG-04
BUD-202511-DEP-005-CC-102-CAT-012,2025,Q4,November,DEP-005,CC-102,CAT-012,27074.25,Project,REG-03
BUD-202511-DEP-005-CC-103-CAT-004,2025,Q4,November,DEP-005,CC-103,CAT-004,50214.31,Departmental,REG-03
BUD-202511-DEP-005-CC-107-CAT-006,2025,Q4,November,DEP-005,CC-107,CAT-006,36304.74,Departmental,REG-08
BUD-202511-DEP-005-CC-107-CAT-015,2025,Q4,November,DEP-005,CC-107,CAT-015,31313.85,Operating,REG-01
BUD-202511-DEP-005-CC-114-CAT-007,2025,Q4,November,DEP-005,CC-114,CAT-007,18878.34,Operating,REG-04
BUD-202511-DEP-005-CC-101-CAT-005,2025,Q4,November,DEP-005,CC-101,CAT-005,24835.09,Operating,REG-02
BUD-202511-DEP-005-CC-106-CAT-004,2025,Q4,November,DEP-005,CC-106,CAT-004,51179.21,Operating,REG-06
BUD-202511-DEP-005-CC-109-CAT-004,2025,Q4,November,DEP-005,CC-109,CAT-004,43328.67,Operating,REG-03
BUD-202511-DEP-005-CC-109-CAT-004,2025,Q4,November,DEP-005,CC-109,CAT-004,44694.87,Operating,REG-04
BUD-202511-DEP-005-CC-116-CAT-013,2025,Q4,November,DEP-005,CC-116,CAT-013,41036.54,Capital,REG-04
BUD-202511-DEP-005-CC-101-CAT-004,2025,Q4,November,DEP-005,CC-101,CAT-004,48477.2,Project,REG-05
BUD-202511-DEP-005-CC-105-CAT-008,2025,Q4,November,DEP-005,CC-105,CAT-008,41568.74,Operating,REG-01
BUD-202511-DEP-005-CC-119-CAT-013,2025,Q4,November,DEP-005,CC-119,CAT-013,38132.65,Operating,REG-03
BUD-202511-DEP-005-CC-102-CAT-007,2025,Q4,November,DEP-005,CC-102,CAT-007,21651.14,Operating,REG-03
BUD-202511-DEP-005-CC-105-CAT-013,2025,Q4,November,DEP-005,CC-105,CAT-013,37246.22,Operating,REG-08
BUD-202511-DEP-005-CC-106-CAT-002,2025,Q4,November,DEP-005,CC-106,CAT-002,26179.26,Departmental,REG-03
BUD-202511-DEP-005-CC-104-CAT-008,2025,Q4,November,DEP-005,CC-104,CAT-008,47216.5,Operating,REG-04
BUD-202511-DEP-005-CC-104-CAT-005,2025,Q4,November,DEP-005,CC-104,CAT-005,28543.29,Departmental,REG-04
BUD-202511-DEP-005-CC-108-CAT-005,2025,Q4,November,DEP-005,CC-108,CAT-005,26048.55,Capital,REG-01
BUD-202511-DEP-005-CC-117-CAT-005,2025,Q4,November,DEP-005,CC-117,CAT-005,25434.9,Departmental,REG-03
BUD-202511-DEP-005-CC-119-CAT-009,2025,Q4,November,DEP-005,CC-119,CAT-009,26547.4,Project,REG-01
BUD-202511-DEP-005-CC-108-CAT-008,2025,Q4,November,DEP-005,CC-108,CAT-008,47242.37,Departmental,REG-06
BUD-202511-DEP-005-CC-104-CAT-010,2025,Q4,November,DEP-005,CC-104,CAT-010,29264.53,Departmental,REG-07
BUD-202511-DEP-005-CC-110-CAT-006,2025,Q4,November,DEP-005,CC-110,CAT-006,39564.46,Capital,REG-02
BUD-202511-DEP-005-CC-111-CAT-004,2025,Q4,November,DEP-005,CC-111,CAT-004,42078.44,Departmental,REG-01
BUD-202511-DEP-005-CC-120-CAT-010,2025,Q4,November,DEP-005,CC-120,CAT-010,25965.43,Capital,REG-07
BUD-202511-DEP-005-CC-107-CAT-007,2025,Q4,November,DEP-005,CC-107,CAT-007,20682.73,Departmental,REG-08
BUD-202511-DEP-005-CC-102-CAT-007,2025,Q4,November,DEP-005,CC-102,CAT-007,21483.55,Operating,REG-02
BUD-202511-DEP-005-CC-119-CAT-011,2025,Q4,November,DEP-005,CC-119,CAT-011,38004.25,Operating,REG-05
BUD-202511-DEP-005-CC-118-CAT-011,2025,Q4,November,DEP-005,CC-118,CAT-011,33546.93,Departmental,REG-01
BUD-202511-DEP-005-CC-111-CAT-007,2025,Q4,November,DEP-005,CC-111,CAT-007,18397.28,Operating,REG-04
BUD-202511-DEP-005-CC-103-CAT-002,2025,Q4,November,DEP-005,CC-103,CAT-002,24830.38,Capital,REG-06
BUD-202511-DEP-005-CC-114-CAT-015,2025,Q4,November,DEP-005,CC-114,CAT-015,32257.21,Departmental,REG-08
BUD-202511-DEP-005-CC-120-CAT-010,2025,Q4,November,DEP-005,CC-120,CAT-010,27570.14,Operating,REG-03
BUD-202511-DEP-005-CC-111-CAT-015,2025,Q4,November,DEP-005,CC-111,CAT-015,36773.05,Operating,REG-06
BUD-202511-DEP-006-CC-101-CAT-003,2025,Q4,November,DEP-006,CC-101,CAT-003,23852.21,Operating,REG-04
BUD-202511-DEP-006-CC-106-CAT-013,2025,Q4,November,DEP-006,CC-106,CAT-013,28652.77,Capital,REG-04
BUD-202511-DEP-006-CC-102-CAT-012,2025,Q4,November,DEP-006,CC-102,CAT-012,15927.06,Operating,REG-05
BUD-202511-DEP-006-CC-119-CAT-010,2025,Q4,November,DEP-006,CC-119,CAT-010,18762.07,Operating,REG-03
BUD-202511-DEP-006-CC-109-CAT-009,2025,Q4,November,DEP-006,CC-109,CAT-009,20120.21,Capital,REG-07
BUD-202511-DEP-006-CC-114-CAT-008,2025,Q4,November,DEP-006,CC-114,CAT-008,27823.28,Operating,REG-03
BUD-202511-DEP-006-CC-110-CAT-008,2025,Q4,November,DEP-006,CC-110,CAT-008,28417.61,Operating,REG-02
BUD-202511-DEP-006-CC-114-CAT-011,2025,Q4,November,DEP-006,CC-114,CAT-011,22378.08,Operating,REG-04
BUD-202511-DEP-006-CC-103-CAT-004,2025,Q4,November,DEP-006,CC-103,CAT-004,33022.22,Operating,REG-04
BUD-202511-DEP-006-CC-110-CAT-013,2025,Q4,November,DEP-006,CC-110,CAT-013,27393.08,Departmental,REG-03
BUD-202511-DEP-006-CC-105-CAT-009,2025,Q4,November,DEP-006,CC-105,CAT-009,18731.82,Operating,REG-08
BUD-202511-DEP-006-CC-113-CAT-014,2025,Q4,November,DEP-006,CC-113,CAT-014,23213.8,Operating,REG-04
BUD-202511-DEP-006-CC-120-CAT-002,2025,Q4,November,DEP-006,CC-120,CAT-002,14993.94,Capital,REG-06
BUD-202511-DEP-006-CC-114-CAT-005,2025,Q4,November,DEP-006,CC-114,CAT-005,19543.25,Project,REG-01
BUD-202511-DEP-006-CC-120-CAT-012,2025,Q4,November,DEP-006,CC-120,CAT-012,19198.11,Capital,REG-03
BUD-202511-DEP-006-CC-104-CAT-014,2025,Q4,November,DEP-006,CC-104,CAT-014,23672.71,Operating,REG-08
BUD-202511-DEP-006-CC-102-CAT-006,2025,Q4,November,DEP-006,CC-102,CAT-006,23498.02,Project,REG-04
BUD-202511-DEP-006-CC-114-CAT-003,2025,Q4,November,DEP-006,CC-114,CAT-003,20223.25,Operating,REG-05
BUD-202511-DEP-006-CC-113-CAT-002,2025,Q4,November,DEP-006,CC-113,CAT-002,15828.27,Departmental,REG-08
BUD-202511-DEP-006-CC-105-CAT-001,2025,Q4,November,DEP-006,CC-105,CAT-001,28096.18,Operating,REG-08
BUD-202511-DEP-006-CC-120-CAT-004,2025,Q4,November,DEP-006,CC-120,CAT-004,29753.6,Operating,REG-01
BUD-202511-DEP-006-CC-105-CAT-009,2025,Q4,November,DEP-006,CC-105,CAT-009,18506.64,Departmental,REG-03
BUD-202511-DEP-006-CC-104-CAT-014,2025,Q4,November,DEP-006,CC-104,CAT-014,19119.22,Operating,REG-03
BUD-202511-DEP-006-CC-115-CAT-008,2025,Q4,November,DEP-006,CC-115,CAT-008,30274.47,Project,REG-08
BUD-202511-DEP-006-CC-101-CAT-005,2025,Q4,November,DEP-006,CC-101,CAT-005,19696.88,Project,REG-05
BUD-202511-DEP-006-CC-119-CAT-006,2025,Q4,November,DEP-006,CC-119,CAT-006,27829.41,Operating,REG-05
BUD-202511-DEP-006-CC-108-CAT-015,2025,Q4,November,DEP-006,CC-108,CAT-015,21756.76,Operating,REG-07
BUD-202511-DEP-006-CC-110-CAT-008,2025,Q4,November,DEP-006,CC-110,CAT-008,25967.41,Operating,REG-07
BUD-202511-DEP-006-CC-107-CAT-012,2025,Q4,November,DEP-006,CC-107,CAT-012,18161.94,Operating,REG-08
BUD-202511-DEP-006-CC-110-CAT-003,2025,Q4,November,DEP-006,CC-110,CAT-003,23657.77,Operating,REG-06
BUD-202511-DEP-006-CC-108-CAT-002,2025,Q4,November,DEP-006,CC-108,CAT-002,15789.07,Capital,REG-08
BUD-202511-DEP-006-CC-106-CAT-004,2025,Q4,November,DEP-006,CC-106,CAT-004,29740.38,Departmental,REG-08
BUD-202511-DEP-006-CC-104-CAT-009,2025,Q4,November,DEP-006,CC-104,CAT-009,20751.23,Operating,REG-01
BUD-202511-DEP-006-CC-102-CAT-004,2025,Q4,November,DEP-006,CC-102,CAT-004,31049.94,Departmental,REG-04
BUD-202511-DEP-006-CC-108-CAT-001,2025,Q4,November,DEP-006,CC-108,CAT-001,29411.01,Project,REG-06
BUD-202511-DEP-006-CC-101-CAT-004,2025,Q4,November,DEP-006,CC-101,CAT-004,35938.37,Operating,REG-05
BUD-202511-DEP-006-CC-115-CAT-001,2025,Q4,November,DEP-006,CC-115,CAT-001,29437.49,Departmental,REG-07
BUD-202511-DEP-006-CC-118-CAT-010,2025,Q4,November,DEP-006,CC-118,CAT-010,17292.61,Operating,REG-08
BUD-202511-DEP-006-CC-110-CAT-004,2025,Q4,November,DEP-006,CC-110,CAT-004,36237.24,Operating,REG-01
BUD-202511-DEP-006-CC-108-CAT-014,2025,Q4,November,DEP-006,CC-108,CAT-014,23178.79,Operating,REG-02
BUD-202511-DEP-006-CC-103-CAT-006,2025,Q4,November,DEP-006,CC-103,CAT-006,26618.75,Operating,REG-05
BUD-202511-DEP-006-CC-111-CAT-005,2025,Q4,November,DEP-006,CC-111,CAT-005,19871.78,Operating,REG-06
BUD-202511-DEP-006-CC-104-CAT-009,2025,Q4,November,DEP-006,CC-104,CAT-009,22187.72,Operating,REG-05
BUD-202511-DEP-006-CC-117-CAT-005,2025,Q4,November,DEP-006,CC-117,CAT-005,20007.48,Capital,REG-04
BUD-202511-DEP-006-CC-109-CAT-008,2025,Q4,November,DEP-006,CC-109,CAT-008,30494.91,Operating,REG-02
BUD-202511-DEP-007-CC-102-CAT-014,2025,Q4,November,DEP-007,CC-102,CAT-014,33529.49,Operating,REG-05
BUD-202511-DEP-007-CC-105-CAT-009,2025,Q4,November,DEP-007,CC-105,CAT-009,33317.77,Operating,REG-04
BUD-202511-DEP-007-CC-103-CAT-002,2025,Q4,November,DEP-007,CC-103,CAT-002,30976.35,Departmental,REG-07
BUD-202511-DEP-007-CC-113-CAT-015,2025,Q4,November,DEP-007,CC-113,CAT-015,37201.49,Project,REG-04
BUD-202511-DEP-007-CC-116-CAT-002,2025,Q4,November,DEP-007,CC-116,CAT-002,28452.31,Operating,REG-07
BUD-202511-DEP-007-CC-104-CAT-001,2025,Q4,November,DEP-007,CC-104,CAT-001,43037.26,Departmental,REG-02
BUD-202511-DEP-007-CC-102-CAT-002,2025,Q4,November,DEP-007,CC-102,CAT-002,29563.69,Departmental,REG-06
BUD-202511-DEP-007-CC-108-CAT-014,2025,Q4,November,DEP-007,CC-108,CAT-014,36355.22,Operating,REG-01
BUD-202511-DEP-007-CC-113-CAT-011,2025,Q4,November,DEP-007,CC-113,CAT-011,44619.33,Operating,REG-06
BUD-202511-DEP-007-CC-103-CAT-015,2025,Q4,November,DEP-007,CC-103,CAT-015,43575.42,Capital,REG-01
BUD-202511-DEP-007-CC-117-CAT-005,2025,Q4,November,DEP-007,CC-117,CAT-005,31003.8,Operating,REG-08
BUD-202511-DEP-007-CC-106-CAT-009,2025,Q4,November,DEP-007,CC-106,CAT-009,31409.34,Operating,REG-08
BUD-202511-DEP-007-CC-114-CAT-007,2025,Q4,November,DEP-007,CC-114,CAT-007,23694.18,Capital,REG-07
BUD-202511-DEP-007-CC-116-CAT-005,2025,Q4,November,DEP-007,CC-116,CAT-005,31282.58,Departmental,REG-05
BUD-202511-DEP-007-CC-113-CAT-004,2025,Q4,November,DEP-007,CC-113,CAT-004,61720.73,Operating,REG-03
BUD-202511-DEP-007-CC-109-CAT-004,2025,Q4,November,DEP-007,CC-109,CAT-004,53476.07,Operating,REG-06
BUD-202511-DEP-007-CC-114-CAT-015,2025,Q4,November,DEP-007,CC-114,CAT-015,40793.41,Project,REG-01
BUD-202511-DEP-007-CC-101-CAT-005,2025,Q4,November,DEP-007,CC-101,CAT-005,36996.63,Departmental,REG-04
BUD-202511-DEP-007-CC-113-CAT-012,2025,Q4,November,DEP-007,CC-113,CAT-012,28150.49,Operating,REG-06
BUD-202511-DEP-007-CC-113-CAT-005,2025,Q4,November,DEP-007,CC-113,CAT-005,33667.15,Capital,REG-04
BUD-202511-DEP-007-CC-115-CAT-010,2025,Q4,November,DEP-007,CC-115,CAT-010,30647.76,Departmental,REG-04
BUD-202511-DEP-007-CC-115-CAT-006,2025,Q4,November,DEP-007,CC-115,CAT-006,43008.66,Operating,REG-01
BUD-202511-DEP-007-CC-113-CAT-007,2025,Q4,November,DEP-007,CC-113,CAT-007,27487.27,Project,REG-07
BUD-202511-DEP-007-CC-109-CAT-007,2025,Q4,November,DEP-007,CC-109,CAT-007,24990.78,Departmental,REG-01
BUD-202511-DEP-007-CC-113-CAT-008,2025,Q4,November,DEP-007,CC-113,CAT-008,54633.7,Operating,REG-05
BUD-202511-DEP-007-CC-111-CAT-013,2025,Q4,November,DEP-007,CC-111,CAT-013,45339.27,Operating,REG-01
BUD-202511-DEP-007-CC-101-CAT-001,2025,Q4,November,DEP-007,CC-101,CAT-001,47958.11,Departmental,REG-08
BUD-202511-DEP-007-CC-104-CAT-003,2025,Q4,November,DEP-007,CC-104,CAT-003,35259.14,Departmental,REG-08
BUD-202511-DEP-007-CC-118-CAT-014,2025,Q4,November,DEP-007,CC-118,CAT-014,36359.93,Operating,REG-03
BUD-202511-DEP-007-CC-113-CAT-001,2025,Q4,November,DEP-007,CC-113,CAT-001,41901.55,Capital,REG-07
BUD-202511-DEP-008-CC-117-CAT-009,2025,Q4,November,DEP-008,CC-117,CAT-009,24414.72,Project,REG-03
BUD-202511-DEP-008-CC-108-CAT-002,2025,Q4,November,DEP-008,CC-108,CAT-002,19418.3,Capital,REG-02
BUD-202511-DEP-008-CC-101-CAT-011,2025,Q4,November,DEP-008,CC-101,CAT-011,27038.75,Operating,REG-03
BUD-202511-DEP-008-CC-106-CAT-006,2025,Q4,November,DEP-008,CC-106,CAT-006,27443.63,Departmental,REG-01
BUD-202511-DEP-008-CC-111-CAT-006,2025,Q4,November,DEP-008,CC-111,CAT-006,28916.84,Operating,REG-02
BUD-202511-DEP-008-CC-114-CAT-002,2025,Q4,November,DEP-008,CC-114,CAT-002,19308.89,Operating,REG-07
BUD-202511-DEP-008-CC-112-CAT-005,2025,Q4,November,DEP-008,CC-112,CAT-005,21384.61,Operating,REG-03
BUD-202511-DEP-008-CC-107-CAT-008,2025,Q4,November,DEP-008,CC-107,CAT-008,35646.04,Departmental,REG-04
BUD-202511-DEP-008-CC-120-CAT-006,2025,Q4,November,DEP-008,CC-120,CAT-006,31935.86,Departmental,REG-08
BUD-202511-DEP-008-CC-117-CAT-011,2025,Q4,November,DEP-008,CC-117,CAT-011,29239.73,Departmental,REG-04
BUD-202511-DEP-008-CC-114-CAT-013,2025,Q4,November,DEP-008,CC-114,CAT-013,34321.57,Capital,REG-03
BUD-202511-DEP-008-CC-113-CAT-010,2025,Q4,November,DEP-008,CC-113,CAT-010,19795.18,Capital,REG-05
BUD-202511-DEP-008-CC-116-CAT-011,2025,Q4,November,DEP-008,CC-116,CAT-011,26980.06,Departmental,REG-01
BUD-202511-DEP-008-CC-101-CAT-014,2025,Q4,November,DEP-008,CC-101,CAT-014,25981.53,Operating,REG-05
BUD-202511-DEP-008-CC-111-CAT-004,2025,Q4,November,DEP-008,CC-111,CAT-004,39423.14,Operating,REG-05
BUD-202511-DEP-008-CC-108-CAT-011,2025,Q4,November,DEP-008,CC-108,CAT-011,27391.41,Project,REG-02
BUD-202511-DEP-008-CC-109-CAT-006,2025,Q4,November,DEP-008,CC-109,CAT-006,33197.22,Capital,REG-07
BUD-202511-DEP-008-CC-119-CAT-001,2025,Q4,November,DEP-008,CC-119,CAT-001,29835.03,Operating,REG-03
BUD-202511-DEP-008-CC-115-CAT-005,2025,Q4,November,DEP-008,CC-115,CAT-005,25029.81,Operating,REG-07
BUD-202511-DEP-008-CC-101-CAT-015,2025,Q4,November,DEP-008,CC-101,CAT-015,26765.25,Project,REG-02
BUD-202511-DEP-008-CC-106-CAT-009,2025,Q4,November,DEP-008,CC-106,CAT-009,23496.44,Operating,REG-03
BUD-202511-DEP-008-CC-120-CAT-014,2025,Q4,November,DEP-008,CC-120,CAT-014,28422.26,Operating,REG-06
BUD-202511-DEP-008-CC-117-CAT-004,2025,Q4,November,DEP-008,CC-117,CAT-004,35186.81,Operating,REG-02
BUD-202511-DEP-008-CC-107-CAT-013,2025,Q4,November,DEP-008,CC-107,CAT-013,29277.48,Operating,REG-04
BUD-202511-DEP-008-CC-103-CAT-008,2025,Q4,November,DEP-008,CC-103,CAT-008,31538.73,Operating,REG-01
BUD-202511-DEP-008-CC-115-CAT-014,2025,Q4,November,DEP-008,CC-115,CAT-014,24556.72,Capital,REG-03
BUD-202511-DEP-008-CC-111-CAT-013,2025,Q4,November,DEP-008,CC-111,CAT-013,28364.31,Operating,REG-01
BUD-202511-DEP-008-CC-111-CAT-005,2025,Q4,November,DEP-008,CC-111,CAT-005,22773.21,Departmental,REG-06
BUD-202511-DEP-008-CC-115-CAT-015,2025,Q4,November,DEP-008,CC-115,CAT-015,29960.87,Operating,REG-05
BUD-202511-DEP-008-CC-117-CAT-003,2025,Q4,November,DEP-008,CC-117,CAT-003,28103.0,Operating,REG-06
BUD-202511-DEP-008-CC-108-CAT-005,2025,Q4,November,DEP-008,CC-108,CAT-005,22012.8,Capital,REG-08
BUD-202511-DEP-008-CC-109-CAT-001,2025,Q4,November,DEP-008,CC-109,CAT-001,29914.13,Operating,REG-05
BUD-202511-DEP-008-CC-112-CAT-013,2025,Q4,November,DEP-008,CC-112,CAT-013,35197.19,Project,REG-08
BUD-202511-DEP-008-CC-116-CAT-010,2025,Q4,November,DEP-008,CC-116,CAT-010,24451.69,Capital,REG-03
BUD-202511-DEP-008-CC-112-CAT-003,2025,Q4,November,DEP-008,CC-112,CAT-003,26336.65,Operating,REG-05
BUD-202511-DEP-008-CC-101-CAT-011,2025,Q4,November,DEP-008,CC-101,CAT-011,26537.35,Project,REG-02
BUD-202511-DEP-008-CC-116-CAT-011,2025,Q4,November,DEP-008,CC-116,CAT-011,32392.92,Departmental,REG-06
BUD-202511-DEP-008-CC-119-CAT-010,2025,Q4,November,DEP-008,CC-119,CAT-010,19716.42,Project,REG-03
BUD-202511-DEP-008-CC-109-CAT-007,2025,Q4,November,DEP-008,CC-109,CAT-007,18394.85,Operating,REG-04
BUD-202511-DEP-008-CC-117-CAT-009,2025,Q4,November,DEP-008,CC-117,CAT-009,23891.83,Project,REG-06
BUD-202511-DEP-008-CC-109-CAT-001,2025,Q4,November,DEP-008,CC-109,CAT-001,36073.91,Operating,REG-07
BUD-202511-DEP-008-CC-115-CAT-007,2025,Q4,November,DEP-008,CC-115,CAT-007,16470.92,Operating,REG-01
BUD-202511-DEP-008-CC-106-CAT-010,2025,Q4,November,DEP-008,CC-106,CAT-010,22420.19,Operating,REG-02
BUD-202511-DEP-008-CC-115-CAT-014,2025,Q4,November,DEP-008,CC-115,CAT-014,28462.63,Operating,REG-04
BUD-202511-DEP-008-CC-120-CAT-008,2025,Q4,November,DEP-008,CC-120,CAT-008,34618.49,Operating,REG-05
BUD-202511-DEP-008-CC-109-CAT-002,2025,Q4,November,DEP-008,CC-109,CAT-002,21437.32,Capital,REG-05
BUD-202511-DEP-008-CC-118-CAT-009,2025,Q4,November,DEP-008,CC-118,CAT-009,23581.17,Project,REG-04
BUD-202511-DEP-008-CC-107-CAT-002,2025,Q4,November,DEP-008,CC-107,CAT-002,19218.38,Operating,REG-04
BUD-202511-DEP-008-CC-117-CAT-013,2025,Q4,November,DEP-008,CC-117,CAT-013,30821.48,Operating,REG-08
BUD-202511-DEP-008-CC-103-CAT-008,2025,Q4,November,DEP-008,CC-103,CAT-008,32555.88,Departmental,REG-07
BUD-202511-DEP-009-CC-118-CAT-008,2025,Q4,November,DEP-009,CC-118,CAT-008,63678.06,Operating,REG-02
BUD-202511-DEP-009-CC-108-CAT-004,2025,Q4,November,DEP-009,CC-108,CAT-004,67857.38,Operating,REG-05
BUD-202511-DEP-009-CC-101-CAT-008,2025,Q4,November,DEP-009,CC-101,CAT-008,54164.15,Operating,REG-04
BUD-202511-DEP-009-CC-119-CAT-015,2025,Q4,November,DEP-009,CC-119,CAT-015,45001.24,Project,REG-06
BUD-202511-DEP-009-CC-116-CAT-012,2025,Q4,November,DEP-009,CC-116,CAT-012,32591.85,Departmental,REG-08
BUD-202511-DEP-009-CC-120-CAT-002,2025,Q4,November,DEP-009,CC-120,CAT-002,32862.56,Capital,REG-02
BUD-202511-DEP-009-CC-114-CAT-014,2025,Q4,November,DEP-009,CC-114,CAT-014,44804.07,Operating,REG-01
BUD-202511-DEP-009-CC-108-CAT-008,2025,Q4,November,DEP-009,CC-108,CAT-008,62662.84,Operating,REG-04
BUD-202511-DEP-009-CC-109-CAT-014,2025,Q4,November,DEP-009,CC-109,CAT-014,45586.97,Capital,REG-08
BUD-202511-DEP-009-CC-107-CAT-007,2025,Q4,November,DEP-009,CC-107,CAT-007,28256.69,Operating,REG-06
BUD-202511-DEP-009-CC-101-CAT-007,2025,Q4,November,DEP-009,CC-101,CAT-007,25889.1,Operating,REG-03
BUD-202511-DEP-009-CC-104-CAT-011,2025,Q4,November,DEP-009,CC-104,CAT-011,50969.91,Operating,REG-03
BUD-202511-DEP-009-CC-106-CAT-011,2025,Q4,November,DEP-009,CC-106,CAT-011,53451.53,Capital,REG-01
BUD-202511-DEP-009-CC-116-CAT-009,2025,Q4,November,DEP-009,CC-116,CAT-009,46770.73,Operating,REG-04
BUD-202511-DEP-009-CC-102-CAT-012,2025,Q4,November,DEP-009,CC-102,CAT-012,38660.21,Departmental,REG-03
BUD-202511-DEP-009-CC-104-CAT-009,2025,Q4,November,DEP-009,CC-104,CAT-009,45611.35,Operating,REG-07
BUD-202511-DEP-009-CC-105-CAT-002,2025,Q4,November,DEP-009,CC-105,CAT-002,34002.41,Project,REG-04
BUD-202511-DEP-009-CC-112-CAT-007,2025,Q4,November,DEP-009,CC-112,CAT-007,30793.3,Capital,REG-03
BUD-202511-DEP-009-CC-113-CAT-006,2025,Q4,November,DEP-009,CC-113,CAT-006,51960.47,Operating,REG-03
BUD-202511-DEP-009-CC-116-CAT-010,2025,Q4,November,DEP-009,CC-116,CAT-010,37483.49,Operating,REG-02
BUD-202511-DEP-009-CC-117-CAT-012,2025,Q4,November,DEP-009,CC-117,CAT-012,33532.82,Operating,REG-01
BUD-202511-DEP-009-CC-120-CAT-010,2025,Q4,November,DEP-009,CC-120,CAT-010,39982.63,Operating,REG-04
BUD-202511-DEP-009-CC-106-CAT-007,2025,Q4,November,DEP-009,CC-106,CAT-007,26432.29,Operating,REG-01
BUD-202511-DEP-009-CC-119-CAT-005,2025,Q4,November,DEP-009,CC-119,CAT-005,44014.77,Project,REG-05
BUD-202511-DEP-009-CC-102-CAT-001,2025,Q4,November,DEP-009,CC-102,CAT-001,59338.09,Operating,REG-04
BUD-202511-DEP-009-CC-105-CAT-012,2025,Q4,November,DEP-009,CC-105,CAT-012,35260.68,Operating,REG-07
BUD-202511-DEP-009-CC-103-CAT-011,2025,Q4,November,DEP-009,CC-103,CAT-011,46243.38,Departmental,REG-08
BUD-202511-DEP-009-CC-119-CAT-007,2025,Q4,November,DEP-009,CC-119,CAT-007,31326.12,Operating,REG-02
BUD-202511-DEP-009-CC-112-CAT-010,2025,Q4,November,DEP-009,CC-112,CAT-010,35016.93,Operating,REG-03
BUD-202511-DEP-009-CC-112-CAT-015,2025,Q4,November,DEP-009,CC-112,CAT-015,43724.93,Operating,REG-07
BUD-202511-DEP-009-CC-105-CAT-008,2025,Q4,November,DEP-009,CC-105,CAT-008,63741.16,Operating,REG-05
BUD-202511-DEP-009-CC-102-CAT-015,2025,Q4,November,DEP-009,CC-102,CAT-015,49660.35,Operating,REG-05
BUD-202511-DEP-009-CC-103-CAT-002,2025,Q4,November,DEP-009,CC-103,CAT-002,36233.52,Operating,REG-07
BUD-202511-DEP-009-CC-115-CAT-007,2025,Q4,November,DEP-009,CC-115,CAT-007,32603.56,Capital,REG-01
BUD-202511-DEP-009-CC-108-CAT-012,2025,Q4,November,DEP-009,CC-108,CAT-012,32404.37,Operating,REG-05
BUD-202511-DEP-009-CC-102-CAT-014,2025,Q4,November,DEP-009,CC-102,CAT-014,43022.05,Operating,REG-05
BUD-202511-DEP-009-CC-109-CAT-010,2025,Q4,November,DEP-009,CC-109,CAT-010,35483.81,Operating,REG-07
BUD-202511-DEP-009-CC-111-CAT-011,2025,Q4,November,DEP-009,CC-111,CAT-011,54389.55,Operating,REG-05
BUD-202511-DEP-009-CC-102-CAT-009,2025,Q4,November,DEP-009,CC-102,CAT-009,39870.22,Capital,REG-07
BUD-202511-DEP-009-CC-107-CAT-015,2025,Q4,November,DEP-009,CC-107,CAT-015,46457.82,Operating,REG-06
BUD-202511-DEP-009-CC-117-CAT-009,2025,Q4,November,DEP-009,CC-117,CAT-009,43196.95,Project,REG-07
BUD-202511-DEP-009-CC-104-CAT-007,2025,Q4,November,DEP-009,CC-104,CAT-007,32445.01,Operating,REG-07
BUD-202511-DEP-009-CC-107-CAT-007,2025,Q4,November,DEP-009,CC-107,CAT-007,27554.09,Operating,REG-03
BUD-202511-DEP-010-CC-120-CAT-002,2025,Q4,November,DEP-010,CC-120,CAT-002,21207.2,Capital,REG-01
BUD-202511-DEP-010-CC-120-CAT-004,2025,Q4,November,DEP-010,CC-120,CAT-004,45505.61,Operating,REG-06
BUD-202511-DEP-010-CC-112-CAT-011,2025,Q4,November,DEP-010,CC-112,CAT-011,29956.02,Project,REG-07
BUD-202511-DEP-010-CC-102-CAT-003,2025,Q4,November,DEP-010,CC-102,CAT-003,30652.82,Operating,REG-05
BUD-202511-DEP-010-CC-112-CAT-014,2025,Q4,November,DEP-010,CC-112,CAT-014,28399.74,Operating,REG-06
BUD-202511-DEP-010-CC-111-CAT-015,2025,Q4,November,DEP-010,CC-111,CAT-015,29295.05,Operating,REG-04
BUD-202511-DEP-010-CC-106-CAT-004,2025,Q4,November,DEP-010,CC-106,CAT-004,45527.38,Departmental,REG-07
BUD-202511-DEP-010-CC-105-CAT-015,2025,Q4,November,DEP-010,CC-105,CAT-015,27844.26,Operating,REG-02
BUD-202511-DEP-010-CC-117-CAT-015,2025,Q4,November,DEP-010,CC-117,CAT-015,34613.11,Project,REG-05
BUD-202511-DEP-010-CC-118-CAT-009,2025,Q4,November,DEP-010,CC-118,CAT-009,24497.25,Operating,REG-04
BUD-202511-DEP-010-CC-103-CAT-014,2025,Q4,November,DEP-010,CC-103,CAT-014,28704.8,Operating,REG-03
BUD-202511-DEP-010-CC-111-CAT-001,2025,Q4,November,DEP-010,CC-111,CAT-001,34786.21,Departmental,REG-08
BUD-202511-DEP-010-CC-112-CAT-014,2025,Q4,November,DEP-010,CC-112,CAT-014,25659.83,Project,REG-06
BUD-202511-DEP-010-CC-115-CAT-007,2025,Q4,November,DEP-010,CC-115,CAT-007,16664.4,Departmental,REG-06
BUD-202511-DEP-010-CC-102-CAT-011,2025,Q4,November,DEP-010,CC-102,CAT-011,30522.94,Operating,REG-08
BUD-202511-DEP-010-CC-108-CAT-008,2025,Q4,November,DEP-010,CC-108,CAT-008,43791.95,Operating,REG-01
BUD-202511-DEP-010-CC-119-CAT-007,2025,Q4,November,DEP-010,CC-119,CAT-007,17236.39,Departmental,REG-06
BUD-202511-DEP-010-CC-104-CAT-013,2025,Q4,November,DEP-010,CC-104,CAT-013,31142.64,Operating,REG-07
BUD-202511-DEP-010-CC-105-CAT-003,2025,Q4,November,DEP-010,CC-105,CAT-003,32316.36,Capital,REG-01
BUD-202511-DEP-010-CC-119-CAT-006,2025,Q4,November,DEP-010,CC-119,CAT-006,30506.12,Operating,REG-04
BUD-202511-DEP-010-CC-115-CAT-003,2025,Q4,November,DEP-010,CC-115,CAT-003,30979.96,Departmental,REG-07
BUD-202511-DEP-010-CC-104-CAT-014,2025,Q4,November,DEP-010,CC-104,CAT-014,25483.06,Departmental,REG-02
BUD-202511-DEP-010-CC-107-CAT-013,2025,Q4,November,DEP-010,CC-107,CAT-013,32359.14,Project,REG-06
BUD-202511-DEP-010-CC-116-CAT-015,2025,Q4,November,DEP-010,CC-116,CAT-015,32196.06,Operating,REG-02
BUD-202511-DEP-010-CC-108-CAT-002,2025,Q4,November,DEP-010,CC-108,CAT-002,23784.28,Project,REG-08
BUD-202511-DEP-010-CC-118-CAT-015,2025,Q4,November,DEP-010,CC-118,CAT-015,32772.12,Project,REG-02
BUD-202511-DEP-010-CC-119-CAT-009,2025,Q4,November,DEP-010,CC-119,CAT-009,27398.12,Operating,REG-01
BUD-202511-DEP-010-CC-118-CAT-003,2025,Q4,November,DEP-010,CC-118,CAT-003,28272.29,Departmental,REG-08
BUD-202511-DEP-010-CC-114-CAT-011,2025,Q4,November,DEP-010,CC-114,CAT-011,29501.56,Departmental,REG-05
BUD-202511-DEP-010-CC-115-CAT-004,2025,Q4,November,DEP-010,CC-115,CAT-004,45791.95,Capital,REG-02
BUD-202511-DEP-010-CC-101-CAT-009,2025,Q4,November,DEP-010,CC-101,CAT-009,25570.36,Capital,REG-05
BUD-202511-DEP-010-CC-116-CAT-004,2025,Q4,November,DEP-010,CC-116,CAT-004,42649.46,Operating,REG-03
BUD-202511-DEP-010-CC-112-CAT-015,2025,Q4,November,DEP-010,CC-112,CAT-015,30616.31,Operating,REG-05
BUD-202511-DEP-010-CC-112-CAT-012,2025,Q4,November,DEP-010,CC-112,CAT-012,22037.79,Operating,REG-02
BUD-202511-DEP-010-CC-109-CAT-012,2025,Q4,November,DEP-010,CC-109,CAT-012,20209.87,Operating,REG-03
BUD-202511-DEP-010-CC-110-CAT-010,2025,Q4,November,DEP-010,CC-110,CAT-010,24698.19,Departmental,REG-08
BUD-202511-DEP-010-CC-112-CAT-006,2025,Q4,November,DEP-010,CC-112,CAT-006,29795.36,Operating,REG-08
BUD-202511-DEP-010-CC-117-CAT-002,2025,Q4,November,DEP-010,CC-117,CAT-002,20977.7,Project,REG-06
BUD-202511-DEP-010-CC-105-CAT-011,2025,Q4,November,DEP-010,CC-105,CAT-011,32101.79,Operating,REG-01
BUD-202511-DEP-010-CC-115-CAT-011,2025,Q4,November,DEP-010,CC-115,CAT-011,36052.26,Operating,REG-05
BUD-202511-DEP-010-CC-120-CAT-008,2025,Q4,November,DEP-010,CC-120,CAT-008,39350.77,Operating,REG-02
BUD-202510-DEP-001-CC-114-CAT-014,2025,Q4,October,DEP-001,CC-114,CAT-014,33208.34,Project,REG-05
BUD-202510-DEP-001-CC-110-CAT-009,2025,Q4,October,DEP-001,CC-110,CAT-009,32848.47,Project,REG-02
BUD-202510-DEP-001-CC-115-CAT-010,2025,Q4,October,DEP-001,CC-115,CAT-010,28249.91,Departmental,REG-03
BUD-202510-DEP-001-CC-117-CAT-015,2025,Q4,October,DEP-001,CC-117,CAT-015,31788.54,Operating,REG-02
BUD-202510-DEP-001-CC-115-CAT-001,2025,Q4,October,DEP-001,CC-115,CAT-001,37671.83,Operating,REG-04
BUD-202510-DEP-001-CC-114-CAT-009,2025,Q4,October,DEP-001,CC-114,CAT-009,29955.67,Project,REG-04
BUD-202510-DEP-001-CC-119-CAT-007,2025,Q4,October,DEP-001,CC-119,CAT-007,20918.11,Capital,REG-01
BUD-202510-DEP-001-CC-119-CAT-012,2025,Q4,October,DEP-001,CC-119,CAT-012,27050.1,Operating,REG-06
BUD-202510-DEP-001-CC-113-CAT-010,2025,Q4,October,DEP-001,CC-113,CAT-010,25598.08,Capital,REG-02
BUD-202510-DEP-001-CC-112-CAT-002,2025,Q4,October,DEP-001,CC-112,CAT-002,24942.82,Operating,REG-08
BUD-202510-DEP-001-CC-111-CAT-003,2025,Q4,October,DEP-001,CC-111,CAT-003,32984.51,Operating,REG-02
BUD-202510-DEP-001-CC-107-CAT-014,2025,Q4,October,DEP-001,CC-107,CAT-014,34590.99,Capital,REG-03
BUD-202510-DEP-001-CC-114-CAT-011,2025,Q4,October,DEP-001,CC-114,CAT-011,32970.88,Project,REG-04
BUD-202510-DEP-001-CC-118-CAT-007,2025,Q4,October,DEP-001,CC-118,CAT-007,22691.87,Project,REG-07
BUD-202510-DEP-001-CC-115-CAT-011,2025,Q4,October,DEP-001,CC-115,CAT-011,34253.32,Capital,REG-01
BUD-202510-DEP-001-CC-114-CAT-013,2025,Q4,October,DEP-001,CC-114,CAT-013,44230.77,Capital,REG-03
BUD-202510-DEP-001-CC-120-CAT-001,2025,Q4,October,DEP-001,CC-120,CAT-001,44509.27,Departmental,REG-05
BUD-202510-DEP-001-CC-118-CAT-008,2025,Q4,October,DEP-001,CC-118,CAT-008,39883.18,Project,REG-04
BUD-202510-DEP-001-CC-104-CAT-004,2025,Q4,October,DEP-001,CC-104,CAT-004,46047.58,Operating,REG-02
BUD-202510-DEP-001-CC-108-CAT-009,2025,Q4,October,DEP-001,CC-108,CAT-009,29290.31,Departmental,REG-05
BUD-202510-DEP-001-CC-120-CAT-013,2025,Q4,October,DEP-001,CC-120,CAT-013,43997.75,Departmental,REG-03
BUD-202510-DEP-001-CC-117-CAT-013,2025,Q4,October,DEP-001,CC-117,CAT-013,37161.93,Capital,REG-01
BUD-202510-DEP-001-CC-107-CAT-015,2025,Q4,October,DEP-001,CC-107,CAT-015,34554.31,Operating,REG-03
BUD-202510-DEP-001-CC-108-CAT-002,2025,Q4,October,DEP-001,CC-108,CAT-002,24995.84,Departmental,REG-02
BUD-202510-DEP-001-CC-108-CAT-015,2025,Q4,October,DEP-001,CC-108,CAT-015,37404.08,Operating,REG-06
BUD-202510-DEP-001-CC-117-CAT-008,2025,Q4,October,DEP-001,CC-117,CAT-008,43340.46,Operating,REG-05
BUD-202510-DEP-001-CC-111-CAT-012,2025,Q4,October,DEP-001,CC-111,CAT-012,25637.66,Capital,REG-01
BUD-202510-DEP-001-CC-104-CAT-006,2025,Q4,October,DEP-001,CC-104,CAT-006,35496.35,Operating,REG-01
BUD-202510-DEP-001-CC-117-CAT-005,2025,Q4,October,DEP-001,CC-117,CAT-005,31653.59,Operating,REG-01
BUD-202510-DEP-001-CC-110-CAT-003,2025,Q4,October,DEP-001,CC-110,CAT-003,33193.51,Operating,REG-03
BUD-202510-DEP-001-CC-106-CAT-007,2025,Q4,October,DEP-001,CC-106,CAT-007,19410.44,Project,REG-04
BUD-202510-DEP-001-CC-117-CAT-003,2025,Q4,October,DEP-001,CC-117,CAT-003,33237.74,Capital,REG-05
BUD-202510-DEP-001-CC-110-CAT-002,2025,Q4,October,DEP-001,CC-110,CAT-002,23063.46,Operating,REG-04
BUD-202510-DEP-001-CC-101-CAT-015,2025,Q4,October,DEP-001,CC-101,CAT-015,36457.09,Departmental,REG-03
BUD-202510-DEP-001-CC-105-CAT-009,2025,Q4,October,DEP-001,CC-105,CAT-009,27205.38,Project,REG-07
BUD-202510-DEP-001-CC-116-CAT-014,2025,Q4,October,DEP-001,CC-116,CAT-014,35871.03,Departmental,REG-03
BUD-202510-DEP-001-CC-116-CAT-004,2025,Q4,October,DEP-001,CC-116,CAT-004,49464.72,Operating,REG-05
BUD-202510-DEP-001-CC-101-CAT-011,2025,Q4,October,DEP-001,CC-101,CAT-011,39021.67,Operating,REG-08
BUD-202510-DEP-001-CC-116-CAT-005,2025,Q4,October,DEP-001,CC-116,CAT-005,31132.22,Project,REG-03
BUD-202510-DEP-001-CC-117-CAT-014,2025,Q4,October,DEP-001,CC-117,CAT-014,34314.82,Departmental,REG-08
BUD-202510-DEP-001-CC-112-CAT-008,2025,Q4,October,DEP-001,CC-112,CAT-008,48909.85,Project,REG-06
BUD-202510-DEP-001-CC-108-CAT-005,2025,Q4,October,DEP-001,CC-108,CAT-005,30559.52,Project,REG-05
BUD-202510-DEP-001-CC-108-CAT-014,2025,Q4,October,DEP-001,CC-108,CAT-014,29954.68,Operating,REG-08
BUD-202510-DEP-002-CC-115-CAT-011,2025,Q4,October,DEP-002,CC-115,CAT-011,24055.7,Departmental,REG-04
BUD-202510-DEP-002-CC-110-CAT-012,2025,Q4,October,DEP-002,CC-110,CAT-012,20030.87,Operating,REG-08
BUD-202510-DEP-002-CC-102-CAT-007,2025,Q4,October,DEP-002,CC-102,CAT-007,16290.87,Project,REG-05
BUD-202510-DEP-002-CC-108-CAT-007,2025,Q4,October,DEP-002,CC-108,CAT-007,13709.49,Capital,REG-03
BUD-202510-DEP-002-CC-117-CAT-002,2025,Q4,October,DEP-002,CC-117,CAT-002,16134.02,Departmental,REG-06
BUD-202510-DEP-002-CC-117-CAT-009,2025,Q4,October,DEP-002,CC-117,CAT-009,22328.89,Operating,REG-04
BUD-202510-DEP-002-CC-109-CAT-015,2025,Q4,October,DEP-002,CC-109,CAT-015,25425.29,Capital,REG-08
BUD-202510-DEP-002-CC-104-CAT-010,2025,Q4,October,DEP-002,CC-104,CAT-010,21605.13,Operating,REG-06
BUD-202510-DEP-002-CC-112-CAT-001,2025,Q4,October,DEP-002,CC-112,CAT-001,31931.75,Operating,REG-08
BUD-202510-DEP-002-CC-118-CAT-007,2025,Q4,October,DEP-002,CC-118,CAT-007,15642.6,Operating,REG-08
BUD-202510-DEP-002-CC-108-CAT-003,2025,Q4,October,DEP-002,CC-108,CAT-003,24057.22,Capital,REG-03
BUD-202510-DEP-002-CC-108-CAT-014,2025,Q4,October,DEP-002,CC-108,CAT-014,23149.98,Operating,REG-02
BUD-202510-DEP-002-CC-118-CAT-013,2025,Q4,October,DEP-002,CC-118,CAT-013,28262.98,Capital,REG-06
BUD-202510-DEP-002-CC-110-CAT-014,2025,Q4,October,DEP-002,CC-110,CAT-014,20973.83,Capital,REG-01
BUD-202510-DEP-002-CC-118-CAT-005,2025,Q4,October,DEP-002,CC-118,CAT-005,18413.36,Operating,REG-07
BUD-202510-DEP-002-CC-106-CAT-005,2025,Q4,October,DEP-002,CC-106,CAT-005,21493.64,Operating,REG-01
BUD-202510-DEP-002-CC-104-CAT-014,2025,Q4,October,DEP-002,CC-104,CAT-014,24658.9,Operating,REG-06
BUD-202510-DEP-002-CC-118-CAT-014,2025,Q4,October,DEP-002,CC-118,CAT-014,20354.28,Capital,REG-04
BUD-202510-DEP-002-CC-101-CAT-009,2025,Q4,October,DEP-002,CC-101,CAT-009,21988.7,Capital,REG-04
BUD-202510-DEP-002-CC-103-CAT-014,2025,Q4,October,DEP-002,CC-103,CAT-014,20770.67,Operating,REG-05
BUD-202510-DEP-002-CC-109-CAT-007,2025,Q4,October,DEP-002,CC-109,CAT-007,13781.49,Operating,REG-01
BUD-202510-DEP-002-CC-120-CAT-013,2025,Q4,October,DEP-002,CC-120,CAT-013,27885.91,Departmental,REG-08
BUD-202510-DEP-002-CC-108-CAT-003,2025,Q4,October,DEP-002,CC-108,CAT-003,26157.35,Departmental,REG-05
BUD-202510-DEP-002-CC-101-CAT-011,2025,Q4,October,DEP-002,CC-101,CAT-011,25216.13,Operating,REG-05
BUD-202510-DEP-002-CC-108-CAT-003,2025,Q4,October,DEP-002,CC-108,CAT-003,24080.83,Operating,REG-06
BUD-202510-DEP-002-CC-109-CAT-010,2025,Q4,October,DEP-002,CC-109,CAT-010,20699.04,Departmental,REG-06
BUD-202510-DEP-002-CC-107-CAT-008,2025,Q4,October,DEP-002,CC-107,CAT-008,29992.54,Operating,REG-03
BUD-202510-DEP-002-CC-112-CAT-003,2025,Q4,October,DEP-002,CC-112,CAT-003,25685.28,Departmental,REG-03
BUD-202510-DEP-002-CC-107-CAT-001,2025,Q4,October,DEP-002,CC-107,CAT-001,26392.82,Project,REG-02
BUD-202510-DEP-002-CC-110-CAT-013,2025,Q4,October,DEP-002,CC-110,CAT-013,30769.09,Operating,REG-04
BUD-202510-DEP-002-CC-108-CAT-014,2025,Q4,October,DEP-002,CC-108,CAT-014,24905.75,Capital,REG-08
BUD-202510-DEP-002-CC-119-CAT-002,2025,Q4,October,DEP-002,CC-119,CAT-002,18336.31,Operating,REG-06
BUD-202510-DEP-002-CC-104-CAT-014,2025,Q4,October,DEP-002,CC-104,CAT-014,21228.85,Operating,REG-08
BUD-202510-DEP-002-CC-106-CAT-010,2025,Q4,October,DEP-002,CC-106,CAT-010,19070.19,Departmental,REG-08
BUD-202510-DEP-002-CC-109-CAT-011,2025,Q4,October,DEP-002,CC-109,CAT-011,25620.16,Operating,REG-08
BUD-202510-DEP-002-CC-101-CAT-002,2025,Q4,October,DEP-002,CC-101,CAT-002,18866.75,Operating,REG-02
BUD-202510-DEP-002-CC-101-CAT-003,2025,Q4,October,DEP-002,CC-101,CAT-003,21210.37,Capital,REG-02
BUD-202510-DEP-002-CC-107-CAT-013,2025,Q4,October,DEP-002,CC-107,CAT-013,25400.07,Project,REG-01
BUD-202510-DEP-002-CC-116-CAT-005,2025,Q4,October,DEP-002,CC-116,CAT-005,18576.48,Departmental,REG-07
BUD-202510-DEP-002-CC-102-CAT-014,2025,Q4,October,DEP-002,CC-102,CAT-014,23246.52,Capital,REG-08
BUD-202510-DEP-002-CC-109-CAT-014,2025,Q4,October,DEP-002,CC-109,CAT-014,20848.65,Project,REG-06
BUD-202510-DEP-002-CC-106-CAT-006,2025,Q4,October,DEP-002,CC-106,CAT-006,26040.93,Operating,REG-08
BUD-202510-DEP-002-CC-115-CAT-008,2025,Q4,October,DEP-002,CC-115,CAT-008,34921.74,Operating,REG-02
BUD-202510-DEP-002-CC-115-CAT-008,2025,Q4,October,DEP-002,CC-115,CAT-008,35052.42,Departmental,REG-02
BUD-202510-DEP-002-CC-108-CAT-001,2025,Q4,October,DEP-002,CC-108,CAT-001,26270.72,Capital,REG-06
BUD-202510-DEP-002-CC-105-CAT-006,2025,Q4,October,DEP-002,CC-105,CAT-006,27314.6,Capital,REG-06
BUD-202510-DEP-002-CC-117-CAT-008,2025,Q4,October,DEP-002,CC-117,CAT-008,30502.92,Project,REG-02
BUD-202510-DEP-002-CC-104-CAT-012,2025,Q4,October,DEP-002,CC-104,CAT-012,16785.82,Departmental,REG-06
BUD-202510-DEP-002-CC-101-CAT-014,2025,Q4,October,DEP-002,CC-101,CAT-014,24697.66,Operating,REG-07
BUD-202510-DEP-002-CC-111-CAT-006,2025,Q4,October,DEP-002,CC-111,CAT-006,25064.03,Operating,REG-02
BUD-202510-DEP-002-CC-112-CAT-012,2025,Q4,October,DEP-002,CC-112,CAT-012,19161.53,Operating,REG-01
BUD-202510-DEP-002-CC-111-CAT-011,2025,Q4,October,DEP-002,CC-111,CAT-011,23268.39,Capital,REG-07
BUD-202510-DEP-003-CC-109-CAT-012,2025,Q4,October,DEP-003,CC-109,CAT-012,34165.63,Departmental,REG-02
BUD-202510-DEP-003-CC-107-CAT-003,2025,Q4,October,DEP-003,CC-107,CAT-003,39143.58,Capital,REG-01
BUD-202510-DEP-003-CC-111-CAT-008,2025,Q4,October,DEP-003,CC-111,CAT-008,57291.27,Operating,REG-06
BUD-202510-DEP-003-CC-101-CAT-007,2025,Q4,October,DEP-003,CC-101,CAT-007,26699.1,Operating,REG-05
BUD-202510-DEP-003-CC-106-CAT-007,2025,Q4,October,DEP-003,CC-106,CAT-007,22438.4,Operating,REG-07
BUD-202510-DEP-003-CC-105-CAT-010,2025,Q4,October,DEP-003,CC-105,CAT-010,32924.01,Project,REG-05
BUD-202510-DEP-003-CC-110-CAT-009,2025,Q4,October,DEP-003,CC-110,CAT-009,33498.85,Departmental,REG-07
BUD-202510-DEP-003-CC-111-CAT-004,2025,Q4,October,DEP-003,CC-111,CAT-004,54024.77,Operating,REG-03
BUD-202510-DEP-003-CC-105-CAT-013,2025,Q4,October,DEP-003,CC-105,CAT-013,47156.08,Operating,REG-07
BUD-202510-DEP-003-CC-118-CAT-008,2025,Q4,October,DEP-003,CC-118,CAT-008,58390.37,Capital,REG-02
BUD-202510-DEP-003-CC-103-CAT-012,2025,Q4,October,DEP-003,CC-103,CAT-012,29881.92,Capital,REG-03
BUD-202510-DEP-003-CC-109-CAT-005,2025,Q4,October,DEP-003,CC-109,CAT-005,34884.72,Operating,REG-06
BUD-202510-DEP-003-CC-101-CAT-006,2025,Q4,October,DEP-003,CC-101,CAT-006,43392.87,Operating,REG-01
BUD-202510-DEP-003-CC-113-CAT-012,2025,Q4,October,DEP-003,CC-113,CAT-012,29276.24,Operating,REG-03
BUD-202510-DEP-003-CC-119-CAT-013,2025,Q4,October,DEP-003,CC-119,CAT-013,41315.05,Operating,REG-06
BUD-202510-DEP-003-CC-115-CAT-009,2025,Q4,October,DEP-003,CC-115,CAT-009,32166.79,Capital,REG-03
BUD-202510-DEP-003-CC-108-CAT-009,2025,Q4,October,DEP-003,CC-108,CAT-009,35677.38,Capital,REG-04
BUD-202510-DEP-003-CC-108-CAT-015,2025,Q4,October,DEP-003,CC-108,CAT-015,37424.66,Operating,REG-01
BUD-202510-DEP-003-CC-112-CAT-003,2025,Q4,October,DEP-003,CC-112,CAT-003,36073.11,Project,REG-06
BUD-202510-DEP-003-CC-104-CAT-001,2025,Q4,October,DEP-003,CC-104,CAT-001,48752.33,Operating,REG-01
BUD-202510-DEP-003-CC-120-CAT-009,2025,Q4,October,DEP-003,CC-120,CAT-009,38484.92,Operating,REG-06
BUD-202510-DEP-003-CC-110-CAT-009,2025,Q4,October,DEP-003,CC-110,CAT-009,37064.4,Project,REG-07
BUD-202510-DEP-003-CC-112-CAT-008,2025,Q4,October,DEP-003,CC-112,CAT-008,51801.78,Capital,REG-07
BUD-202510-DEP-003-CC-106-CAT-001,2025,Q4,October,DEP-003,CC-106,CAT-001,54276.76,Departmental,REG-01
BUD-202510-DEP-003-CC-119-CAT-002,2025,Q4,October,DEP-003,CC-119,CAT-002,26398.29,Operating,REG-03
BUD-202510-DEP-003-CC-120-CAT-004,2025,Q4,October,DEP-003,CC-120,CAT-004,51073.61,Project,REG-05
BUD-202510-DEP-003-CC-115-CAT-011,2025,Q4,October,DEP-003,CC-115,CAT-011,38626.34,Operating,REG-03
BUD-202510-DEP-003-CC-112-CAT-004,2025,Q4,October,DEP-003,CC-112,CAT-004,64030.33,Project,REG-06
BUD-202510-DEP-003-CC-102-CAT-006,2025,Q4,October,DEP-003,CC-102,CAT-006,42794.13,Departmental,REG-05
BUD-202510-DEP-003-CC-117-CAT-013,2025,Q4,October,DEP-003,CC-117,CAT-013,51893.64,Operating,REG-04
BUD-202510-DEP-003-CC-111-CAT-005,2025,Q4,October,DEP-003,CC-111,CAT-005,36831.67,Operating,REG-04
BUD-202510-DEP-004-CC-120-CAT-007,2025,Q4,October,DEP-004,CC-120,CAT-007,17607.82,Operating,REG-07
BUD-202510-DEP-004-CC-109-CAT-005,2025,Q4,October,DEP-004,CC-109,CAT-005,23458.45,Operating,REG-05
BUD-202510-DEP-004-CC-104-CAT-005,2025,Q4,October,DEP-004,CC-104,CAT-005,22230.77,Departmental,REG-01
BUD-202510-DEP-004-CC-101-CAT-015,2025,Q4,October,DEP-004,CC-101,CAT-015,28897.26,Departmental,REG-05
BUD-202510-DEP-004-CC-115-CAT-002,2025,Q4,October,DEP-004,CC-115,CAT-002,18520.81,Operating,REG-03
BUD-202510-DEP-004-CC-104-CAT-013,2025,Q4,October,DEP-004,CC-104,CAT-013,28366.7,Operating,REG-06
BUD-202510-DEP-004-CC-104-CAT-008,2025,Q4,October,DEP-004,CC-104,CAT-008,34990.05,Project,REG-03
BUD-202510-DEP-004-CC-113-CAT-011,2025,Q4,October,DEP-004,CC-113,CAT-011,30467.53,Operating,REG-02
BUD-202510-DEP-004-CC-105-CAT-013,2025,Q4,October,DEP-004,CC-105,CAT-013,31520.77,Operating,REG-02
BUD-202510-DEP-004-CC-119-CAT-008,2025,Q4,October,DEP-004,CC-119,CAT-008,34886.1,Operating,REG-01
BUD-202510-DEP-004-CC-120-CAT-007,2025,Q4,October,DEP-004,CC-120,CAT-007,17835.61,Project,REG-07
BUD-202510-DEP-004-CC-111-CAT-001,2025,Q4,October,DEP-004,CC-111,CAT-001,32989.11,Operating,REG-05
BUD-202510-DEP-004-CC-109-CAT-011,2025,Q4,October,DEP-004,CC-109,CAT-011,30642.25,Capital,REG-08
BUD-202510-DEP-004-CC-118-CAT-009,2025,Q4,October,DEP-004,CC-118,CAT-009,25412.24,Operating,REG-02
BUD-202510-DEP-004-CC-111-CAT-012,2025,Q4,October,DEP-004,CC-111,CAT-012,23109.37,Operating,REG-02
BUD-202510-DEP-004-CC-103-CAT-012,2025,Q4,October,DEP-004,CC-103,CAT-012,18587.24,Project,REG-02
BUD-202510-DEP-004-CC-119-CAT-004,2025,Q4,October,DEP-004,CC-119,CAT-004,41703.34,Operating,REG-07
BUD-202510-DEP-004-CC-102-CAT-008,2025,Q4,October,DEP-004,CC-102,CAT-008,31587.9,Departmental,REG-04
BUD-202510-DEP-004-CC-113-CAT-007,2025,Q4,October,DEP-004,CC-113,CAT-007,17745.59,Capital,REG-08
BUD-202510-DEP-004-CC-117-CAT-013,2025,Q4,October,DEP-004,CC-117,CAT-013,31740.03,Operating,REG-04
BUD-202510-DEP-004-CC-112-CAT-007,2025,Q4,October,DEP-004,CC-112,CAT-007,15286.48,Operating,REG-06
BUD-202510-DEP-004-CC-103-CAT-004,2025,Q4,October,DEP-004,CC-103,CAT-004,37523.19,Operating,REG-04
BUD-202510-DEP-004-CC-119-CAT-011,2025,Q4,October,DEP-004,CC-119,CAT-011,29589.11,Operating,REG-08
BUD-202510-DEP-004-CC-120-CAT-014,2025,Q4,October,DEP-004,CC-120,CAT-014,23448.57,Capital,REG-06
BUD-202510-DEP-004-CC-109-CAT-002,2025,Q4,October,DEP-004,CC-109,CAT-002,18780.74,Operating,REG-08
BUD-202510-DEP-004-CC-117-CAT-014,2025,Q4,October,DEP-004,CC-117,CAT-014,24551.61,Operating,REG-05
BUD-202510-DEP-004-CC-119-CAT-012,2025,Q4,October,DEP-004,CC-119,CAT-012,20390.17,Departmental,REG-04
BUD-202510-DEP-004-CC-118-CAT-002,2025,Q4,October,DEP-004,CC-118,CAT-002,17756.44,Operating,REG-04
BUD-202510-DEP-004-CC-107-CAT-012,2025,Q4,October,DEP-004,CC-107,CAT-012,19202.26,Operating,REG-03
BUD-202510-DEP-004-CC-111-CAT-015,2025,Q4,October,DEP-004,CC-111,CAT-015,25536.91,Project,REG-06
BUD-202510-DEP-004-CC-115-CAT-001,2025,Q4,October,DEP-004,CC-115,CAT-001,31203.51,Operating,REG-07
BUD-202510-DEP-005-CC-104-CAT-008,2025,Q4,October,DEP-005,CC-104,CAT-008,37278.32,Operating,REG-04
BUD-202510-DEP-005-CC-112-CAT-001,2025,Q4,October,DEP-005,CC-112,CAT-001,40957.91,Operating,REG-08
BUD-202510-DEP-005-CC-119-CAT-007,2025,Q4,October,DEP-005,CC-119,CAT-007,21622.78,Operating,REG-03
BUD-202510-DEP-005-CC-106-CAT-015,2025,Q4,October,DEP-005,CC-106,CAT-015,29630.51,Operating,REG-02
BUD-202510-DEP-005-CC-118-CAT-002,2025,Q4,October,DEP-005,CC-118,CAT-002,24300.81,Operating,REG-01
BUD-202510-DEP-005-CC-103-CAT-001,2025,Q4,October,DEP-005,CC-103,CAT-001,38741.71,Operating,REG-01
BUD-202510-DEP-005-CC-107-CAT-004,2025,Q4,October,DEP-005,CC-107,CAT-004,45504.06,Operating,REG-03
BUD-202510-DEP-005-CC-119-CAT-008,2025,Q4,October,DEP-005,CC-119,CAT-008,36652.16,Capital,REG-03
BUD-202510-DEP-005-CC-106-CAT-007,2025,Q4,October,DEP-005,CC-106,CAT-007,21067.4,Departmental,REG-03
BUD-202510-DEP-005-CC-109-CAT-012,2025,Q4,October,DEP-005,CC-109,CAT-012,22541.59,Operating,REG-07
BUD-202510-DEP-005-CC-106-CAT-003,2025,Q4,October,DEP-005,CC-106,CAT-003,32148.64,Operating,REG-03
BUD-202510-DEP-005-CC-114-CAT-007,2025,Q4,October,DEP-005,CC-114,CAT-007,21264.31,Capital,REG-04
BUD-202510-DEP-005-CC-104-CAT-011,2025,Q4,October,DEP-005,CC-104,CAT-011,36824.25,Project,REG-08
BUD-202510-DEP-005-CC-119-CAT-007,2025,Q4,October,DEP-005,CC-119,CAT-007,18376.5,Operating,REG-04
BUD-202510-DEP-005-CC-109-CAT-009,2025,Q4,October,DEP-005,CC-109,CAT-009,25217.14,Capital,REG-06
BUD-202510-DEP-005-CC-101-CAT-002,2025,Q4,October,DEP-005,CC-101,CAT-002,20132.0,Operating,REG-03
BUD-202510-DEP-005-CC-111-CAT-014,2025,Q4,October,DEP-005,CC-111,CAT-014,28751.51,Operating,REG-02
BUD-202510-DEP-005-CC-118-CAT-006,2025,Q4,October,DEP-005,CC-118,CAT-006,33634.32,Project,REG-06
BUD-202510-DEP-005-CC-103-CAT-011,2025,Q4,October,DEP-005,CC-103,CAT-011,35222.96,Operating,REG-02
BUD-202510-DEP-005-CC-111-CAT-013,2025,Q4,October,DEP-005,CC-111,CAT-013,36106.92,Operating,REG-02
BUD-202510-DEP-005-CC-107-CAT-005,2025,Q4,October,DEP-005,CC-107,CAT-005,29248.25,Capital,REG-03
BUD-202510-DEP-005-CC-101-CAT-002,2025,Q4,October,DEP-005,CC-101,CAT-002,25167.73,Operating,REG-07
BUD-202510-DEP-005-CC-112-CAT-011,2025,Q4,October,DEP-005,CC-112,CAT-011,31066.91,Departmental,REG-06
BUD-202510-DEP-005-CC-117-CAT-010,2025,Q4,October,DEP-005,CC-117,CAT-010,27398.88,Operating,REG-03
BUD-202510-DEP-005-CC-120-CAT-003,2025,Q4,October,DEP-005,CC-120,CAT-003,34788.01,Capital,REG-06
BUD-202510-DEP-005-CC-119-CAT-015,2025,Q4,October,DEP-005,CC-119,CAT-015,36261.94,Operating,REG-03
BUD-202510-DEP-005-CC-112-CAT-009,2025,Q4,October,DEP-005,CC-112,CAT-009,26210.71,Operating,REG-06
BUD-202510-DEP-005-CC-109-CAT-009,2025,Q4,October,DEP-005,CC-109,CAT-009,29733.31,Operating,REG-02
BUD-202510-DEP-005-CC-109-CAT-005,2025,Q4,October,DEP-005,CC-109,CAT-005,24114.87,Operating,REG-01
BUD-202510-DEP-005-CC-109-CAT-007,2025,Q4,October,DEP-005,CC-109,CAT-007,20468.98,Departmental,REG-03
BUD-202510-DEP-005-CC-116-CAT-006,2025,Q4,October,DEP-005,CC-116,CAT-006,37886.65,Departmental,REG-02
BUD-202510-DEP-005-CC-109-CAT-011,2025,Q4,October,DEP-005,CC-109,CAT-011,37491.1,Project,REG-08
BUD-202510-DEP-005-CC-113-CAT-010,2025,Q4,October,DEP-005,CC-113,CAT-010,27134.52,Operating,REG-02
BUD-202510-DEP-005-CC-114-CAT-003,2025,Q4,October,DEP-005,CC-114,CAT-003,33493.81,Capital,REG-02
BUD-202510-DEP-005-CC-115-CAT-011,2025,Q4,October,DEP-005,CC-115,CAT-011,34344.01,Capital,REG-03
BUD-202510-DEP-005-CC-117-CAT-007,2025,Q4,October,DEP-005,CC-117,CAT-007,19257.65,Project,REG-03
BUD-202510-DEP-005-CC-109-CAT-003,2025,Q4,October,DEP-005,CC-109,CAT-003,29910.75,Operating,REG-07
BUD-202510-DEP-005-CC-113-CAT-003,2025,Q4,October,DEP-005,CC-113,CAT-003,28330.07,Operating,REG-02
BUD-202510-DEP-006-CC-117-CAT-012,2025,Q4,October,DEP-006,CC-117,CAT-012,15017.34,Operating,REG-04
BUD-202510-DEP-006-CC-105-CAT-003,2025,Q4,October,DEP-006,CC-105,CAT-003,19238.02,Operating,REG-02
BUD-202510-DEP-006-CC-118-CAT-015,2025,Q4,October,DEP-006,CC-118,CAT-015,20765.62,Capital,REG-07
BUD-202510-DEP-006-CC-111-CAT-004,2025,Q4,October,DEP-006,CC-111,CAT-004,31952.01,Capital,REG-03
BUD-202510-DEP-006-CC-105-CAT-006,2025,Q4,October,DEP-006,CC-105,CAT-006,26693.37,Operating,REG-05
BUD-202510-DEP-006-CC-112-CAT-003,2025,Q4,October,DEP-006,CC-112,CAT-003,23147.75,Capital,REG-06
BUD-202510-DEP-006-CC-111-CAT-004,2025,Q4,October,DEP-006,CC-111,CAT-004,28078.51,Project,REG-04
BUD-202510-DEP-006-CC-105-CAT-009,2025,Q4,October,DEP-006,CC-105,CAT-009,18508.36,Operating,REG-05
BUD-202510-DEP-006-CC-111-CAT-010,2025,Q4,October,DEP-006,CC-111,CAT-010,16374.71,Capital,REG-06
BUD-202510-DEP-006-CC-109-CAT-004,2025,Q4,October,DEP-006,CC-109,CAT-004,27684.85,Capital,REG-07
BUD-202510-DEP-006-CC-103-CAT-005,2025,Q4,October,DEP-006,CC-103,CAT-005,19651.71,Operating,REG-03
BUD-202510-DEP-006-CC-112-CAT-008,2025,Q4,October,DEP-006,CC-112,CAT-008,28582.69,Operating,REG-03
BUD-202510-DEP-006-CC-108-CAT-008,2025,Q4,October,DEP-006,CC-108,CAT-008,30596.79,Operating,REG-02
BUD-202510-DEP-006-CC-104-CAT-006,2025,Q4,October,DEP-006,CC-104,CAT-006,23768.12,Operating,REG-03
BUD-202510-DEP-006-CC-115-CAT-002,2025,Q4,October,DEP-006,CC-115,CAT-002,14985.1,Operating,REG-02
BUD-202510-DEP-006-CC-112-CAT-011,2025,Q4,October,DEP-006,CC-112,CAT-011,21368.9,Operating,REG-01
BUD-202510-DEP-006-CC-118-CAT-015,2025,Q4,October,DEP-006,CC-118,CAT-015,22424.55,Project,REG-02
BUD-202510-DEP-006-CC-105-CAT-004,2025,Q4,October,DEP-006,CC-105,CAT-004,33484.46,Project,REG-06
BUD-202510-DEP-006-CC-117-CAT-013,2025,Q4,October,DEP-006,CC-117,CAT-013,25312.85,Capital,REG-07
BUD-202510-DEP-006-CC-104-CAT-014,2025,Q4,October,DEP-006,CC-104,CAT-014,20617.98,Operating,REG-08
BUD-202510-DEP-006-CC-105-CAT-001,2025,Q4,October,DEP-006,CC-105,CAT-001,27623.81,Departmental,REG-07
BUD-202510-DEP-006-CC-119-CAT-010,2025,Q4,October,DEP-006,CC-119,CAT-010,15946.08,Operating,REG-01
BUD-202510-DEP-006-CC-107-CAT-004,2025,Q4,October,DEP-006,CC-107,CAT-004,31128.41,Operating,REG-08
BUD-202510-DEP-006-CC-110-CAT-013,2025,Q4,October,DEP-006,CC-110,CAT-013,22757.03,Operating,REG-03
BUD-202510-DEP-006-CC-114-CAT-009,2025,Q4,October,DEP-006,CC-114,CAT-009,17119.78,Operating,REG-05
BUD-202510-DEP-006-CC-110-CAT-013,2025,Q4,October,DEP-006,CC-110,CAT-013,25047.96,Operating,REG-05
BUD-202510-DEP-006-CC-111-CAT-008,2025,Q4,October,DEP-006,CC-111,CAT-008,30854.38,Operating,REG-03
BUD-202510-DEP-006-CC-111-CAT-003,2025,Q4,October,DEP-006,CC-111,CAT-003,22431.64,Capital,REG-08
BUD-202510-DEP-006-CC-111-CAT-011,2025,Q4,October,DEP-006,CC-111,CAT-011,21801.85,Project,REG-05
BUD-202510-DEP-006-CC-110-CAT-007,2025,Q4,October,DEP-006,CC-110,CAT-007,15059.83,Capital,REG-03
BUD-202510-DEP-006-CC-107-CAT-003,2025,Q4,October,DEP-006,CC-107,CAT-003,23084.71,Capital,REG-02
BUD-202510-DEP-006-CC-115-CAT-005,2025,Q4,October,DEP-006,CC-115,CAT-005,17065.2,Operating,REG-03
BUD-202510-DEP-006-CC-112-CAT-011,2025,Q4,October,DEP-006,CC-112,CAT-011,20913.58,Departmental,REG-04
BUD-202510-DEP-006-CC-119-CAT-008,2025,Q4,October,DEP-006,CC-119,CAT-008,29589.86,Departmental,REG-02
BUD-202510-DEP-006-CC-119-CAT-014,2025,Q4,October,DEP-006,CC-119,CAT-014,19511.62,Operating,REG-02
BUD-202510-DEP-006-CC-116-CAT-012,2025,Q4,October,DEP-006,CC-116,CAT-012,14721.8,Operating,REG-03
BUD-202510-DEP-007-CC-116-CAT-009,2025,Q4,October,DEP-007,CC-116,CAT-009,34224.6,Capital,REG-06
BUD-202510-DEP-007-CC-115-CAT-006,2025,Q4,October,DEP-007,CC-115,CAT-006,38137.59,Operating,REG-02
BUD-202510-DEP-007-CC-114-CAT-011,2025,Q4,October,DEP-007,CC-114,CAT-011,37208.98,Project,REG-06
BUD-202510-DEP-007-CC-114-CAT-003,2025,Q4,October,DEP-007,CC-114,CAT-003,35584.22,Operating,REG-01
BUD-202510-DEP-007-CC-106-CAT-013,2025,Q4,October,DEP-007,CC-106,CAT-013,48653.45,Capital,REG-08
BUD-202510-DEP-007-CC-103-CAT-005,2025,Q4,October,DEP-007,CC-103,CAT-005,28089.28,Operating,REG-03
BUD-202510-DEP-007-CC-105-CAT-012,2025,Q4,October,DEP-007,CC-105,CAT-012,30244.67,Operating,REG-05
BUD-202510-DEP-007-CC-111-CAT-009,2025,Q4,October,DEP-007,CC-111,CAT-009,29754.74,Project,REG-04
BUD-202510-DEP-007-CC-111-CAT-006,2025,Q4,October,DEP-007,CC-111,CAT-006,46261.59,Departmental,REG-08
BUD-202510-DEP-007-CC-105-CAT-002,2025,Q4,October,DEP-007,CC-105,CAT-002,24485.98,Operating,REG-03
BUD-202510-DEP-007-CC-110-CAT-008,2025,Q4,October,DEP-007,CC-110,CAT-008,48244.03,Operating,REG-02
BUD-202510-DEP-007-CC-120-CAT-012,2025,Q4,October,DEP-007,CC-120,CAT-012,31822.51,Operating,REG-07
BUD-202510-DEP-007-CC-116-CAT-005,2025,Q4,October,DEP-007,CC-116,CAT-005,34251.54,Capital,REG-02
BUD-202510-DEP-007-CC-106-CAT-002,2025,Q4,October,DEP-007,CC-106,CAT-002,26726.15,Operating,REG-07
BUD-202510-DEP-007-CC-110-CAT-009,2025,Q4,October,DEP-007,CC-110,CAT-009,36838.63,Operating,REG-06
BUD-202510-DEP-007-CC-104-CAT-005,2025,Q4,October,DEP-007,CC-104,CAT-005,31706.75,Departmental,REG-07
BUD-202510-DEP-007-CC-111-CAT-006,2025,Q4,October,DEP-007,CC-111,CAT-006,39263.63,Departmental,REG-07
BUD-202510-DEP-007-CC-109-CAT-014,2025,Q4,October,DEP-007,CC-109,CAT-014,33786.55,Capital,REG-04
BUD-202510-DEP-007-CC-102-CAT-002,2025,Q4,October,DEP-007,CC-102,CAT-002,27898.96,Project,REG-04
BUD-202510-DEP-007-CC-110-CAT-003,2025,Q4,October,DEP-007,CC-110,CAT-003,33819.51,Operating,REG-03
BUD-202510-DEP-007-CC-112-CAT-013,2025,Q4,October,DEP-007,CC-112,CAT-013,41857.6,Operating,REG-08
BUD-202510-DEP-007-CC-107-CAT-002,2025,Q4,October,DEP-007,CC-107,CAT-002,25312.03,Project,REG-07
BUD-202510-DEP-007-CC-115-CAT-012,2025,Q4,October,DEP-007,CC-115,CAT-012,25486.53,Departmental,REG-04
BUD-202510-DEP-007-CC-113-CAT-013,2025,Q4,October,DEP-007,CC-113,CAT-013,48652.12,Operating,REG-07
BUD-202510-DEP-007-CC-110-CAT-007,2025,Q4,October,DEP-007,CC-110,CAT-007,23340.71,Capital,REG-06
BUD-202510-DEP-007-CC-117-CAT-008,2025,Q4,October,DEP-007,CC-117,CAT-008,43321.72,Capital,REG-01
BUD-202510-DEP-007-CC-101-CAT-006,2025,Q4,October,DEP-007,CC-101,CAT-006,46275.89,Operating,REG-02
BUD-202510-DEP-007-CC-101-CAT-015,2025,Q4,October,DEP-007,CC-101,CAT-015,42122.12,Departmental,REG-08
BUD-202510-DEP-007-CC-107-CAT-002,2025,Q4,October,DEP-007,CC-107,CAT-002,24020.08,Departmental,REG-01
BUD-202510-DEP-007-CC-117-CAT-005,2025,Q4,October,DEP-007,CC-117,CAT-005,28285.76,Operating,REG-07
BUD-202510-DEP-007-CC-105-CAT-006,2025,Q4,October,DEP-007,CC-105,CAT-006,43707.93,Operating,REG-07
BUD-202510-DEP-007-CC-102-CAT-012,2025,Q4,October,DEP-007,CC-102,CAT-012,26475.33,Departmental,REG-06
BUD-202510-DEP-008-CC-118-CAT-004,2025,Q4,October,DEP-008,CC-118,CAT-004,38196.1,Operating,REG-07
BUD-202510-DEP-008-CC-110-CAT-002,2025,Q4,October,DEP-008,CC-110,CAT-002,17037.21,Operating,REG-06
BUD-202510-DEP-008-CC-110-CAT-002,2025,Q4,October,DEP-008,CC-110,CAT-002,16363.67,Operating,REG-06
BUD-202510-DEP-008-CC-103-CAT-014,2025,Q4,October,DEP-008,CC-103,CAT-014,24575.25,Operating,REG-07
BUD-202510-DEP-008-CC-107-CAT-006,2025,Q4,October,DEP-008,CC-107,CAT-006,30593.85,Operating,REG-07
BUD-202510-DEP-008-CC-101-CAT-004,2025,Q4,October,DEP-008,CC-101,CAT-004,35040.35,Operating,REG-07
BUD-202510-DEP-008-CC-104-CAT-009,2025,Q4,October,DEP-008,CC-104,CAT-009,25578.71,Project,REG-02
BUD-202510-DEP-008-CC-113-CAT-003,2025,Q4,October,DEP-008,CC-113,CAT-003,23076.5,Capital,REG-02
BUD-202510-DEP-008-CC-111-CAT-002,2025,Q4,October,DEP-008,CC-111,CAT-002,16762.48,Project,REG-04
BUD-202510-DEP-008-CC-110-CAT-002,2025,Q4,October,DEP-008,CC-110,CAT-002,19950.56,Operating,REG-05
BUD-202510-DEP-008-CC-112-CAT-011,2025,Q4,October,DEP-008,CC-112,CAT-011,25279.49,Operating,REG-07
BUD-202510-DEP-008-CC-120-CAT-014,2025,Q4,October,DEP-008,CC-120,CAT-014,25878.25,Operating,REG-01
BUD-202510-DEP-008-CC-108-CAT-005,2025,Q4,October,DEP-008,CC-108,CAT-005,22630.53,Operating,REG-05
BUD-202510-DEP-008-CC-107-CAT-002,2025,Q4,October,DEP-008,CC-107,CAT-002,19497.16,Operating,REG-04
BUD-202510-DEP-008-CC-111-CAT-005,2025,Q4,October,DEP-008,CC-111,CAT-005,20506.93,Capital,REG-07
BUD-202510-DEP-008-CC-119-CAT-009,2025,Q4,October,DEP-008,CC-119,CAT-009,21965.29,Operating,REG-08
BUD-202510-DEP-008-CC-111-CAT-010,2025,Q4,October,DEP-008,CC-111,CAT-010,19098.02,Capital,REG-02
BUD-202510-DEP-008-CC-114-CAT-006,2025,Q4,October,DEP-008,CC-114,CAT-006,29607.57,Departmental,REG-07
BUD-202510-DEP-008-CC-110-CAT-006,2025,Q4,October,DEP-008,CC-110,CAT-006,27724.2,Operating,REG-07
BUD-202510-DEP-008-CC-109-CAT-001,2025,Q4,October,DEP-008,CC-109,CAT-001,32829.07,Project,REG-07
BUD-202510-DEP-008-CC-101-CAT-009,2025,Q4,October,DEP-008,CC-101,CAT-009,24937.35,Capital,REG-06
BUD-202510-DEP-008-CC-113-CAT-003,2025,Q4,October,DEP-008,CC-113,CAT-003,26687.72,Capital,REG-07
BUD-202510-DEP-008-CC-111-CAT-012,2025,Q4,October,DEP-008,CC-111,CAT-012,20199.21,Operating,REG-02
BUD-202510-DEP-008-CC-118-CAT-005,2025,Q4,October,DEP-008,CC-118,CAT-005,23088.22,Operating,REG-07
BUD-202510-DEP-008-CC-111-CAT-003,2025,Q4,October,DEP-008,CC-111,CAT-003,27192.12,Departmental,REG-06
BUD-202510-DEP-008-CC-112-CAT-004,2025,Q4,October,DEP-008,CC-112,CAT-004,34317.86,Capital,REG-04
BUD-202510-DEP-008-CC-119-CAT-015,2025,Q4,October,DEP-008,CC-119,CAT-015,24911.54,Operating,REG-08
BUD-202510-DEP-008-CC-116-CAT-012,2025,Q4,October,DEP-008,CC-116,CAT-012,17462.5,Operating,REG-07
BUD-202510-DEP-008-CC-103-CAT-011,2025,Q4,October,DEP-008,CC-103,CAT-011,25662.76,Operating,REG-04
BUD-202510-DEP-008-CC-120-CAT-001,2025,Q4,October,DEP-008,CC-120,CAT-001,27921.89,Operating,REG-06
BUD-202510-DEP-008-CC-105-CAT-006,2025,Q4,October,DEP-008,CC-105,CAT-006,30690.81,Capital,REG-08
BUD-202510-DEP-008-CC-107-CAT-013,2025,Q4,October,DEP-008,CC-107,CAT-013,33648.93,Operating,REG-06
BUD-202510-DEP-008-CC-105-CAT-013,2025,Q4,October,DEP-008,CC-105,CAT-013,31857.05,Operating,REG-07
BUD-202510-DEP-008-CC-103-CAT-014,2025,Q4,October,DEP-008,CC-103,CAT-014,26520.97,Operating,REG-05
BUD-202510-DEP-008-CC-114-CAT-001,2025,Q4,October,DEP-008,CC-114,CAT-001,31719.86,Capital,REG-07
BUD-202510-DEP-008-CC-116-CAT-011,2025,Q4,October,DEP-008,CC-116,CAT-011,31137.06,Operating,REG-02
BUD-202510-DEP-008-CC-104-CAT-001,2025,Q4,October,DEP-008,CC-104,CAT-001,28068.3,Operating,REG-06
BUD-202510-DEP-008-CC-104-CAT-012,2025,Q4,October,DEP-008,CC-104,CAT-012,21390.57,Project,REG-07
BUD-202510-DEP-008-CC-105-CAT-004,2025,Q4,October,DEP-008,CC-105,CAT-004,40770.33,Capital,REG-07
BUD-202510-DEP-008-CC-116-CAT-006,2025,Q4,October,DEP-008,CC-116,CAT-006,26664.57,Operating,REG-04
BUD-202510-DEP-008-CC-120-CAT-012,2025,Q4,October,DEP-008,CC-120,CAT-012,18102.92,Operating,REG-06
BUD-202510-DEP-008-CC-101-CAT-001,2025,Q4,October,DEP-008,CC-101,CAT-001,32688.25,Departmental,REG-03
BUD-202510-DEP-008-CC-112-CAT-013,2025,Q4,October,DEP-008,CC-112,CAT-013,32411.04,Operating,REG-06
BUD-202510-DEP-008-CC-119-CAT-009,2025,Q4,October,DEP-008,CC-119,CAT-009,24187.9,Capital,REG-02
BUD-202510-DEP-008-CC-113-CAT-007,2025,Q4,October,DEP-008,CC-113,CAT-007,15456.3,Operating,REG-02
BUD-202510-DEP-008-CC-120-CAT-012,2025,Q4,October,DEP-008,CC-120,CAT-012,18250.39,Departmental,REG-04
BUD-202510-DEP-008-CC-117-CAT-005,2025,Q4,October,DEP-008,CC-117,CAT-005,22818.08,Operating,REG-06
BUD-202510-DEP-009-CC-118-CAT-001,2025,Q4,October,DEP-009,CC-118,CAT-001,51181.45,Operating,REG-07
BUD-202510-DEP-009-CC-103-CAT-005,2025,Q4,October,DEP-009,CC-103,CAT-005,40425.68,Departmental,REG-06
BUD-202510-DEP-009-CC-101-CAT-003,2025,Q4,October,DEP-009,CC-101,CAT-003,41435.9,Project,REG-06
BUD-202510-DEP-009-CC-118-CAT-004,2025,Q4,October,DEP-009,CC-118,CAT-004,69716.56,Operating,REG-01
BUD-202510-DEP-009-CC-116-CAT-004,2025,Q4,October,DEP-009,CC-116,CAT-004,60420.4,Project,REG-03
BUD-202510-DEP-009-CC-113-CAT-011,2025,Q4,October,DEP-009,CC-113,CAT-011,47427.64,Departmental,REG-07
BUD-202510-DEP-009-CC-116-CAT-014,2025,Q4,October,DEP-009,CC-116,CAT-014,37572.95,Departmental,REG-07
BUD-202510-DEP-009-CC-120-CAT-004,2025,Q4,October,DEP-009,CC-120,CAT-004,63383.99,Departmental,REG-07
BUD-202510-DEP-009-CC-106-CAT-004,2025,Q4,October,DEP-009,CC-106,CAT-004,64728.48,Operating,REG-02
BUD-202510-DEP-009-CC-108-CAT-009,2025,Q4,October,DEP-009,CC-108,CAT-009,44027.31,Operating,REG-04
BUD-202510-DEP-009-CC-102-CAT-012,2025,Q4,October,DEP-009,CC-102,CAT-012,33333.26,Capital,REG-07
BUD-202510-DEP-009-CC-108-CAT-003,2025,Q4,October,DEP-009,CC-108,CAT-003,47258.39,Capital,REG-05
BUD-202510-DEP-009-CC-114-CAT-004,2025,Q4,October,DEP-009,CC-114,CAT-004,63693.93,Operating,REG-03
BUD-202510-DEP-009-CC-114-CAT-005,2025,Q4,October,DEP-009,CC-114,CAT-005,39663.73,Operating,REG-06
BUD-202510-DEP-009-CC-101-CAT-002,2025,Q4,October,DEP-009,CC-101,CAT-002,29199.56,Operating,REG-04
BUD-202510-DEP-009-CC-101-CAT-015,2025,Q4,October,DEP-009,CC-101,CAT-015,50097.53,Operating,REG-06
BUD-202510-DEP-009-CC-108-CAT-002,2025,Q4,October,DEP-009,CC-108,CAT-002,28342.61,Operating,REG-05
BUD-202510-DEP-009-CC-117-CAT-010,2025,Q4,October,DEP-009,CC-117,CAT-010,38042.81,Operating,REG-06
BUD-202510-DEP-009-CC-107-CAT-005,2025,Q4,October,DEP-009,CC-107,CAT-005,40219.84,Capital,REG-01
BUD-202510-DEP-009-CC-118-CAT-015,2025,Q4,October,DEP-009,CC-118,CAT-015,46537.75,Project,REG-05
BUD-202510-DEP-009-CC-119-CAT-003,2025,Q4,October,DEP-009,CC-119,CAT-003,43373.81,Operating,REG-05
BUD-202510-DEP-009-CC-116-CAT-007,2025,Q4,October,DEP-009,CC-116,CAT-007,25646.14,Operating,REG-01
BUD-202510-DEP-009-CC-110-CAT-014,2025,Q4,October,DEP-009,CC-110,CAT-014,44977.55,Capital,REG-05
BUD-202510-DEP-009-CC-104-CAT-011,2025,Q4,October,DEP-009,CC-104,CAT-011,43182.04,Operating,REG-04
BUD-202510-DEP-009-CC-113-CAT-003,2025,Q4,October,DEP-009,CC-113,CAT-003,38699.52,Departmental,REG-06
BUD-202510-DEP-009-CC-106-CAT-011,2025,Q4,October,DEP-009,CC-106,CAT-011,47039.44,Operating,REG-05
BUD-202510-DEP-009-CC-120-CAT-010,2025,Q4,October,DEP-009,CC-120,CAT-010,39784.28,Operating,REG-03
BUD-202510-DEP-009-CC-107-CAT-006,2025,Q4,October,DEP-009,CC-107,CAT-006,44596.84,Capital,REG-06
BUD-202510-DEP-009-CC-118-CAT-008,2025,Q4,October,DEP-009,CC-118,CAT-008,61902.46,Operating,REG-01
BUD-202510-DEP-009-CC-110-CAT-008,2025,Q4,October,DEP-009,CC-110,CAT-008,55671.53,Operating,REG-03
BUD-202510-DEP-009-CC-114-CAT-013,2025,Q4,October,DEP-009,CC-114,CAT-013,50501.97,Operating,REG-02
BUD-202510-DEP-009-CC-118-CAT-011,2025,Q4,October,DEP-009,CC-118,CAT-011,44938.69,Operating,REG-04
BUD-202510-DEP-009-CC-111-CAT-011,2025,Q4,October,DEP-009,CC-111,CAT-011,42550.43,Operating,REG-03
BUD-202510-DEP-009-CC-120-CAT-006,2025,Q4,October,DEP-009,CC-120,CAT-006,46042.56,Project,REG-02
BUD-202510-DEP-009-CC-115-CAT-004,2025,Q4,October,DEP-009,CC-115,CAT-004,71209.33,Operating,REG-04
BUD-202510-DEP-009-CC-106-CAT-012,2025,Q4,October,DEP-009,CC-106,CAT-012,32832.39,Project,REG-08
BUD-202510-DEP-009-CC-104-CAT-007,2025,Q4,October,DEP-009,CC-104,CAT-007,28709.75,Departmental,REG-08
BUD-202510-DEP-009-CC-111-CAT-012,2025,Q4,October,DEP-009,CC-111,CAT-012,30498.8,Operating,REG-05
BUD-202510-DEP-009-CC-115-CAT-007,2025,Q4,October,DEP-009,CC-115,CAT-007,29039.6,Operating,REG-01
BUD-202510-DEP-009-CC-120-CAT-005,2025,Q4,October,DEP-009,CC-120,CAT-005,35412.54,Departmental,REG-05
BUD-202510-DEP-009-CC-108-CAT-009,2025,Q4,October,DEP-009,CC-108,CAT-009,43996.6,Operating,REG-02
BUD-202510-DEP-009-CC-114-CAT-003,2025,Q4,October,DEP-009,CC-114,CAT-003,48830.61,Operating,REG-03
BUD-202510-DEP-009-CC-109-CAT-008,2025,Q4,October,DEP-009,CC-109,CAT-008,53286.33,Operating,REG-03
BUD-202510-DEP-009-CC-108-CAT-010,2025,Q4,October,DEP-009,CC-108,CAT-010,40041.54,Project,REG-01
BUD-202510-DEP-010-CC-104-CAT-007,2025,Q4,October,DEP-010,CC-104,CAT-007,18143.72,Capital,REG-07
BUD-202510-DEP-010-CC-113-CAT-001,2025,Q4,October,DEP-010,CC-113,CAT-001,36966.83,Operating,REG-07
BUD-202510-DEP-010-CC-109-CAT-015,2025,Q4,October,DEP-010,CC-109,CAT-015,28300.75,Operating,REG-05
BUD-202510-DEP-010-CC-113-CAT-010,2025,Q4,October,DEP-010,CC-113,CAT-010,24578.25,Capital,REG-05
BUD-202510-DEP-010-CC-117-CAT-003,2025,Q4,October,DEP-010,CC-117,CAT-003,28617.18,Operating,REG-07
BUD-202510-DEP-010-CC-115-CAT-010,2025,Q4,October,DEP-010,CC-115,CAT-010,24472.03,Project,REG-07
BUD-202510-DEP-010-CC-113-CAT-005,2025,Q4,October,DEP-010,CC-113,CAT-005,24825.57,Operating,REG-03
BUD-202510-DEP-010-CC-106-CAT-005,2025,Q4,October,DEP-010,CC-106,CAT-005,22261.43,Project,REG-06
BUD-202510-DEP-010-CC-116-CAT-003,2025,Q4,October,DEP-010,CC-116,CAT-003,31452.39,Capital,REG-06
BUD-202510-DEP-010-CC-113-CAT-014,2025,Q4,October,DEP-010,CC-113,CAT-014,25383.73,Operating,REG-07
BUD-202510-DEP-010-CC-107-CAT-002,2025,Q4,October,DEP-010,CC-107,CAT-002,20553.66,Operating,REG-07
BUD-202510-DEP-010-CC-116-CAT-003,2025,Q4,October,DEP-010,CC-116,CAT-003,29514.06,Operating,REG-07
BUD-202510-DEP-010-CC-102-CAT-002,2025,Q4,October,DEP-010,CC-102,CAT-002,19095.56,Operating,REG-04
BUD-202510-DEP-010-CC-108-CAT-004,2025,Q4,October,DEP-010,CC-108,CAT-004,44881.89,Operating,REG-07
BUD-202510-DEP-010-CC-119-CAT-005,2025,Q4,October,DEP-010,CC-119,CAT-005,22759.88,Project,REG-08
BUD-202510-DEP-010-CC-110-CAT-015,2025,Q4,October,DEP-010,CC-110,CAT-015,27681.66,Capital,REG-04
BUD-202510-DEP-010-CC-120-CAT-013,2025,Q4,October,DEP-010,CC-120,CAT-013,34726.83,Capital,REG-06
BUD-202510-DEP-010-CC-111-CAT-013,2025,Q4,October,DEP-010,CC-111,CAT-013,33482.36,Operating,REG-07
BUD-202510-DEP-010-CC-101-CAT-013,2025,Q4,October,DEP-010,CC-101,CAT-013,30102.81,Departmental,REG-04
BUD-202510-DEP-010-CC-105-CAT-012,2025,Q4,October,DEP-010,CC-105,CAT-012,21846.05,Departmental,REG-05
BUD-202510-DEP-010-CC-112-CAT-003,2025,Q4,October,DEP-010,CC-112,CAT-003,29323.03,Operating,REG-03
BUD-202510-DEP-010-CC-120-CAT-011,2025,Q4,October,DEP-010,CC-120,CAT-011,31438.22,Operating,REG-06
BUD-202510-DEP-010-CC-114-CAT-015,2025,Q4,October,DEP-010,CC-114,CAT-015,30543.11,Capital,REG-08
BUD-202510-DEP-010-CC-112-CAT-010,2025,Q4,October,DEP-010,CC-112,CAT-010,24384.79,Operating,REG-06
BUD-202510-DEP-010-CC-106-CAT-015,2025,Q4,October,DEP-010,CC-106,CAT-015,28286.93,Project,REG-06
BUD-202510-DEP-010-CC-112-CAT-014,2025,Q4,October,DEP-010,CC-112,CAT-014,28014.08,Operating,REG-05
BUD-202510-DEP-010-CC-101-CAT-002,2025,Q4,October,DEP-010,CC-101,CAT-002,22695.41,Operating,REG-06
BUD-202510-DEP-010-CC-106-CAT-006,2025,Q4,October,DEP-010,CC-106,CAT-006,29533.82,Operating,REG-01
BUD-202510-DEP-010-CC-101-CAT-010,2025,Q4,October,DEP-010,CC-101,CAT-010,24502.74,Operating,REG-03
BUD-202510-DEP-010-CC-104-CAT-006,2025,Q4,October,DEP-010,CC-104,CAT-006,36049.95,Project,REG-02
BUD-202510-DEP-010-CC-120-CAT-006,2025,Q4,October,DEP-010,CC-120,CAT-006,33845.72,Departmental,REG-04
BUD-202510-DEP-010-CC-119-CAT-010,2025,Q4,October,DEP-010,CC-119,CAT-010,24308.56,Capital,REG-01
BUD-202510-DEP-010-CC-110-CAT-011,2025,Q4,October,DEP-010,CC-110,CAT-011,29701.11,Departmental,REG-07
BUD-202510-DEP-010-CC-108-CAT-011,2025,Q4,October,DEP-010,CC-108,CAT-011,34147.37,Operating,REG-02
BUD-202510-DEP-010-CC-108-CAT-012,2025,Q4,October,DEP-010,CC-108,CAT-012,20391.15,Operating,REG-02
BUD-202510-DEP-010-CC-106-CAT-009,2025,Q4,October,DEP-010,CC-106,CAT-009,23357.71,Capital,REG-02
BUD-202510-DEP-010-CC-111-CAT-004,2025,Q4,October,DEP-010,CC-111,CAT-004,42216.65,Capital,REG-05
BUD-202510-DEP-010-CC-107-CAT-006,2025,Q4,October,DEP-010,CC-107,CAT-006,32921.88,Operating,REG-01
BUD-202510-DEP-010-CC-120-CAT-001,2025,Q4,October,DEP-010,CC-120,CAT-001,33830.25,Capital,REG-03
BUD-202510-DEP-010-CC-120-CAT-011,2025,Q4,October,DEP-010,CC-120,CAT-011,32126.5,Operating,REG-06
BUD-202510-DEP-010-CC-101-CAT-009,2025,Q4,October,DEP-010,CC-101,CAT-009,28270.68,Project,REG-01
BUD-202510-DEP-010-CC-113-CAT-010,2025,Q4,October,DEP-010,CC-113,CAT-010,25798.66,Operating,REG-01
BUD-202510-DEP-010-CC-111-CAT-006,2025,Q4,October,DEP-010,CC-111,CAT-006,35317.27,Operating,REG-08
BUD-202510-DEP-010-CC-118-CAT-007,2025,Q4,October,DEP-010,CC-118,CAT-007,19274.69,Operating,REG-07
BUD-202510-DEP-010-CC-115-CAT-001,2025,Q4,October,DEP-010,CC-115,CAT-001,34971.09,Departmental,REG-03
BUD-202509-DEP-001-CC-114-CAT-001,2025,Q3,September,DEP-001,CC-114,CAT-001,41175.71,Departmental,REG-01
BUD-202509-DEP-001-CC-101-CAT-002,2025,Q3,September,DEP-001,CC-101,CAT-002,23272.38,Operating,REG-03
BUD-202509-DEP-001-CC-109-CAT-011,2025,Q3,September,DEP-001,CC-109,CAT-011,36776.86,Operating,REG-07
BUD-202509-DEP-001-CC-110-CAT-002,2025,Q3,September,DEP-001,CC-110,CAT-002,20699.75,Operating,REG-02
BUD-202509-DEP-001-CC-111-CAT-012,2025,Q3,September,DEP-001,CC-111,CAT-012,26390.68,Departmental,REG-01
BUD-202509-DEP-001-CC-112-CAT-014,2025,Q3,September,DEP-001,CC-112,CAT-014,30067.24,Departmental,REG-06
BUD-202509-DEP-001-CC-113-CAT-014,2025,Q3,September,DEP-001,CC-113,CAT-014,33010.88,Capital,REG-05
BUD-202509-DEP-001-CC-120-CAT-012,2025,Q3,September,DEP-001,CC-120,CAT-012,22977.68,Operating,REG-04
BUD-202509-DEP-001-CC-119-CAT-013,2025,Q3,September,DEP-001,CC-119,CAT-013,39839.59,Operating,REG-07
BUD-202509-DEP-001-CC-113-CAT-008,2025,Q3,September,DEP-001,CC-113,CAT-008,40431.55,Capital,REG-02
BUD-202509-DEP-001-CC-111-CAT-010,2025,Q3,September,DEP-001,CC-111,CAT-010,24333.13,Operating,REG-03
BUD-202509-DEP-001-CC-107-CAT-011,2025,Q3,September,DEP-001,CC-107,CAT-011,32911.37,Operating,REG-06
BUD-202509-DEP-001-CC-110-CAT-001,2025,Q3,September,DEP-001,CC-110,CAT-001,39471.92,Project,REG-04
BUD-202509-DEP-001-CC-109-CAT-004,2025,Q3,September,DEP-001,CC-109,CAT-004,45753.08,Operating,REG-05
BUD-202509-DEP-001-CC-109-CAT-010,2025,Q3,September,DEP-001,CC-109,CAT-010,25240.05,Departmental,REG-08
BUD-202509-DEP-001-CC-118-CAT-008,2025,Q3,September,DEP-001,CC-118,CAT-008,40385.84,Operating,REG-02
BUD-202509-DEP-001-CC-118-CAT-013,2025,Q3,September,DEP-001,CC-118,CAT-013,38912.87,Operating,REG-07
BUD-202509-DEP-001-CC-102-CAT-014,2025,Q3,September,DEP-001,CC-102,CAT-014,27682.33,Capital,REG-04
BUD-202509-DEP-001-CC-110-CAT-002,2025,Q3,September,DEP-001,CC-110,CAT-002,22875.96,Project,REG-08
BUD-202509-DEP-001-CC-111-CAT-001,2025,Q3,September,DEP-001,CC-111,CAT-001,40669.66,Project,REG-03
BUD-202509-DEP-001-CC-103-CAT-009,2025,Q3,September,DEP-001,CC-103,CAT-009,27078.19,Operating,REG-07
BUD-202509-DEP-001-CC-119-CAT-006,2025,Q3,September,DEP-001,CC-119,CAT-006,35214.17,Operating,REG-03
BUD-202509-DEP-001-CC-108-CAT-011,2025,Q3,September,DEP-001,CC-108,CAT-011,33614.57,Capital,REG-03
BUD-202509-DEP-001-CC-114-CAT-015,2025,Q3,September,DEP-001,CC-114,CAT-015,31253.12,Operating,REG-03
BUD-202509-DEP-001-CC-118-CAT-003,2025,Q3,September,DEP-001,CC-118,CAT-003,35031.22,Departmental,REG-04
BUD-202509-DEP-001-CC-110-CAT-008,2025,Q3,September,DEP-001,CC-110,CAT-008,44024.86,Capital,REG-02
BUD-202509-DEP-001-CC-114-CAT-004,2025,Q3,September,DEP-001,CC-114,CAT-004,47089.76,Operating,REG-06
BUD-202509-DEP-001-CC-113-CAT-002,2025,Q3,September,DEP-001,CC-113,CAT-002,25066.22,Operating,REG-06
BUD-202509-DEP-001-CC-116-CAT-007,2025,Q3,September,DEP-001,CC-116,CAT-007,22488.77,Operating,REG-01
BUD-202509-DEP-001-CC-117-CAT-002,2025,Q3,September,DEP-001,CC-117,CAT-002,25274.38,Operating,REG-04
BUD-202509-DEP-001-CC-119-CAT-010,2025,Q3,September,DEP-001,CC-119,CAT-010,26567.4,Operating,REG-01
BUD-202509-DEP-001-CC-103-CAT-001,2025,Q3,September,DEP-001,CC-103,CAT-001,36427.68,Operating,REG-05
BUD-202509-DEP-001-CC-119-CAT-003,2025,Q3,September,DEP-001,CC-119,CAT-003,28896.14,Departmental,REG-02
BUD-202509-DEP-001-CC-115-CAT-010,2025,Q3,September,DEP-001,CC-115,CAT-010,27510.91,Capital,REG-06
BUD-202509-DEP-001-CC-113-CAT-001,2025,Q3,September,DEP-001,CC-113,CAT-001,40506.68,Departmental,REG-01
BUD-202509-DEP-001-CC-113-CAT-001,2025,Q3,September,DEP-001,CC-113,CAT-001,38592.49,Operating,REG-04
BUD-202509-DEP-001-CC-113-CAT-001,2025,Q3,September,DEP-001,CC-113,CAT-001,36430.39,Departmental,REG-02
BUD-202509-DEP-001-CC-109-CAT-001,2025,Q3,September,DEP-001,CC-109,CAT-001,36845.08,Operating,REG-08
BUD-202509-DEP-001-CC-115-CAT-002,2025,Q3,September,DEP-001,CC-115,CAT-002,20940.39,Capital,REG-02
BUD-202509-DEP-001-CC-116-CAT-006,2025,Q3,September,DEP-001,CC-116,CAT-006,33051.53,Capital,REG-03
BUD-202509-DEP-001-CC-112-CAT-013,2025,Q3,September,DEP-001,CC-112,CAT-013,40499.48,Operating,REG-06
BUD-202509-DEP-001-CC-103-CAT-010,2025,Q3,September,DEP-001,CC-103,CAT-010,23855.75,Operating,REG-04
BUD-202509-DEP-002-CC-116-CAT-010,2025,Q3,September,DEP-002,CC-116,CAT-010,18560.01,Project,REG-03
BUD-202509-DEP-002-CC-112-CAT-010,2025,Q3,September,DEP-002,CC-112,CAT-010,18331.55,Operating,REG-08
BUD-202509-DEP-002-CC-111-CAT-008,2025,Q3,September,DEP-002,CC-111,CAT-008,28155.75,Operating,REG-05
BUD-202509-DEP-002-CC-116-CAT-009,2025,Q3,September,DEP-002,CC-116,CAT-009,18963.43,Operating,REG-08
BUD-202509-DEP-002-CC-109-CAT-008,2025,Q3,September,DEP-002,CC-109,CAT-008,30164.52,Operating,REG-03
BUD-202509-DEP-002-CC-116-CAT-003,2025,Q3,September,DEP-002,CC-116,CAT-003,22081.73,Operating,REG-03
BUD-202509-DEP-002-CC-112-CAT-008,2025,Q3,September,DEP-002,CC-112,CAT-008,31195.43,Project,REG-02
BUD-202509-DEP-002-CC-118-CAT-006,2025,Q3,September,DEP-002,CC-118,CAT-006,24734.7,Operating,REG-05
BUD-202509-DEP-002-CC-104-CAT-011,2025,Q3,September,DEP-002,CC-104,CAT-011,24487.95,Operating,REG-08
BUD-202509-DEP-002-CC-108-CAT-013,2025,Q3,September,DEP-002,CC-108,CAT-013,28470.52,Departmental,REG-06
BUD-202509-DEP-002-CC-112-CAT-004,2025,Q3,September,DEP-002,CC-112,CAT-004,31836.28,Operating,REG-04
BUD-202509-DEP-002-CC-113-CAT-001,2025,Q3,September,DEP-002,CC-113,CAT-001,30211.4,Departmental,REG-02
BUD-202509-DEP-002-CC-103-CAT-002,2025,Q3,September,DEP-002,CC-103,CAT-002,14975.72,Operating,REG-08
BUD-202509-DEP-002-CC-115-CAT-014,2025,Q3,September,DEP-002,CC-115,CAT-014,23793.34,Departmental,REG-07
BUD-202509-DEP-002-CC-111-CAT-014,2025,Q3,September,DEP-002,CC-111,CAT-014,20101.49,Operating,REG-03
BUD-202509-DEP-002-CC-101-CAT-007,2025,Q3,September,DEP-002,CC-101,CAT-007,15763.41,Project,REG-01
BUD-202509-DEP-002-CC-101-CAT-014,2025,Q3,September,DEP-002,CC-101,CAT-014,22466.47,Capital,REG-03
BUD-202509-DEP-002-CC-107-CAT-004,2025,Q3,September,DEP-002,CC-107,CAT-004,36361.7,Operating,REG-08
BUD-202509-DEP-002-CC-117-CAT-015,2025,Q3,September,DEP-002,CC-117,CAT-015,26757.99,Operating,REG-03
BUD-202509-DEP-002-CC-111-CAT-013,2025,Q3,September,DEP-002,CC-111,CAT-013,24258.91,Operating,REG-07
BUD-202509-DEP-002-CC-103-CAT-003,2025,Q3,September,DEP-002,CC-103,CAT-003,25235.49,Project,REG-01
BUD-202509-DEP-002-CC-110-CAT-007,2025,Q3,September,DEP-002,CC-110,CAT-007,13764.14,Project,REG-03
BUD-202509-DEP-002-CC-116-CAT-006,2025,Q3,September,DEP-002,CC-116,CAT-006,28153.71,Operating,REG-03
BUD-202509-DEP-002-CC-113-CAT-011,2025,Q3,September,DEP-002,CC-113,CAT-011,24234.12,Capital,REG-04
BUD-202509-DEP-002-CC-116-CAT-011,2025,Q3,September,DEP-002,CC-116,CAT-011,21993.48,Operating,REG-01
BUD-202509-DEP-002-CC-110-CAT-004,2025,Q3,September,DEP-002,CC-110,CAT-004,36985.11,Departmental,REG-04
BUD-202509-DEP-002-CC-117-CAT-005,2025,Q3,September,DEP-002,CC-117,CAT-005,19532.95,Project,REG-07
BUD-202509-DEP-002-CC-107-CAT-006,2025,Q3,September,DEP-002,CC-107,CAT-006,24202.51,Capital,REG-06
BUD-202509-DEP-002-CC-115-CAT-009,2025,Q3,September,DEP-002,CC-115,CAT-009,20994.66,Capital,REG-05
BUD-202509-DEP-002-CC-107-CAT-008,2025,Q3,September,DEP-002,CC-107,CAT-008,28445.13,Departmental,REG-02
BUD-202509-DEP-002-CC-103-CAT-010,2025,Q3,September,DEP-002,CC-103,CAT-010,18846.96,Operating,REG-04
BUD-202509-DEP-002-CC-117-CAT-007,2025,Q3,September,DEP-002,CC-117,CAT-007,13627.07,Departmental,REG-02
BUD-202509-DEP-002-CC-112-CAT-004,2025,Q3,September,DEP-002,CC-112,CAT-004,33352.0,Operating,REG-06
BUD-202509-DEP-002-CC-120-CAT-004,2025,Q3,September,DEP-002,CC-120,CAT-004,37006.25,Project,REG-01
BUD-202509-DEP-002-CC-107-CAT-001,2025,Q3,September,DEP-002,CC-107,CAT-001,26703.06,Operating,REG-06
BUD-202509-DEP-003-CC-119-CAT-003,2025,Q3,September,DEP-003,CC-119,CAT-003,38338.5,Departmental,REG-02
BUD-202509-DEP-003-CC-119-CAT-009,2025,Q3,September,DEP-003,CC-119,CAT-009,38289.76,Operating,REG-06
BUD-202509-DEP-003-CC-110-CAT-002,2025,Q3,September,DEP-003,CC-110,CAT-002,29841.12,Operating,REG-07
BUD-202509-DEP-003-CC-112-CAT-014,2025,Q3,September,DEP-003,CC-112,CAT-014,36822.28,Project,REG-05
BUD-202509-DEP-003-CC-103-CAT-013,2025,Q3,September,DEP-003,CC-103,CAT-013,39784.36,Operating,REG-01
BUD-202509-DEP-003-CC-115-CAT-013,2025,Q3,September,DEP-003,CC-115,CAT-013,45870.04,Operating,REG-08
BUD-202509-DEP-003-CC-109-CAT-014,2025,Q3,September,DEP-003,CC-109,CAT-014,37166.82,Project,REG-03
BUD-202509-DEP-003-CC-106-CAT-010,2025,Q3,September,DEP-003,CC-106,CAT-010,34550.36,Capital,REG-01
BUD-202509-DEP-003-CC-106-CAT-014,2025,Q3,September,DEP-003,CC-106,CAT-014,38392.3,Operating,REG-02
BUD-202509-DEP-003-CC-105-CAT-015,2025,Q3,September,DEP-003,CC-105,CAT-015,36051.79,Operating,REG-06
BUD-202509-DEP-003-CC-108-CAT-002,2025,Q3,September,DEP-003,CC-108,CAT-002,29455.67,Operating,REG-02
BUD-202509-DEP-003-CC-103-CAT-010,2025,Q3,September,DEP-003,CC-103,CAT-010,33908.54,Project,REG-01
BUD-202509-DEP-003-CC-101-CAT-001,2025,Q3,September,DEP-003,CC-101,CAT-001,46137.39,Operating,REG-06
BUD-202509-DEP-003-CC-111-CAT-007,2025,Q3,September,DEP-003,CC-111,CAT-007,25277.99,Project,REG-02
BUD-202509-DEP-003-CC-119-CAT-002,2025,Q3,September,DEP-003,CC-119,CAT-002,27021.45,Departmental,REG-04
BUD-202509-DEP-003-CC-104-CAT-006,2025,Q3,September,DEP-003,CC-104,CAT-006,42409.29,Operating,REG-02
BUD-202509-DEP-003-CC-119-CAT-010,2025,Q3,September,DEP-003,CC-119,CAT-010,33166.36,Capital,REG-04
BUD-202509-DEP-003-CC-113-CAT-005,2025,Q3,September,DEP-003,CC-113,CAT-005,30242.54,Operating,REG-08
BUD-202509-DEP-003-CC-105-CAT-010,2025,Q3,September,DEP-003,CC-105,CAT-010,33140.77,Departmental,REG-06
BUD-202509-DEP-003-CC-110-CAT-005,2025,Q3,September,DEP-003,CC-110,CAT-005,31455.93,Capital,REG-04
BUD-202509-DEP-003-CC-112-CAT-005,2025,Q3,September,DEP-003,CC-112,CAT-005,35831.14,Operating,REG-04
BUD-202509-DEP-003-CC-112-CAT-005,2025,Q3,September,DEP-003,CC-112,CAT-005,29914.99,Operating,REG-07
BUD-202509-DEP-003-CC-116-CAT-001,2025,Q3,September,DEP-003,CC-116,CAT-001,46633.07,Capital,REG-04
BUD-202509-DEP-003-CC-119-CAT-003,2025,Q3,September,DEP-003,CC-119,CAT-003,41669.76,Operating,REG-06
BUD-202509-DEP-003-CC-107-CAT-001,2025,Q3,September,DEP-003,CC-107,CAT-001,43507.1,Capital,REG-04
BUD-202509-DEP-003-CC-106-CAT-012,2025,Q3,September,DEP-003,CC-106,CAT-012,27399.93,Departmental,REG-01
BUD-202509-DEP-003-CC-117-CAT-008,2025,Q3,September,DEP-003,CC-117,CAT-008,51108.72,Operating,REG-06
BUD-202509-DEP-003-CC-101-CAT-001,2025,Q3,September,DEP-003,CC-101,CAT-001,43259.91,Project,REG-01
BUD-202509-DEP-003-CC-103-CAT-006,2025,Q3,September,DEP-003,CC-103,CAT-006,44449.4,Departmental,REG-04
BUD-202509-DEP-003-CC-118-CAT-002,2025,Q3,September,DEP-003,CC-118,CAT-002,27495.06,Departmental,REG-02
BUD-202509-DEP-003-CC-113-CAT-005,2025,Q3,September,DEP-003,CC-113,CAT-005,31364.26,Operating,REG-06
BUD-202509-DEP-003-CC-105-CAT-001,2025,Q3,September,DEP-003,CC-105,CAT-001,44526.39,Departmental,REG-05
BUD-202509-DEP-003-CC-111-CAT-013,2025,Q3,September,DEP-003,CC-111,CAT-013,47208.64,Operating,REG-03
BUD-202509-DEP-003-CC-110-CAT-008,2025,Q3,September,DEP-003,CC-110,CAT-008,48809.07,Operating,REG-06
BUD-202509-DEP-003-CC-110-CAT-003,2025,Q3,September,DEP-003,CC-110,CAT-003,35713.02,Departmental,REG-06
BUD-202509-DEP-003-CC-118-CAT-007,2025,Q3,September,DEP-003,CC-118,CAT-007,22736.14,Operating,REG-07
BUD-202509-DEP-003-CC-101-CAT-014,2025,Q3,September,DEP-003,CC-101,CAT-014,32141.47,Departmental,REG-04
BUD-202509-DEP-003-CC-103-CAT-011,2025,Q3,September,DEP-003,CC-103,CAT-011,36789.43,Operating,REG-01
BUD-202509-DEP-003-CC-110-CAT-005,2025,Q3,September,DEP-003,CC-110,CAT-005,32357.66,Operating,REG-08
BUD-202509-DEP-003-CC-113-CAT-007,2025,Q3,September,DEP-003,CC-113,CAT-007,21144.11,Departmental,REG-01
BUD-202509-DEP-003-CC-106-CAT-003,2025,Q3,September,DEP-003,CC-106,CAT-003,34781.57,Operating,REG-06
BUD-202509-DEP-003-CC-116-CAT-009,2025,Q3,September,DEP-003,CC-116,CAT-009,33532.26,Operating,REG-01
BUD-202509-DEP-003-CC-101-CAT-004,2025,Q3,September,DEP-003,CC-101,CAT-004,54731.62,Capital,REG-04
BUD-202509-DEP-004-CC-106-CAT-007,2025,Q3,September,DEP-004,CC-106,CAT-007,17218.59,Capital,REG-06
BUD-202509-DEP-004-CC-116-CAT-007,2025,Q3,September,DEP-004,CC-116,CAT-007,17222.86,Capital,REG-03
BUD-202509-DEP-004-CC-105-CAT-012,2025,Q3,September,DEP-004,CC-105,CAT-012,21986.21,Operating,REG-01
BUD-202509-DEP-004-CC-113-CAT-004,2025,Q3,September,DEP-004,CC-113,CAT-004,36197.38,Operating,REG-08
BUD-202509-DEP-004-CC-106-CAT-011,2025,Q3,September,DEP-004,CC-106,CAT-011,25808.81,Project,REG-02
BUD-202509-DEP-004-CC-105-CAT-013,2025,Q3,September,DEP-004,CC-105,CAT-013,31944.7,Operating,REG-06
BUD-202509-DEP-004-CC-103-CAT-012,2025,Q3,September,DEP-004,CC-103,CAT-012,18397.5,Operating,REG-04
BUD-202509-DEP-004-CC-118-CAT-010,2025,Q3,September,DEP-004,CC-118,CAT-010,19468.74,Operating,REG-08
BUD-202509-DEP-004-CC-115-CAT-002,2025,Q3,September,DEP-004,CC-115,CAT-002,19211.71,Operating,REG-04
BUD-202509-DEP-004-CC-110-CAT-004,2025,Q3,September,DEP-004,CC-110,CAT-004,35908.16,Project,REG-05
BUD-202509-DEP-004-CC-115-CAT-013,2025,Q3,September,DEP-004,CC-115,CAT-013,31280.94,Operating,REG-01
BUD-202509-DEP-004-CC-117-CAT-010,2025,Q3,September,DEP-004,CC-117,CAT-010,19879.3,Project,REG-05
BUD-202509-DEP-004-CC-104-CAT-008,2025,Q3,September,DEP-004,CC-104,CAT-008,36027.23,Operating,REG-06
BUD-202509-DEP-004-CC-111-CAT-014,2025,Q3,September,DEP-004,CC-111,CAT-014,25029.82,Project,REG-03
BUD-202509-DEP-004-CC-115-CAT-004,2025,Q3,September,DEP-004,CC-115,CAT-004,38735.43,Operating,REG-04
BUD-202509-DEP-004-CC-120-CAT-013,2025,Q3,September,DEP-004,CC-120,CAT-013,33362.65,Operating,REG-08
BUD-202509-DEP-004-CC-107-CAT-003,2025,Q3,September,DEP-004,CC-107,CAT-003,24550.78,Operating,REG-05
BUD-202509-DEP-004-CC-112-CAT-005,2025,Q3,September,DEP-004,CC-112,CAT-005,23702.01,Departmental,REG-08
BUD-202509-DEP-004-CC-109-CAT-011,2025,Q3,September,DEP-004,CC-109,CAT-011,25238.72,Capital,REG-02
BUD-202509-DEP-004-CC-117-CAT-015,2025,Q3,September,DEP-004,CC-117,CAT-015,26208.13,Operating,REG-02
BUD-202509-DEP-004-CC-112-CAT-011,2025,Q3,September,DEP-004,CC-112,CAT-011,29399.94,Operating,REG-02
BUD-202509-DEP-004-CC-117-CAT-008,2025,Q3,September,DEP-004,CC-117,CAT-008,33856.37,Operating,REG-03
BUD-202509-DEP-004-CC-101-CAT-002,2025,Q3,September,DEP-004,CC-101,CAT-002,20168.04,Project,REG-04
BUD-202509-DEP-004-CC-104-CAT-010,2025,Q3,September,DEP-004,CC-104,CAT-010,20184.27,Operating,REG-08
BUD-202509-DEP-004-CC-114-CAT-015,2025,Q3,September,DEP-004,CC-114,CAT-015,24687.68,Capital,REG-01
BUD-202509-DEP-004-CC-102-CAT-005,2025,Q3,September,DEP-004,CC-102,CAT-005,22235.06,Operating,REG-08
BUD-202509-DEP-004-CC-102-CAT-004,2025,Q3,September,DEP-004,CC-102,CAT-004,36589.06,Capital,REG-04
BUD-202509-DEP-004-CC-109-CAT-009,2025,Q3,September,DEP-004,CC-109,CAT-009,20639.43,Operating,REG-03
BUD-202509-DEP-004-CC-113-CAT-015,2025,Q3,September,DEP-004,CC-113,CAT-015,24588.02,Operating,REG-04
BUD-202509-DEP-004-CC-118-CAT-003,2025,Q3,September,DEP-004,CC-118,CAT-003,22728.69,Operating,REG-01
BUD-202509-DEP-004-CC-101-CAT-008,2025,Q3,September,DEP-004,CC-101,CAT-008,33990.88,Operating,REG-02
BUD-202509-DEP-004-CC-102-CAT-004,2025,Q3,September,DEP-004,CC-102,CAT-004,40303.71,Operating,REG-08
BUD-202509-DEP-004-CC-104-CAT-003,2025,Q3,September,DEP-004,CC-104,CAT-003,27094.14,Project,REG-07
BUD-202509-DEP-004-CC-119-CAT-012,2025,Q3,September,DEP-004,CC-119,CAT-012,21703.29,Project,REG-04
BUD-202509-DEP-004-CC-110-CAT-002,2025,Q3,September,DEP-004,CC-110,CAT-002,16957.93,Operating,REG-03
BUD-202509-DEP-004-CC-112-CAT-015,2025,Q3,September,DEP-004,CC-112,CAT-015,25104.77,Capital,REG-04
BUD-202509-DEP-004-CC-120-CAT-001,2025,Q3,September,DEP-004,CC-120,CAT-001,28165.6,Project,REG-04
BUD-202509-DEP-004-CC-120-CAT-003,2025,Q3,September,DEP-004,CC-120,CAT-003,22962.49,Operating,REG-08
BUD-202509-DEP-004-CC-110-CAT-012,2025,Q3,September,DEP-004,CC-110,CAT-012,19559.69,Departmental,REG-08
BUD-202509-DEP-004-CC-103-CAT-010,2025,Q3,September,DEP-004,CC-103,CAT-010,22448.33,Project,REG-03
BUD-202509-DEP-004-CC-107-CAT-015,2025,Q3,September,DEP-004,CC-107,CAT-015,27697.21,Project,REG-05
BUD-202509-DEP-004-CC-110-CAT-014,2025,Q3,September,DEP-004,CC-110,CAT-014,25887.08,Operating,REG-06
BUD-202509-DEP-004-CC-110-CAT-011,2025,Q3,September,DEP-004,CC-110,CAT-011,29317.05,Operating,REG-02
BUD-202509-DEP-005-CC-104-CAT-001,2025,Q3,September,DEP-005,CC-104,CAT-001,35014.8,Operating,REG-05
BUD-202509-DEP-005-CC-102-CAT-003,2025,Q3,September,DEP-005,CC-102,CAT-003,32223.77,Project,REG-02
BUD-202509-DEP-005-CC-104-CAT-013,2025,Q3,September,DEP-005,CC-104,CAT-013,36205.97,Operating,REG-02
BUD-202509-DEP-005-CC-105-CAT-014,2025,Q3,September,DEP-005,CC-105,CAT-014,25847.22,Operating,REG-04
BUD-202509-DEP-005-CC-104-CAT-011,2025,Q3,September,DEP-005,CC-104,CAT-011,31303.17,Operating,REG-08
BUD-202509-DEP-005-CC-120-CAT-008,2025,Q3,September,DEP-005,CC-120,CAT-008,42475.32,Project,REG-04
BUD-202509-DEP-005-CC-105-CAT-012,2025,Q3,September,DEP-005,CC-105,CAT-012,25269.44,Operating,REG-05
BUD-202509-DEP-005-CC-112-CAT-011,2025,Q3,September,DEP-005,CC-112,CAT-011,32810.97,Operating,REG-05
BUD-202509-DEP-005-CC-106-CAT-003,2025,Q3,September,DEP-005,CC-106,CAT-003,28388.45,Operating,REG-03
BUD-202509-DEP-005-CC-110-CAT-005,2025,Q3,September,DEP-005,CC-110,CAT-005,24431.5,Capital,REG-02
BUD-202509-DEP-005-CC-107-CAT-002,2025,Q3,September,DEP-005,CC-107,CAT-002,21385.94,Capital,REG-07
BUD-202509-DEP-005-CC-117-CAT-006,2025,Q3,September,DEP-005,CC-117,CAT-006,32265.7,Operating,REG-02
BUD-202509-DEP-005-CC-119-CAT-003,2025,Q3,September,DEP-005,CC-119,CAT-003,29657.11,Capital,REG-06
BUD-202509-DEP-005-CC-116-CAT-013,2025,Q3,September,DEP-005,CC-116,CAT-013,30853.3,Operating,REG-03
BUD-202509-DEP-005-CC-106-CAT-014,2025,Q3,September,DEP-005,CC-106,CAT-014,26479.73,Operating,REG-02
BUD-202509-DEP-005-CC-105-CAT-003,2025,Q3,September,DEP-005,CC-105,CAT-003,29850.85,Operating,REG-08
BUD-202509-DEP-005-CC-118-CAT-002,2025,Q3,September,DEP-005,CC-118,CAT-002,21977.4,Operating,REG-03
BUD-202509-DEP-005-CC-108-CAT-007,2025,Q3,September,DEP-005,CC-108,CAT-007,19534.26,Capital,REG-03
BUD-202509-DEP-005-CC-110-CAT-015,2025,Q3,September,DEP-005,CC-110,CAT-015,27690.33,Operating,REG-03
BUD-202509-DEP-005-CC-114-CAT-005,2025,Q3,September,DEP-005,CC-114,CAT-005,25756.6,Operating,REG-07
BUD-202509-DEP-005-CC-116-CAT-002,2025,Q3,September,DEP-005,CC-116,CAT-002,23094.82,Operating,REG-01
BUD-202509-DEP-005-CC-114-CAT-006,2025,Q3,September,DEP-005,CC-114,CAT-006,35724.29,Project,REG-05
BUD-202509-DEP-005-CC-112-CAT-013,2025,Q3,September,DEP-005,CC-112,CAT-013,38006.83,Project,REG-06
BUD-202509-DEP-005-CC-105-CAT-015,2025,Q3,September,DEP-005,CC-105,CAT-015,28665.98,Operating,REG-08
BUD-202509-DEP-005-CC-111-CAT-002,2025,Q3,September,DEP-005,CC-111,CAT-002,24061.43,Capital,REG-02
BUD-202509-DEP-005-CC-111-CAT-011,2025,Q3,September,DEP-005,CC-111,CAT-011,31107.33,Capital,REG-01
BUD-202509-DEP-005-CC-114-CAT-003,2025,Q3,September,DEP-005,CC-114,CAT-003,26899.87,Departmental,REG-03
BUD-202509-DEP-005-CC-105-CAT-009,2025,Q3,September,DEP-005,CC-105,CAT-009,26602.13,Operating,REG-06
BUD-202509-DEP-005-CC-106-CAT-011,2025,Q3,September,DEP-005,CC-106,CAT-011,35183.78,Operating,REG-03
BUD-202509-DEP-005-CC-106-CAT-012,2025,Q3,September,DEP-005,CC-106,CAT-012,24377.11,Capital,REG-08
BUD-202509-DEP-005-CC-102-CAT-004,2025,Q3,September,DEP-005,CC-102,CAT-004,38944.39,Operating,REG-05
BUD-202509-DEP-005-CC-101-CAT-013,2025,Q3,September,DEP-005,CC-101,CAT-013,35409.33,Operating,REG-07
BUD-202509-DEP-006-CC-102-CAT-012,2025,Q3,September,DEP-006,CC-102,CAT-012,16379.73,Project,REG-04
BUD-202509-DEP-006-CC-110-CAT-001,2025,Q3,September,DEP-006,CC-110,CAT-001,22664.11,Project,REG-02
BUD-202509-DEP-006-CC-109-CAT-002,2025,Q3,September,DEP-006,CC-109,CAT-002,13782.57,Operating,REG-07
BUD-202509-DEP-006-CC-114-CAT-011,2025,Q3,September,DEP-006,CC-114,CAT-011,24119.0,Operating,REG-03
BUD-202509-DEP-006-CC-116-CAT-003,2025,Q3,September,DEP-006,CC-116,CAT-003,17860.61,Operating,REG-06
BUD-202509-DEP-006-CC-116-CAT-003,2025,Q3,September,DEP-006,CC-116,CAT-003,21984.58,Capital,REG-01
BUD-202509-DEP-006-CC-105-CAT-009,2025,Q3,September,DEP-006,CC-105,CAT-009,16516.86,Operating,REG-01
BUD-202509-DEP-006-CC-120-CAT-010,2025,Q3,September,DEP-006,CC-120,CAT-010,15001.59,Capital,REG-07
BUD-202509-DEP-006-CC-112-CAT-007,2025,Q3,September,DEP-006,CC-112,CAT-007,12065.51,Operating,REG-05
BUD-202509-DEP-006-CC-120-CAT-002,2025,Q3,September,DEP-006,CC-120,CAT-002,15548.87,Operating,REG-02
BUD-202509-DEP-006-CC-102-CAT-013,2025,Q3,September,DEP-006,CC-102,CAT-013,26473.94,Project,REG-06
BUD-202509-DEP-006-CC-103-CAT-013,2025,Q3,September,DEP-006,CC-103,CAT-013,25181.93,Project,REG-04
BUD-202509-DEP-006-CC-120-CAT-007,2025,Q3,September,DEP-006,CC-120,CAT-007,12570.48,Departmental,REG-01
BUD-202509-DEP-006-CC-108-CAT-003,2025,Q3,September,DEP-006,CC-108,CAT-003,18803.5,Departmental,REG-08
BUD-202509-DEP-006-CC-120-CAT-007,2025,Q3,September,DEP-006,CC-120,CAT-007,12003.89,Capital,REG-07
BUD-202509-DEP-006-CC-106-CAT-008,2025,Q3,September,DEP-006,CC-106,CAT-008,28452.41,Operating,REG-05
BUD-202509-DEP-006-CC-105-CAT-014,2025,Q3,September,DEP-006,CC-105,CAT-014,20292.58,Departmental,REG-02
BUD-202509-DEP-006-CC-108-CAT-007,2025,Q3,September,DEP-006,CC-108,CAT-007,13108.53,Project,REG-05
BUD-202509-DEP-006-CC-119-CAT-007,2025,Q3,September,DEP-006,CC-119,CAT-007,11348.28,Operating,REG-04
BUD-202509-DEP-006-CC-101-CAT-009,2025,Q3,September,DEP-006,CC-101,CAT-009,19538.37,Departmental,REG-08
BUD-202509-DEP-006-CC-105-CAT-001,2025,Q3,September,DEP-006,CC-105,CAT-001,26860.67,Operating,REG-03
BUD-202509-DEP-006-CC-104-CAT-001,2025,Q3,September,DEP-006,CC-104,CAT-001,23896.31,Operating,REG-04
BUD-202509-DEP-006-CC-113-CAT-006,2025,Q3,September,DEP-006,CC-113,CAT-006,21371.71,Operating,REG-04
BUD-202509-DEP-006-CC-107-CAT-007,2025,Q3,September,DEP-006,CC-107,CAT-007,11427.74,Operating,REG-08
BUD-202509-DEP-006-CC-109-CAT-003,2025,Q3,September,DEP-006,CC-109,CAT-003,17821.37,Operating,REG-06
BUD-202509-DEP-006-CC-110-CAT-007,2025,Q3,September,DEP-006,CC-110,CAT-007,11983.74,Operating,REG-07
BUD-202509-DEP-006-CC-112-CAT-011,2025,Q3,September,DEP-006,CC-112,CAT-011,22731.51,Operating,REG-04
BUD-202509-DEP-006-CC-118-CAT-007,2025,Q3,September,DEP-006,CC-118,CAT-007,12216.1,Departmental,REG-07
BUD-202509-DEP-006-CC-116-CAT-011,2025,Q3,September,DEP-006,CC-116,CAT-011,21825.28,Operating,REG-06
BUD-202509-DEP-006-CC-107-CAT-012,2025,Q3,September,DEP-006,CC-107,CAT-012,16001.72,Operating,REG-01
BUD-202509-DEP-006-CC-103-CAT-001,2025,Q3,September,DEP-006,CC-103,CAT-001,25183.35,Operating,REG-06
BUD-202509-DEP-006-CC-120-CAT-014,2025,Q3,September,DEP-006,CC-120,CAT-014,19837.68,Departmental,REG-01
BUD-202509-DEP-006-CC-105-CAT-012,2025,Q3,September,DEP-006,CC-105,CAT-012,15129.78,Operating,REG-03
BUD-202509-DEP-006-CC-107-CAT-015,2025,Q3,September,DEP-006,CC-107,CAT-015,23071.65,Project,REG-04
BUD-202509-DEP-006-CC-120-CAT-013,2025,Q3,September,DEP-006,CC-120,CAT-013,26568.3,Project,REG-07
BUD-202509-DEP-007-CC-101-CAT-006,2025,Q3,September,DEP-007,CC-101,CAT-006,35171.31,Operating,REG-06
BUD-202509-DEP-007-CC-118-CAT-011,2025,Q3,September,DEP-007,CC-118,CAT-011,42546.12,Departmental,REG-07
BUD-202509-DEP-007-CC-105-CAT-002,2025,Q3,September,DEP-007,CC-105,CAT-002,23691.74,Departmental,REG-06
BUD-202509-DEP-007-CC-108-CAT-012,2025,Q3,September,DEP-007,CC-108,CAT-012,26675.52,Operating,REG-05
BUD-202509-DEP-007-CC-120-CAT-013,2025,Q3,September,DEP-007,CC-120,CAT-013,39303.43,Operating,REG-06
BUD-202509-DEP-007-CC-112-CAT-003,2025,Q3,September,DEP-007,CC-112,CAT-003,35732.6,Operating,REG-01
BUD-202509-DEP-007-CC-109-CAT-003,2025,Q3,September,DEP-007,CC-109,CAT-003,38064.13,Operating,REG-03
BUD-202509-DEP-007-CC-112-CAT-014,2025,Q3,September,DEP-007,CC-112,CAT-014,29540.6,Operating,REG-01
BUD-202509-DEP-007-CC-114-CAT-001,2025,Q3,September,DEP-007,CC-114,CAT-001,42944.07,Project,REG-08
BUD-202509-DEP-007-CC-106-CAT-013,2025,Q3,September,DEP-007,CC-106,CAT-013,37395.13,Departmental,REG-02
BUD-202509-DEP-007-CC-112-CAT-011,2025,Q3,September,DEP-007,CC-112,CAT-011,36497.99,Capital,REG-05
BUD-202509-DEP-007-CC-109-CAT-006,2025,Q3,September,DEP-007,CC-109,CAT-006,39886.1,Operating,REG-04
BUD-202509-DEP-007-CC-107-CAT-004,2025,Q3,September,DEP-007,CC-107,CAT-004,48804.82,Operating,REG-02
BUD-202509-DEP-007-CC-117-CAT-008,2025,Q3,September,DEP-007,CC-117,CAT-008,46771.39,Operating,REG-05
BUD-202509-DEP-007-CC-113-CAT-004,2025,Q3,September,DEP-007,CC-113,CAT-004,50204.14,Capital,REG-06
BUD-202509-DEP-007-CC-109-CAT-007,2025,Q3,September,DEP-007,CC-109,CAT-007,24283.61,Capital,REG-08
BUD-202509-DEP-007-CC-107-CAT-015,2025,Q3,September,DEP-007,CC-107,CAT-015,38680.11,Operating,REG-02
BUD-202509-DEP-007-CC-108-CAT-003,2025,Q3,September,DEP-007,CC-108,CAT-003,37831.21,Project,REG-08
BUD-202509-DEP-007-CC-108-CAT-008,2025,Q3,September,DEP-007,CC-108,CAT-008,44178.77,Operating,REG-05
BUD-202509-DEP-007-CC-119-CAT-004,2025,Q3,September,DEP-007,CC-119,CAT-004,53504.43,Capital,REG-08
BUD-202509-DEP-007-CC-115-CAT-006,2025,Q3,September,DEP-007,CC-115,CAT-006,38124.89,Project,REG-06
BUD-202509-DEP-007-CC-110-CAT-008,2025,Q3,September,DEP-007,CC-110,CAT-008,49745.73,Departmental,REG-05
BUD-202509-DEP-007-CC-105-CAT-005,2025,Q3,September,DEP-007,CC-105,CAT-005,32369.7,Operating,REG-02
BUD-202509-DEP-007-CC-110-CAT-001,2025,Q3,September,DEP-007,CC-110,CAT-001,43814.3,Departmental,REG-08
BUD-202509-DEP-007-CC-118-CAT-005,2025,Q3,September,DEP-007,CC-118,CAT-005,30987.09,Capital,REG-07
BUD-202509-DEP-007-CC-107-CAT-005,2025,Q3,September,DEP-007,CC-107,CAT-005,28867.85,Capital,REG-02
BUD-202509-DEP-007-CC-114-CAT-001,2025,Q3,September,DEP-007,CC-114,CAT-001,45458.95,Operating,REG-03
BUD-202509-DEP-007-CC-109-CAT-002,2025,Q3,September,DEP-007,CC-109,CAT-002,27925.21,Operating,REG-02
BUD-202509-DEP-007-CC-116-CAT-008,2025,Q3,September,DEP-007,CC-116,CAT-008,42423.19,Departmental,REG-03
BUD-202509-DEP-008-CC-101-CAT-005,2025,Q3,September,DEP-008,CC-101,CAT-005,19412.57,Operating,REG-08
BUD-202509-DEP-008-CC-117-CAT-010,2025,Q3,September,DEP-008,CC-117,CAT-010,18465.73,Capital,REG-04
BUD-202509-DEP-008-CC-114-CAT-004,2025,Q3,September,DEP-008,CC-114,CAT-004,38587.48,Operating,REG-02
BUD-202509-DEP-008-CC-114-CAT-003,2025,Q3,September,DEP-008,CC-114,CAT-003,24750.14,Departmental,REG-06
BUD-202509-DEP-008-CC-110-CAT-004,2025,Q3,September,DEP-008,CC-110,CAT-004,34205.64,Departmental,REG-01
BUD-202509-DEP-008-CC-111-CAT-001,2025,Q3,September,DEP-008,CC-111,CAT-001,26457.22,Capital,REG-07
BUD-202509-DEP-008-CC-105-CAT-012,2025,Q3,September,DEP-008,CC-105,CAT-012,18341.19,Operating,REG-04
BUD-202509-DEP-008-CC-103-CAT-015,2025,Q3,September,DEP-008,CC-103,CAT-015,26015.23,Operating,REG-02
BUD-202509-DEP-008-CC-111-CAT-007,2025,Q3,September,DEP-008,CC-111,CAT-007,17072.99,Operating,REG-01
BUD-202509-DEP-008-CC-115-CAT-003,2025,Q3,September,DEP-008,CC-115,CAT-003,22758.88,Capital,REG-03
BUD-202509-DEP-008-CC-116-CAT-011,2025,Q3,September,DEP-008,CC-116,CAT-011,28106.1,Operating,REG-08
BUD-202509-DEP-008-CC-103-CAT-002,2025,Q3,September,DEP-008,CC-103,CAT-002,17688.71,Departmental,REG-01
BUD-202509-DEP-008-CC-104-CAT-005,2025,Q3,September,DEP-008,CC-104,CAT-005,21943.73,Operating,REG-04
BUD-202509-DEP-008-CC-120-CAT-003,2025,Q3,September,DEP-008,CC-120,CAT-003,23579.17,Capital,REG-01
BUD-202509-DEP-008-CC-118-CAT-009,2025,Q3,September,DEP-008,CC-118,CAT-009,22447.43,Project,REG-05
BUD-202509-DEP-008-CC-120-CAT-001,2025,Q3,September,DEP-008,CC-120,CAT-001,28685.11,Operating,REG-08
BUD-202509-DEP-008-CC-114-CAT-005,2025,Q3,September,DEP-008,CC-114,CAT-005,21109.15,Operating,REG-03
BUD-202509-DEP-008-CC-106-CAT-005,2025,Q3,September,DEP-008,CC-106,CAT-005,19751.21,Operating,REG-08
BUD-202509-DEP-008-CC-116-CAT-013,2025,Q3,September,DEP-008,CC-116,CAT-013,27064.17,Departmental,REG-05
BUD-202509-DEP-008-CC-120-CAT-015,2025,Q3,September,DEP-008,CC-120,CAT-015,22728.03,Operating,REG-01
BUD-202509-DEP-008-CC-107-CAT-011,2025,Q3,September,DEP-008,CC-107,CAT-011,28028.6,Operating,REG-01
BUD-202509-DEP-008-CC-109-CAT-014,2025,Q3,September,DEP-008,CC-109,CAT-014,20726.43,Operating,REG-05
BUD-202509-DEP-008-CC-102-CAT-012,2025,Q3,September,DEP-008,CC-102,CAT-012,17971.74,Project,REG-08
BUD-202509-DEP-008-CC-107-CAT-011,2025,Q3,September,DEP-008,CC-107,CAT-011,28523.86,Departmental,REG-07
BUD-202509-DEP-008-CC-119-CAT-007,2025,Q3,September,DEP-008,CC-119,CAT-007,14093.42,Departmental,REG-07
BUD-202509-DEP-008-CC-117-CAT-009,2025,Q3,September,DEP-008,CC-117,CAT-009,24518.76,Operating,REG-04
BUD-202509-DEP-008-CC-107-CAT-003,2025,Q3,September,DEP-008,CC-107,CAT-003,22295.01,Operating,REG-06
BUD-202509-DEP-008-CC-107-CAT-004,2025,Q3,September,DEP-008,CC-107,CAT-004,38208.97,Operating,REG-08
BUD-202509-DEP-008-CC-103-CAT-003,2025,Q3,September,DEP-008,CC-103,CAT-003,22846.63,Operating,REG-07
BUD-202509-DEP-008-CC-116-CAT-010,2025,Q3,September,DEP-008,CC-116,CAT-010,20934.06,Operating,REG-05
BUD-202509-DEP-008-CC-109-CAT-005,2025,Q3,September,DEP-008,CC-109,CAT-005,20295.01,Capital,REG-06
BUD-202509-DEP-008-CC-116-CAT-003,2025,Q3,September,DEP-008,CC-116,CAT-003,26535.83,Operating,REG-08
BUD-202509-DEP-008-CC-118-CAT-007,2025,Q3,September,DEP-008,CC-118,CAT-007,16098.26,Operating,REG-02
BUD-202509-DEP-008-CC-116-CAT-013,2025,Q3,September,DEP-008,CC-116,CAT-013,27379.38,Departmental,REG-04
BUD-202509-DEP-008-CC-107-CAT-015,2025,Q3,September,DEP-008,CC-107,CAT-015,24963.59,Operating,REG-04
BUD-202509-DEP-008-CC-120-CAT-015,2025,Q3,September,DEP-008,CC-120,CAT-015,25243.45,Departmental,REG-04
BUD-202509-DEP-008-CC-108-CAT-006,2025,Q3,September,DEP-008,CC-108,CAT-006,28207.08,Operating,REG-05
BUD-202509-DEP-008-CC-109-CAT-013,2025,Q3,September,DEP-008,CC-109,CAT-013,28204.69,Project,REG-06
BUD-202509-DEP-008-CC-112-CAT-015,2025,Q3,September,DEP-008,CC-112,CAT-015,23688.85,Operating,REG-03
BUD-202509-DEP-008-CC-104-CAT-010,2025,Q3,September,DEP-008,CC-104,CAT-010,21653.38,Operating,REG-06
BUD-202509-DEP-008-CC-102-CAT-005,2025,Q3,September,DEP-008,CC-102,CAT-005,18958.79,Operating,REG-03
BUD-202509-DEP-008-CC-107-CAT-012,2025,Q3,September,DEP-008,CC-107,CAT-012,20117.98,Capital,REG-03
BUD-202509-DEP-008-CC-108-CAT-010,2025,Q3,September,DEP-008,CC-108,CAT-010,18513.25,Departmental,REG-07
BUD-202509-DEP-008-CC-113-CAT-006,2025,Q3,September,DEP-008,CC-113,CAT-006,27182.72,Departmental,REG-05
BUD-202509-DEP-008-CC-109-CAT-005,2025,Q3,September,DEP-008,CC-109,CAT-005,18999.5,Operating,REG-06
BUD-202509-DEP-008-CC-110-CAT-007,2025,Q3,September,DEP-008,CC-110,CAT-007,14938.09,Project,REG-08
BUD-202509-DEP-009-CC-116-CAT-005,2025,Q3,September,DEP-009,CC-116,CAT-005,35878.05,Project,REG-01
BUD-202509-DEP-009-CC-108-CAT-011,2025,Q3,September,DEP-009,CC-108,CAT-011,47554.19,Project,REG-07
BUD-202509-DEP-009-CC-119-CAT-003,2025,Q3,September,DEP-009,CC-119,CAT-003,37486.24,Operating,REG-04
BUD-202509-DEP-009-CC-115-CAT-012,2025,Q3,September,DEP-009,CC-115,CAT-012,32168.36,Operating,REG-07
BUD-202509-DEP-009-CC-102-CAT-014,2025,Q3,September,DEP-009,CC-102,CAT-014,39991.33,Capital,REG-01
BUD-202509-DEP-009-CC-119-CAT-003,2025,Q3,September,DEP-009,CC-119,CAT-003,40223.48,Project,REG-05
BUD-202509-DEP-009-CC-106-CAT-010,2025,Q3,September,DEP-009,CC-106,CAT-010,31969.9,Project,REG-07
BUD-202509-DEP-009-CC-108-CAT-004,2025,Q3,September,DEP-009,CC-108,CAT-004,55619.31,Operating,REG-01
BUD-202509-DEP-009-CC-113-CAT-001,2025,Q3,September,DEP-009,CC-113,CAT-001,52193.09,Operating,REG-04
BUD-202509-DEP-009-CC-108-CAT-002,2025,Q3,September,DEP-009,CC-108,CAT-002,26827.91,Operating,REG-05
BUD-202509-DEP-009-CC-106-CAT-001,2025,Q3,September,DEP-009,CC-106,CAT-001,48321.29,Operating,REG-01
BUD-202509-DEP-009-CC-115-CAT-015,2025,Q3,September,DEP-009,CC-115,CAT-015,48507.78,Operating,REG-02
BUD-202509-DEP-009-CC-114-CAT-009,2025,Q3,September,DEP-009,CC-114,CAT-009,38504.37,Operating,REG-01
BUD-202509-DEP-009-CC-101-CAT-014,2025,Q3,September,DEP-009,CC-101,CAT-014,36862.25,Capital,REG-04
BUD-202509-DEP-009-CC-107-CAT-014,2025,Q3,September,DEP-009,CC-107,CAT-014,39811.28,Capital,REG-01
BUD-202509-DEP-009-CC-106-CAT-004,2025,Q3,September,DEP-009,CC-106,CAT-004,63221.75,Project,REG-01
BUD-202509-DEP-009-CC-101-CAT-009,2025,Q3,September,DEP-009,CC-101,CAT-009,36583.55,Project,REG-04
BUD-202509-DEP-009-CC-118-CAT-015,2025,Q3,September,DEP-009,CC-118,CAT-015,48029.13,Project,REG-06
BUD-202509-DEP-009-CC-103-CAT-009,2025,Q3,September,DEP-009,CC-103,CAT-009,36270.44,Project,REG-07
BUD-202509-DEP-009-CC-101-CAT-003,2025,Q3,September,DEP-009,CC-101,CAT-003,40936.75,Operating,REG-06
BUD-202509-DEP-009-CC-120-CAT-007,2025,Q3,September,DEP-009,CC-120,CAT-007,24013.15,Departmental,REG-02
BUD-202509-DEP-009-CC-110-CAT-006,2025,Q3,September,DEP-009,CC-110,CAT-006,49243.45,Operating,REG-03
BUD-202509-DEP-009-CC-107-CAT-006,2025,Q3,September,DEP-009,CC-107,CAT-006,42885.36,Departmental,REG-03
BUD-202509-DEP-009-CC-111-CAT-011,2025,Q3,September,DEP-009,CC-111,CAT-011,46016.72,Departmental,REG-05
BUD-202509-DEP-009-CC-109-CAT-013,2025,Q3,September,DEP-009,CC-109,CAT-013,48539.39,Departmental,REG-03
BUD-202509-DEP-009-CC-115-CAT-004,2025,Q3,September,DEP-009,CC-115,CAT-004,67356.37,Departmental,REG-02
BUD-202509-DEP-009-CC-117-CAT-010,2025,Q3,September,DEP-009,CC-117,CAT-010,31166.46,Operating,REG-04
BUD-202509-DEP-009-CC-116-CAT-014,2025,Q3,September,DEP-009,CC-116,CAT-014,36312.34,Operating,REG-01
BUD-202509-DEP-009-CC-108-CAT-015,2025,Q3,September,DEP-009,CC-108,CAT-015,44582.73,Operating,REG-08
BUD-202509-DEP-009-CC-102-CAT-015,2025,Q3,September,DEP-009,CC-102,CAT-015,40588.67,Operating,REG-03
BUD-202509-DEP-009-CC-113-CAT-014,2025,Q3,September,DEP-009,CC-113,CAT-014,39854.45,Operating,REG-06
BUD-202509-DEP-009-CC-103-CAT-011,2025,Q3,September,DEP-009,CC-103,CAT-011,48570.5,Operating,REG-03
BUD-202509-DEP-009-CC-115-CAT-013,2025,Q3,September,DEP-009,CC-115,CAT-013,52523.94,Operating,REG-03
BUD-202509-DEP-009-CC-116-CAT-005,2025,Q3,September,DEP-009,CC-116,CAT-005,38453.68,Operating,REG-06
BUD-202509-DEP-009-CC-114-CAT-007,2025,Q3,September,DEP-009,CC-114,CAT-007,27552.11,Departmental,REG-01
BUD-202509-DEP-009-CC-105-CAT-010,2025,Q3,September,DEP-009,CC-105,CAT-010,34761.38,Operating,REG-05
BUD-202509-DEP-009-CC-105-CAT-007,2025,Q3,September,DEP-009,CC-105,CAT-007,24316.36,Operating,REG-04
BUD-202509-DEP-009-CC-102-CAT-015,2025,Q3,September,DEP-009,CC-102,CAT-015,45961.41,Operating,REG-03
BUD-202509-DEP-009-CC-119-CAT-007,2025,Q3,September,DEP-009,CC-119,CAT-007,28393.5,Operating,REG-03
BUD-202509-DEP-009-CC-118-CAT-006,2025,Q3,September,DEP-009,CC-118,CAT-006,51909.72,Departmental,REG-07
BUD-202509-DEP-009-CC-114-CAT-008,2025,Q3,September,DEP-009,CC-114,CAT-008,55924.27,Operating,REG-01
BUD-202509-DEP-009-CC-105-CAT-002,2025,Q3,September,DEP-009,CC-105,CAT-002,32893.97,Departmental,REG-07
BUD-202509-DEP-009-CC-105-CAT-008,2025,Q3,September,DEP-009,CC-105,CAT-008,58965.14,Operating,REG-03
BUD-202509-DEP-009-CC-117-CAT-007,2025,Q3,September,DEP-009,CC-117,CAT-007,25516.86,Project,REG-04
BUD-202509-DEP-010-CC-112-CAT-003,2025,Q3,September,DEP-010,CC-112,CAT-003,24687.23,Departmental,REG-08
BUD-202509-DEP-010-CC-106-CAT-011,2025,Q3,September,DEP-010,CC-106,CAT-011,25988.02,Operating,REG-08
BUD-202509-DEP-010-CC-107-CAT-013,2025,Q3,September,DEP-010,CC-107,CAT-013,32452.59,Project,REG-01
BUD-202509-DEP-010-CC-107-CAT-001,2025,Q3,September,DEP-010,CC-107,CAT-001,35261.32,Project,REG-04
BUD-202509-DEP-010-CC-103-CAT-008,2025,Q3,September,DEP-010,CC-103,CAT-008,32060.83,Capital,REG-07
BUD-202509-DEP-010-CC-103-CAT-005,2025,Q3,September,DEP-010,CC-103,CAT-005,25586.3,Project,REG-03
BUD-202509-DEP-010-CC-107-CAT-005,2025,Q3,September,DEP-010,CC-107,CAT-005,22095.2,Departmental,REG-03
BUD-202509-DEP-010-CC-107-CAT-004,2025,Q3,September,DEP-010,CC-107,CAT-004,43164.54,Departmental,REG-07
BUD-202509-DEP-010-CC-106-CAT-013,2025,Q3,September,DEP-010,CC-106,CAT-013,28871.27,Departmental,REG-07
BUD-202509-DEP-010-CC-112-CAT-015,2025,Q3,September,DEP-010,CC-112,CAT-015,30665.81,Operating,REG-06
BUD-202509-DEP-010-CC-117-CAT-011,2025,Q3,September,DEP-010,CC-117,CAT-011,28638.22,Departmental,REG-05
BUD-202509-DEP-010-CC-107-CAT-001,2025,Q3,September,DEP-010,CC-107,CAT-001,31590.53,Project,REG-07
BUD-202509-DEP-010-CC-105-CAT-010,2025,Q3,September,DEP-010,CC-105,CAT-010,20829.74,Project,REG-06
BUD-202509-DEP-010-CC-112-CAT-009,2025,Q3,September,DEP-010,CC-112,CAT-009,26767.05,Operating,REG-01
BUD-202509-DEP-010-CC-115-CAT-002,2025,Q3,September,DEP-010,CC-115,CAT-002,19358.49,Operating,REG-07
BUD-202509-DEP-010-CC-119-CAT-001,2025,Q3,September,DEP-010,CC-119,CAT-001,30481.51,Operating,REG-08
BUD-202509-DEP-010-CC-106-CAT-012,2025,Q3,September,DEP-010,CC-106,CAT-012,20230.22,Capital,REG-06
BUD-202509-DEP-010-CC-117-CAT-011,2025,Q3,September,DEP-010,CC-117,CAT-011,30760.64,Departmental,REG-01
BUD-202509-DEP-010-CC-103-CAT-015,2025,Q3,September,DEP-010,CC-103,CAT-015,27981.78,Operating,REG-04
BUD-202509-DEP-010-CC-107-CAT-009,2025,Q3,September,DEP-010,CC-107,CAT-009,27029.12,Operating,REG-08
BUD-202509-DEP-010-CC-120-CAT-009,2025,Q3,September,DEP-010,CC-120,CAT-009,22774.48,Operating,REG-07
BUD-202509-DEP-010-CC-109-CAT-004,2025,Q3,September,DEP-010,CC-109,CAT-004,40898.91,Operating,REG-05
BUD-202509-DEP-010-CC-117-CAT-008,2025,Q3,September,DEP-010,CC-117,CAT-008,35429.71,Operating,REG-02
BUD-202509-DEP-010-CC-103-CAT-007,2025,Q3,September,DEP-010,CC-103,CAT-007,18597.08,Operating,REG-04
BUD-202509-DEP-010-CC-114-CAT-007,2025,Q3,September,DEP-010,CC-114,CAT-007,16339.17,Operating,REG-08
BUD-202509-DEP-010-CC-114-CAT-013,2025,Q3,September,DEP-010,CC-114,CAT-013,34800.67,Operating,REG-02
BUD-202509-DEP-010-CC-119-CAT-014,2025,Q3,September,DEP-010,CC-119,CAT-014,27784.84,Operating,REG-05
BUD-202509-DEP-010-CC-116-CAT-013,2025,Q3,September,DEP-010,CC-116,CAT-013,35670.46,Departmental,REG-04
BUD-202509-DEP-010-CC-115-CAT-008,2025,Q3,September,DEP-010,CC-115,CAT-008,38437.26,Project,REG-06
BUD-202509-DEP-010-CC-115-CAT-011,2025,Q3,September,DEP-010,CC-115,CAT-011,30513.02,Project,REG-01
BUD-202509-DEP-010-CC-101-CAT-001,2025,Q3,September,DEP-010,CC-101,CAT-001,34368.04,Operating,REG-02
BUD-202509-DEP-010-CC-102-CAT-007,2025,Q3,September,DEP-010,CC-102,CAT-007,16538.28,Operating,REG-07
BUD-202509-DEP-010-CC-107-CAT-008,2025,Q3,September,DEP-010,CC-107,CAT-008,31813.5,Project,REG-05
BUD-202509-DEP-010-CC-117-CAT-010,2025,Q3,September,DEP-010,CC-117,CAT-010,21775.73,Operating,REG-04
BUD-202509-DEP-010-CC-111-CAT-007,2025,Q3,September,DEP-010,CC-111,CAT-007,15326.06,Operating,REG-01
BUD-202509-DEP-010-CC-115-CAT-015,2025,Q3,September,DEP-010,CC-115,CAT-015,28830.24,Departmental,REG-02
BUD-202509-DEP-010-CC-115-CAT-012,2025,Q3,September,DEP-010,CC-115,CAT-012,21500.8,Capital,REG-04
BUD-202509-DEP-010-CC-105-CAT-013,2025,Q3,September,DEP-010,CC-105,CAT-013,31504.17,Operating,REG-04
BUD-202509-DEP-010-CC-102-CAT-015,2025,Q3,September,DEP-010,CC-102,CAT-015,30122.92,Project,REG-08
BUD-202509-DEP-010-CC-110-CAT-014,2025,Q3,September,DEP-010,CC-110,CAT-014,23270.75,Operating,REG-01
BUD-202509-DEP-010-CC-120-CAT-015,2025,Q3,September,DEP-010,CC-120,CAT-015,29553.73,Departmental,REG-05
BUD-202604-DEP-001-CC-114-CAT-007,2026,Q2,April,DEP-001,CC-114,CAT-007,22357.07,Operating,REG-01
BUD-202604-DEP-001-CC-115-CAT-012,2026,Q2,April,DEP-001,CC-115,CAT-012,28088.37,Project,REG-02
BUD-202604-DEP-001-CC-116-CAT-003,2026,Q2,April,DEP-001,CC-116,CAT-003,35440.35,Departmental,REG-07
BUD-202604-DEP-001-CC-118-CAT-010,2026,Q2,April,DEP-001,CC-118,CAT-010,31031.77,Departmental,REG-05
BUD-202604-DEP-001-CC-108-CAT-014,2026,Q2,April,DEP-001,CC-108,CAT-014,33086.02,Operating,REG-01
BUD-202604-DEP-001-CC-101-CAT-008,2026,Q2,April,DEP-001,CC-101,CAT-008,50213.83,Project,REG-05
BUD-202604-DEP-001-CC-118-CAT-015,2026,Q2,April,DEP-001,CC-118,CAT-015,40441.69,Capital,REG-06
BUD-202604-DEP-001-CC-107-CAT-006,2026,Q2,April,DEP-001,CC-107,CAT-006,39113.84,Capital,REG-08
BUD-202604-DEP-001-CC-109-CAT-008,2026,Q2,April,DEP-001,CC-109,CAT-008,50649.76,Project,REG-04
BUD-202604-DEP-001-CC-101-CAT-003,2026,Q2,April,DEP-001,CC-101,CAT-003,34343.94,Operating,REG-08
BUD-202604-DEP-001-CC-107-CAT-012,2026,Q2,April,DEP-001,CC-107,CAT-012,24881.97,Operating,REG-01
BUD-202604-DEP-001-CC-109-CAT-003,2026,Q2,April,DEP-001,CC-109,CAT-003,35971.89,Departmental,REG-08
BUD-202604-DEP-001-CC-102-CAT-001,2026,Q2,April,DEP-001,CC-102,CAT-001,44654.11,Operating,REG-06
BUD-202604-DEP-001-CC-114-CAT-012,2026,Q2,April,DEP-001,CC-114,CAT-012,28091.42,Capital,REG-05
BUD-202604-DEP-001-CC-116-CAT-009,2026,Q2,April,DEP-001,CC-116,CAT-009,34946.89,Departmental,REG-08
BUD-202604-DEP-001-CC-115-CAT-015,2026,Q2,April,DEP-001,CC-115,CAT-015,33239.27,Capital,REG-08
BUD-202604-DEP-001-CC-109-CAT-011,2026,Q2,April,DEP-001,CC-109,CAT-011,41627.03,Operating,REG-02
BUD-202604-DEP-001-CC-105-CAT-008,2026,Q2,April,DEP-001,CC-105,CAT-008,43090.4,Operating,REG-08
BUD-202604-DEP-001-CC-101-CAT-007,2026,Q2,April,DEP-001,CC-101,CAT-007,24541.6,Capital,REG-07
BUD-202604-DEP-001-CC-118-CAT-003,2026,Q2,April,DEP-001,CC-118,CAT-003,38405.23,Project,REG-04
BUD-202604-DEP-001-CC-101-CAT-007,2026,Q2,April,DEP-001,CC-101,CAT-007,24535.74,Operating,REG-06
BUD-202604-DEP-001-CC-113-CAT-010,2026,Q2,April,DEP-001,CC-113,CAT-010,27650.4,Operating,REG-02
BUD-202604-DEP-001-CC-112-CAT-012,2026,Q2,April,DEP-001,CC-112,CAT-012,30690.84,Operating,REG-07
BUD-202604-DEP-001-CC-108-CAT-005,2026,Q2,April,DEP-001,CC-108,CAT-005,33050.94,Operating,REG-04
BUD-202604-DEP-001-CC-109-CAT-015,2026,Q2,April,DEP-001,CC-109,CAT-015,34990.22,Operating,REG-02
BUD-202604-DEP-001-CC-117-CAT-011,2026,Q2,April,DEP-001,CC-117,CAT-011,42934.97,Operating,REG-03
BUD-202604-DEP-001-CC-108-CAT-004,2026,Q2,April,DEP-001,CC-108,CAT-004,57425.57,Operating,REG-08
BUD-202604-DEP-001-CC-104-CAT-003,2026,Q2,April,DEP-001,CC-104,CAT-003,33970.87,Operating,REG-01
BUD-202604-DEP-001-CC-103-CAT-013,2026,Q2,April,DEP-001,CC-103,CAT-013,43326.8,Capital,REG-04
BUD-202604-DEP-001-CC-116-CAT-007,2026,Q2,April,DEP-001,CC-116,CAT-007,22443.0,Operating,REG-02
BUD-202604-DEP-001-CC-110-CAT-001,2026,Q2,April,DEP-001,CC-110,CAT-001,42260.26,Operating,REG-01
BUD-202604-DEP-001-CC-106-CAT-008,2026,Q2,April,DEP-001,CC-106,CAT-008,48359.69,Project,REG-08
BUD-202604-DEP-001-CC-109-CAT-015,2026,Q2,April,DEP-001,CC-109,CAT-015,41079.06,Capital,REG-01
BUD-202604-DEP-001-CC-103-CAT-009,2026,Q2,April,DEP-001,CC-103,CAT-009,34378.63,Operating,REG-07
BUD-202604-DEP-001-CC-107-CAT-015,2026,Q2,April,DEP-001,CC-107,CAT-015,41566.04,Project,REG-08
BUD-202604-DEP-001-CC-110-CAT-001,2026,Q2,April,DEP-001,CC-110,CAT-001,40971.7,Project,REG-01
BUD-202604-DEP-001-CC-110-CAT-012,2026,Q2,April,DEP-001,CC-110,CAT-012,29879.0,Departmental,REG-08
BUD-202604-DEP-001-CC-107-CAT-008,2026,Q2,April,DEP-001,CC-107,CAT-008,44035.62,Project,REG-07
BUD-202604-DEP-001-CC-106-CAT-015,2026,Q2,April,DEP-001,CC-106,CAT-015,39949.08,Operating,REG-03
BUD-202604-DEP-001-CC-103-CAT-002,2026,Q2,April,DEP-001,CC-103,CAT-002,26334.53,Operating,REG-04
BUD-202604-DEP-001-CC-112-CAT-005,2026,Q2,April,DEP-001,CC-112,CAT-005,29714.21,Project,REG-03
BUD-202604-DEP-002-CC-119-CAT-001,2026,Q2,April,DEP-002,CC-119,CAT-001,34094.21,Operating,REG-07
BUD-202604-DEP-002-CC-106-CAT-014,2026,Q2,April,DEP-002,CC-106,CAT-014,26640.03,Capital,REG-08
BUD-202604-DEP-002-CC-117-CAT-008,2026,Q2,April,DEP-002,CC-117,CAT-008,34891.27,Project,REG-06
BUD-202604-DEP-002-CC-101-CAT-009,2026,Q2,April,DEP-002,CC-101,CAT-009,22859.84,Operating,REG-04
BUD-202604-DEP-002-CC-119-CAT-014,2026,Q2,April,DEP-002,CC-119,CAT-014,24975.35,Departmental,REG-08
BUD-202604-DEP-002-CC-115-CAT-011,2026,Q2,April,DEP-002,CC-115,CAT-011,29400.0,Operating,REG-02
BUD-202604-DEP-002-CC-119-CAT-009,2026,Q2,April,DEP-002,CC-119,CAT-009,25068.82,Departmental,REG-08
BUD-202604-DEP-002-CC-109-CAT-014,2026,Q2,April,DEP-002,CC-109,CAT-014,23471.92,Operating,REG-08
BUD-202604-DEP-002-CC-120-CAT-011,2026,Q2,April,DEP-002,CC-120,CAT-011,29179.79,Project,REG-01
BUD-202604-DEP-002-CC-111-CAT-014,2026,Q2,April,DEP-002,CC-111,CAT-014,26775.65,Operating,REG-07
BUD-202604-DEP-002-CC-119-CAT-011,2026,Q2,April,DEP-002,CC-119,CAT-011,29468.73,Operating,REG-08
BUD-202604-DEP-002-CC-101-CAT-011,2026,Q2,April,DEP-002,CC-101,CAT-011,25049.2,Operating,REG-03
BUD-202604-DEP-002-CC-104-CAT-010,2026,Q2,April,DEP-002,CC-104,CAT-010,22520.35,Operating,REG-01
BUD-202604-DEP-002-CC-101-CAT-002,2026,Q2,April,DEP-002,CC-101,CAT-002,17826.85,Departmental,REG-06
BUD-202604-DEP-002-CC-115-CAT-013,2026,Q2,April,DEP-002,CC-115,CAT-013,29323.69,Departmental,REG-05
BUD-202604-DEP-002-CC-104-CAT-006,2026,Q2,April,DEP-002,CC-104,CAT-006,27056.74,Departmental,REG-07
BUD-202604-DEP-002-CC-103-CAT-003,2026,Q2,April,DEP-002,CC-103,CAT-003,25694.17,Operating,REG-04
BUD-202604-DEP-002-CC-107-CAT-013,2026,Q2,April,DEP-002,CC-107,CAT-013,27889.47,Operating,REG-01
BUD-202604-DEP-002-CC-115-CAT-003,2026,Q2,April,DEP-002,CC-115,CAT-003,24842.38,Operating,REG-04
BUD-202604-DEP-002-CC-109-CAT-002,2026,Q2,April,DEP-002,CC-109,CAT-002,18193.63,Operating,REG-03
BUD-202604-DEP-002-CC-107-CAT-013,2026,Q2,April,DEP-002,CC-107,CAT-013,27831.83,Project,REG-06
BUD-202604-DEP-002-CC-119-CAT-010,2026,Q2,April,DEP-002,CC-119,CAT-010,19507.32,Project,REG-02
BUD-202604-DEP-002-CC-111-CAT-003,2026,Q2,April,DEP-002,CC-111,CAT-003,22664.79,Operating,REG-05
BUD-202604-DEP-002-CC-109-CAT-013,2026,Q2,April,DEP-002,CC-109,CAT-013,29672.46,Operating,REG-03
BUD-202604-DEP-002-CC-101-CAT-008,2026,Q2,April,DEP-002,CC-101,CAT-008,32472.36,Operating,REG-06
BUD-202604-DEP-002-CC-107-CAT-004,2026,Q2,April,DEP-002,CC-107,CAT-004,36372.16,Project,REG-04
BUD-202604-DEP-002-CC-107-CAT-004,2026,Q2,April,DEP-002,CC-107,CAT-004,38423.89,Departmental,REG-03
BUD-202604-DEP-002-CC-117-CAT-004,2026,Q2,April,DEP-002,CC-117,CAT-004,34592.65,Capital,REG-06
BUD-202604-DEP-002-CC-114-CAT-004,2026,Q2,April,DEP-002,CC-114,CAT-004,33042.68,Project,REG-05
BUD-202604-DEP-002-CC-103-CAT-015,2026,Q2,April,DEP-002,CC-103,CAT-015,29334.78,Operating,REG-08
BUD-202604-DEP-002-CC-102-CAT-014,2026,Q2,April,DEP-002,CC-102,CAT-014,25056.21,Project,REG-04
BUD-202604-DEP-002-CC-103-CAT-004,2026,Q2,April,DEP-002,CC-103,CAT-004,39993.82,Operating,REG-03
BUD-202604-DEP-002-CC-105-CAT-010,2026,Q2,April,DEP-002,CC-105,CAT-010,20170.05,Operating,REG-07
BUD-202604-DEP-002-CC-112-CAT-007,2026,Q2,April,DEP-002,CC-112,CAT-007,17942.36,Departmental,REG-06
BUD-202604-DEP-002-CC-120-CAT-003,2026,Q2,April,DEP-002,CC-120,CAT-003,25852.02,Departmental,REG-04
BUD-202604-DEP-002-CC-111-CAT-006,2026,Q2,April,DEP-002,CC-111,CAT-006,25390.8,Capital,REG-02
BUD-202604-DEP-003-CC-113-CAT-004,2026,Q2,April,DEP-003,CC-113,CAT-004,60212.36,Capital,REG-02
BUD-202604-DEP-003-CC-114-CAT-006,2026,Q2,April,DEP-003,CC-114,CAT-006,46545.62,Operating,REG-07
BUD-202604-DEP-003-CC-120-CAT-011,2026,Q2,April,DEP-003,CC-120,CAT-011,45201.01,Project,REG-07
BUD-202604-DEP-003-CC-108-CAT-009,2026,Q2,April,DEP-003,CC-108,CAT-009,40128.88,Operating,REG-05
BUD-202604-DEP-003-CC-104-CAT-010,2026,Q2,April,DEP-003,CC-104,CAT-010,30697.68,Operating,REG-06
BUD-202604-DEP-003-CC-117-CAT-010,2026,Q2,April,DEP-003,CC-117,CAT-010,33430.8,Operating,REG-05
BUD-202604-DEP-003-CC-114-CAT-004,2026,Q2,April,DEP-003,CC-114,CAT-004,59862.85,Operating,REG-06
BUD-202604-DEP-003-CC-120-CAT-005,2026,Q2,April,DEP-003,CC-120,CAT-005,34648.45,Operating,REG-02
BUD-202604-DEP-003-CC-114-CAT-004,2026,Q2,April,DEP-003,CC-114,CAT-004,56753.73,Project,REG-07
BUD-202604-DEP-003-CC-107-CAT-002,2026,Q2,April,DEP-003,CC-107,CAT-002,30583.91,Project,REG-02
BUD-202604-DEP-003-CC-112-CAT-008,2026,Q2,April,DEP-003,CC-112,CAT-008,48991.09,Project,REG-06
BUD-202604-DEP-003-CC-116-CAT-012,2026,Q2,April,DEP-003,CC-116,CAT-012,31233.18,Operating,REG-01
BUD-202604-DEP-003-CC-113-CAT-009,2026,Q2,April,DEP-003,CC-113,CAT-009,41495.4,Operating,REG-05
BUD-202604-DEP-003-CC-107-CAT-006,2026,Q2,April,DEP-003,CC-107,CAT-006,47002.06,Operating,REG-02
BUD-202604-DEP-003-CC-103-CAT-005,2026,Q2,April,DEP-003,CC-103,CAT-005,36925.57,Project,REG-05
BUD-202604-DEP-003-CC-108-CAT-009,2026,Q2,April,DEP-003,CC-108,CAT-009,35011.4,Operating,REG-02
BUD-202604-DEP-003-CC-105-CAT-002,2026,Q2,April,DEP-003,CC-105,CAT-002,26771.53,Project,REG-04
BUD-202604-DEP-003-CC-101-CAT-010,2026,Q2,April,DEP-003,CC-101,CAT-010,31999.32,Operating,REG-01
BUD-202604-DEP-003-CC-118-CAT-008,2026,Q2,April,DEP-003,CC-118,CAT-008,49198.77,Operating,REG-07
BUD-202604-DEP-003-CC-106-CAT-014,2026,Q2,April,DEP-003,CC-106,CAT-014,36220.95,Operating,REG-06
BUD-202604-DEP-003-CC-118-CAT-003,2026,Q2,April,DEP-003,CC-118,CAT-003,38805.51,Departmental,REG-08
BUD-202604-DEP-003-CC-107-CAT-001,2026,Q2,April,DEP-003,CC-107,CAT-001,56125.6,Operating,REG-03
BUD-202604-DEP-003-CC-111-CAT-004,2026,Q2,April,DEP-003,CC-111,CAT-004,58425.19,Operating,REG-05
BUD-202604-DEP-003-CC-103-CAT-001,2026,Q2,April,DEP-003,CC-103,CAT-001,50263.42,Operating,REG-02
BUD-202604-DEP-003-CC-109-CAT-002,2026,Q2,April,DEP-003,CC-109,CAT-002,33639.86,Departmental,REG-05
BUD-202604-DEP-003-CC-110-CAT-003,2026,Q2,April,DEP-003,CC-110,CAT-003,41369.16,Operating,REG-07
BUD-202604-DEP-003-CC-109-CAT-012,2026,Q2,April,DEP-003,CC-109,CAT-012,33183.03,Operating,REG-01
BUD-202604-DEP-003-CC-107-CAT-010,2026,Q2,April,DEP-003,CC-107,CAT-010,37675.69,Project,REG-03
BUD-202604-DEP-003-CC-120-CAT-003,2026,Q2,April,DEP-003,CC-120,CAT-003,41082.06,Project,REG-03
BUD-202604-DEP-003-CC-109-CAT-011,2026,Q2,April,DEP-003,CC-109,CAT-011,41495.3,Operating,REG-03
BUD-202604-DEP-003-CC-114-CAT-008,2026,Q2,April,DEP-003,CC-114,CAT-008,58071.52,Operating,REG-05
BUD-202604-DEP-003-CC-107-CAT-003,2026,Q2,April,DEP-003,CC-107,CAT-003,38593.49,Operating,REG-02
BUD-202604-DEP-003-CC-117-CAT-006,2026,Q2,April,DEP-003,CC-117,CAT-006,42951.19,Project,REG-08
BUD-202604-DEP-003-CC-102-CAT-009,2026,Q2,April,DEP-003,CC-102,CAT-009,34985.69,Operating,REG-04
BUD-202604-DEP-003-CC-103-CAT-006,2026,Q2,April,DEP-003,CC-103,CAT-006,51136.25,Departmental,REG-04
BUD-202604-DEP-003-CC-120-CAT-013,2026,Q2,April,DEP-003,CC-120,CAT-013,50026.86,Project,REG-02
BUD-202604-DEP-003-CC-111-CAT-013,2026,Q2,April,DEP-003,CC-111,CAT-013,43440.63,Operating,REG-07
BUD-202604-DEP-003-CC-101-CAT-010,2026,Q2,April,DEP-003,CC-101,CAT-010,32424.48,Operating,REG-03
BUD-202604-DEP-003-CC-101-CAT-007,2026,Q2,April,DEP-003,CC-101,CAT-007,27918.59,Departmental,REG-06
BUD-202604-DEP-003-CC-103-CAT-010,2026,Q2,April,DEP-003,CC-103,CAT-010,36107.71,Capital,REG-06
BUD-202604-DEP-003-CC-118-CAT-008,2026,Q2,April,DEP-003,CC-118,CAT-008,50846.34,Capital,REG-08
BUD-202604-DEP-003-CC-118-CAT-001,2026,Q2,April,DEP-003,CC-118,CAT-001,50564.26,Capital,REG-08
BUD-202604-DEP-003-CC-114-CAT-013,2026,Q2,April,DEP-003,CC-114,CAT-013,54152.85,Operating,REG-05
BUD-202604-DEP-003-CC-101-CAT-003,2026,Q2,April,DEP-003,CC-101,CAT-003,45383.16,Operating,REG-07
BUD-202604-DEP-003-CC-109-CAT-006,2026,Q2,April,DEP-003,CC-109,CAT-006,47452.12,Operating,REG-02
BUD-202604-DEP-003-CC-116-CAT-014,2026,Q2,April,DEP-003,CC-116,CAT-014,44008.12,Operating,REG-03
BUD-202604-DEP-003-CC-113-CAT-004,2026,Q2,April,DEP-003,CC-113,CAT-004,61628.25,Project,REG-02
BUD-202604-DEP-003-CC-119-CAT-014,2026,Q2,April,DEP-003,CC-119,CAT-014,38355.9,Project,REG-07
BUD-202604-DEP-003-CC-104-CAT-001,2026,Q2,April,DEP-003,CC-104,CAT-001,47859.58,Operating,REG-02
BUD-202604-DEP-004-CC-109-CAT-001,2026,Q2,April,DEP-004,CC-109,CAT-001,33614.9,Project,REG-01
BUD-202604-DEP-004-CC-111-CAT-009,2026,Q2,April,DEP-004,CC-111,CAT-009,23699.76,Project,REG-04
BUD-202604-DEP-004-CC-118-CAT-009,2026,Q2,April,DEP-004,CC-118,CAT-009,25502.14,Operating,REG-04
BUD-202604-DEP-004-CC-115-CAT-009,2026,Q2,April,DEP-004,CC-115,CAT-009,22880.98,Capital,REG-02
BUD-202604-DEP-004-CC-112-CAT-009,2026,Q2,April,DEP-004,CC-112,CAT-009,28336.77,Capital,REG-05
BUD-202604-DEP-004-CC-105-CAT-014,2026,Q2,April,DEP-004,CC-105,CAT-014,27787.75,Operating,REG-04
BUD-202604-DEP-004-CC-102-CAT-005,2026,Q2,April,DEP-004,CC-102,CAT-005,22471.35,Operating,REG-07
BUD-202604-DEP-004-CC-118-CAT-009,2026,Q2,April,DEP-004,CC-118,CAT-009,27684.75,Departmental,REG-06
BUD-202604-DEP-004-CC-116-CAT-001,2026,Q2,April,DEP-004,CC-116,CAT-001,31758.65,Operating,REG-01
BUD-202604-DEP-004-CC-118-CAT-002,2026,Q2,April,DEP-004,CC-118,CAT-002,18610.04,Operating,REG-05
BUD-202604-DEP-004-CC-103-CAT-005,2026,Q2,April,DEP-004,CC-103,CAT-005,22033.36,Operating,REG-08
BUD-202604-DEP-004-CC-114-CAT-010,2026,Q2,April,DEP-004,CC-114,CAT-010,22852.31,Operating,REG-02
BUD-202604-DEP-004-CC-113-CAT-012,2026,Q2,April,DEP-004,CC-113,CAT-012,23378.9,Departmental,REG-02
BUD-202604-DEP-004-CC-117-CAT-014,2026,Q2,April,DEP-004,CC-117,CAT-014,24611.33,Operating,REG-01
BUD-202604-DEP-004-CC-116-CAT-007,2026,Q2,April,DEP-004,CC-116,CAT-007,18564.75,Operating,REG-05
BUD-202604-DEP-004-CC-102-CAT-006,2026,Q2,April,DEP-004,CC-102,CAT-006,29276.96,Project,REG-06
BUD-202604-DEP-004-CC-105-CAT-001,2026,Q2,April,DEP-004,CC-105,CAT-001,38302.24,Operating,REG-04
BUD-202604-DEP-004-CC-101-CAT-014,2026,Q2,April,DEP-004,CC-101,CAT-014,27464.51,Operating,REG-01
BUD-202604-DEP-004-CC-108-CAT-001,2026,Q2,April,DEP-004,CC-108,CAT-001,38362.54,Operating,REG-04
BUD-202604-DEP-004-CC-109-CAT-003,2026,Q2,April,DEP-004,CC-109,CAT-003,31168.87,Operating,REG-03
BUD-202604-DEP-004-CC-117-CAT-006,2026,Q2,April,DEP-004,CC-117,CAT-006,32065.96,Departmental,REG-08
BUD-202604-DEP-004-CC-101-CAT-002,2026,Q2,April,DEP-004,CC-101,CAT-002,22401.11,Operating,REG-02
BUD-202604-DEP-004-CC-118-CAT-006,2026,Q2,April,DEP-004,CC-118,CAT-006,30073.13,Operating,REG-01
BUD-202604-DEP-004-CC-102-CAT-014,2026,Q2,April,DEP-004,CC-102,CAT-014,29379.32,Operating,REG-06
BUD-202604-DEP-004-CC-117-CAT-010,2026,Q2,April,DEP-004,CC-117,CAT-010,23473.65,Operating,REG-02
BUD-202604-DEP-004-CC-116-CAT-015,2026,Q2,April,DEP-004,CC-116,CAT-015,31040.34,Operating,REG-08
BUD-202604-DEP-004-CC-105-CAT-015,2026,Q2,April,DEP-004,CC-105,CAT-015,32841.21,Operating,REG-01
BUD-202604-DEP-004-CC-113-CAT-015,2026,Q2,April,DEP-004,CC-113,CAT-015,32917.56,Operating,REG-04
BUD-202604-DEP-004-CC-119-CAT-004,2026,Q2,April,DEP-004,CC-119,CAT-004,43061.63,Operating,REG-04
BUD-202604-DEP-004-CC-120-CAT-001,2026,Q2,April,DEP-004,CC-120,CAT-001,35065.11,Capital,REG-02
BUD-202604-DEP-004-CC-113-CAT-011,2026,Q2,April,DEP-004,CC-113,CAT-011,27831.83,Operating,REG-02
BUD-202604-DEP-004-CC-117-CAT-003,2026,Q2,April,DEP-004,CC-117,CAT-003,28957.95,Operating,REG-07
BUD-202604-DEP-004-CC-116-CAT-015,2026,Q2,April,DEP-004,CC-116,CAT-015,32208.92,Capital,REG-05
BUD-202604-DEP-004-CC-103-CAT-010,2026,Q2,April,DEP-004,CC-103,CAT-010,21415.22,Operating,REG-06
BUD-202604-DEP-004-CC-109-CAT-004,2026,Q2,April,DEP-004,CC-109,CAT-004,37332.72,Capital,REG-03
BUD-202604-DEP-004-CC-107-CAT-010,2026,Q2,April,DEP-004,CC-107,CAT-010,21843.96,Operating,REG-03
BUD-202604-DEP-005-CC-117-CAT-001,2026,Q2,April,DEP-005,CC-117,CAT-001,41969.43,Operating,REG-04
BUD-202604-DEP-005-CC-116-CAT-010,2026,Q2,April,DEP-005,CC-116,CAT-010,28231.97,Operating,REG-05
BUD-202604-DEP-005-CC-110-CAT-013,2026,Q2,April,DEP-005,CC-110,CAT-013,34394.64,Capital,REG-06
BUD-202604-DEP-005-CC-119-CAT-006,2026,Q2,April,DEP-005,CC-119,CAT-006,38642.54,Capital,REG-01
BUD-202604-DEP-005-CC-115-CAT-010,2026,Q2,April,DEP-005,CC-115,CAT-010,25802.88,Operating,REG-05
BUD-202604-DEP-005-CC-111-CAT-001,2026,Q2,April,DEP-005,CC-111,CAT-001,39846.53,Project,REG-04
BUD-202604-DEP-005-CC-105-CAT-011,2026,Q2,April,DEP-005,CC-105,CAT-011,39332.16,Operating,REG-04
BUD-202604-DEP-005-CC-120-CAT-001,2026,Q2,April,DEP-005,CC-120,CAT-001,37888.42,Operating,REG-08
BUD-202604-DEP-005-CC-118-CAT-015,2026,Q2,April,DEP-005,CC-118,CAT-015,31336.46,Project,REG-04
BUD-202604-DEP-005-CC-118-CAT-002,2026,Q2,April,DEP-005,CC-118,CAT-002,24071.63,Departmental,REG-05
BUD-202604-DEP-005-CC-117-CAT-006,2026,Q2,April,DEP-005,CC-117,CAT-006,37524.89,Operating,REG-06
BUD-202604-DEP-005-CC-104-CAT-006,2026,Q2,April,DEP-005,CC-104,CAT-006,38856.28,Project,REG-05
BUD-202604-DEP-005-CC-109-CAT-010,2026,Q2,April,DEP-005,CC-109,CAT-010,27530.52,Capital,REG-02
BUD-202604-DEP-005-CC-114-CAT-008,2026,Q2,April,DEP-005,CC-114,CAT-008,41351.0,Capital,REG-08
BUD-202604-DEP-005-CC-104-CAT-010,2026,Q2,April,DEP-005,CC-104,CAT-010,26087.84,Operating,REG-01
BUD-202604-DEP-005-CC-101-CAT-004,2026,Q2,April,DEP-005,CC-101,CAT-004,46474.9,Operating,REG-02
BUD-202604-DEP-005-CC-117-CAT-013,2026,Q2,April,DEP-005,CC-117,CAT-013,39110.6,Operating,REG-07
BUD-202604-DEP-005-CC-114-CAT-015,2026,Q2,April,DEP-005,CC-114,CAT-015,32738.29,Departmental,REG-05
BUD-202604-DEP-005-CC-109-CAT-006,2026,Q2,April,DEP-005,CC-109,CAT-006,40858.15,Operating,REG-03
BUD-202604-DEP-005-CC-108-CAT-009,2026,Q2,April,DEP-005,CC-108,CAT-009,29243.96,Operating,REG-03
BUD-202604-DEP-005-CC-106-CAT-014,2026,Q2,April,DEP-005,CC-106,CAT-014,32936.8,Operating,REG-04
BUD-202604-DEP-005-CC-106-CAT-005,2026,Q2,April,DEP-005,CC-106,CAT-005,25799.47,Project,REG-05
BUD-202604-DEP-005-CC-104-CAT-013,2026,Q2,April,DEP-005,CC-104,CAT-013,37755.34,Operating,REG-08
BUD-202604-DEP-005-CC-114-CAT-007,2026,Q2,April,DEP-005,CC-114,CAT-007,22212.29,Project,REG-04
BUD-202604-DEP-005-CC-110-CAT-012,2026,Q2,April,DEP-005,CC-110,CAT-012,25211.33,Project,REG-06
BUD-202604-DEP-005-CC-109-CAT-008,2026,Q2,April,DEP-005,CC-109,CAT-008,37996.31,Capital,REG-08
BUD-202604-DEP-005-CC-110-CAT-007,2026,Q2,April,DEP-005,CC-110,CAT-007,20223.5,Project,REG-08
BUD-202604-DEP-005-CC-110-CAT-010,2026,Q2,April,DEP-005,CC-110,CAT-010,23871.07,Operating,REG-04
BUD-202604-DEP-005-CC-115-CAT-014,2026,Q2,April,DEP-005,CC-115,CAT-014,32899.53,Operating,REG-08
BUD-202604-DEP-005-CC-114-CAT-011,2026,Q2,April,DEP-005,CC-114,CAT-011,37274.74,Operating,REG-08
BUD-202604-DEP-005-CC-107-CAT-013,2026,Q2,April,DEP-005,CC-107,CAT-013,38659.54,Capital,REG-08
BUD-202604-DEP-005-CC-118-CAT-014,2026,Q2,April,DEP-005,CC-118,CAT-014,31263.8,Project,REG-03
BUD-202604-DEP-005-CC-102-CAT-001,2026,Q2,April,DEP-005,CC-102,CAT-001,37591.83,Capital,REG-06
BUD-202604-DEP-005-CC-104-CAT-008,2026,Q2,April,DEP-005,CC-104,CAT-008,47173.11,Operating,REG-03
BUD-202604-DEP-005-CC-102-CAT-012,2026,Q2,April,DEP-005,CC-102,CAT-012,23579.35,Operating,REG-07
BUD-202604-DEP-005-CC-103-CAT-003,2026,Q2,April,DEP-005,CC-103,CAT-003,34194.5,Operating,REG-01
BUD-202604-DEP-005-CC-116-CAT-001,2026,Q2,April,DEP-005,CC-116,CAT-001,42801.37,Project,REG-06
BUD-202604-DEP-005-CC-118-CAT-007,2026,Q2,April,DEP-005,CC-118,CAT-007,19019.61,Capital,REG-06
BUD-202604-DEP-005-CC-112-CAT-015,2026,Q2,April,DEP-005,CC-112,CAT-015,33713.96,Operating,REG-04
BUD-202604-DEP-005-CC-116-CAT-015,2026,Q2,April,DEP-005,CC-116,CAT-015,33475.58,Operating,REG-02
BUD-202604-DEP-005-CC-107-CAT-004,2026,Q2,April,DEP-005,CC-107,CAT-004,48350.6,Operating,REG-08
BUD-202604-DEP-005-CC-108-CAT-010,2026,Q2,April,DEP-005,CC-108,CAT-010,29117.85,Operating,REG-04
BUD-202604-DEP-005-CC-116-CAT-014,2026,Q2,April,DEP-005,CC-116,CAT-014,33285.62,Operating,REG-02
BUD-202604-DEP-005-CC-119-CAT-013,2026,Q2,April,DEP-005,CC-119,CAT-013,37116.81,Departmental,REG-01
BUD-202604-DEP-005-CC-114-CAT-013,2026,Q2,April,DEP-005,CC-114,CAT-013,36690.11,Operating,REG-06
BUD-202604-DEP-005-CC-118-CAT-013,2026,Q2,April,DEP-005,CC-118,CAT-013,35199.89,Capital,REG-05
BUD-202604-DEP-005-CC-117-CAT-015,2026,Q2,April,DEP-005,CC-117,CAT-015,33516.56,Operating,REG-07
BUD-202604-DEP-005-CC-102-CAT-013,2026,Q2,April,DEP-005,CC-102,CAT-013,35324.44,Operating,REG-07
BUD-202604-DEP-005-CC-107-CAT-013,2026,Q2,April,DEP-005,CC-107,CAT-013,38185.19,Operating,REG-01
BUD-202604-DEP-005-CC-111-CAT-005,2026,Q2,April,DEP-005,CC-111,CAT-005,28112.07,Operating,REG-08
BUD-202604-DEP-005-CC-107-CAT-001,2026,Q2,April,DEP-005,CC-107,CAT-001,41875.63,Departmental,REG-02
BUD-202604-DEP-005-CC-119-CAT-005,2026,Q2,April,DEP-005,CC-119,CAT-005,28397.95,Operating,REG-01
BUD-202604-DEP-005-CC-105-CAT-004,2026,Q2,April,DEP-005,CC-105,CAT-004,42140.6,Operating,REG-01
BUD-202604-DEP-005-CC-113-CAT-009,2026,Q2,April,DEP-005,CC-113,CAT-009,32128.26,Operating,REG-06
BUD-202604-DEP-005-CC-115-CAT-003,2026,Q2,April,DEP-005,CC-115,CAT-003,30705.03,Project,REG-01
BUD-202604-DEP-005-CC-117-CAT-013,2026,Q2,April,DEP-005,CC-117,CAT-013,34510.09,Operating,REG-05
BUD-202604-DEP-006-CC-115-CAT-014,2026,Q2,April,DEP-006,CC-115,CAT-014,22796.45,Project,REG-03
BUD-202604-DEP-006-CC-103-CAT-009,2026,Q2,April,DEP-006,CC-103,CAT-009,18259.98,Project,REG-06
BUD-202604-DEP-006-CC-115-CAT-010,2026,Q2,April,DEP-006,CC-115,CAT-010,16115.22,Operating,REG-06
BUD-202604-DEP-006-CC-108-CAT-014,2026,Q2,April,DEP-006,CC-108,CAT-014,23079.81,Departmental,REG-04
BUD-202604-DEP-006-CC-103-CAT-007,2026,Q2,April,DEP-006,CC-103,CAT-007,14498.88,Operating,REG-05
BUD-202604-DEP-006-CC-101-CAT-004,2026,Q2,April,DEP-006,CC-101,CAT-004,34662.72,Departmental,REG-01
BUD-202604-DEP-006-CC-116-CAT-015,2026,Q2,April,DEP-006,CC-116,CAT-015,20798.59,Operating,REG-01
BUD-202604-DEP-006-CC-113-CAT-014,2026,Q2,April,DEP-006,CC-113,CAT-014,21142.26,Project,REG-08
BUD-202604-DEP-006-CC-115-CAT-015,2026,Q2,April,DEP-006,CC-115,CAT-015,20921.82,Operating,REG-06
BUD-202604-DEP-006-CC-119-CAT-002,2026,Q2,April,DEP-006,CC-119,CAT-002,15492.23,Operating,REG-02
BUD-202604-DEP-006-CC-114-CAT-004,2026,Q2,April,DEP-006,CC-114,CAT-004,34857.82,Operating,REG-05
BUD-202604-DEP-006-CC-105-CAT-008,2026,Q2,April,DEP-006,CC-105,CAT-008,27360.04,Project,REG-06
BUD-202604-DEP-006-CC-112-CAT-011,2026,Q2,April,DEP-006,CC-112,CAT-011,26937.68,Capital,REG-02
BUD-202604-DEP-006-CC-120-CAT-003,2026,Q2,April,DEP-006,CC-120,CAT-003,23425.0,Operating,REG-02
BUD-202604-DEP-006-CC-105-CAT-002,2026,Q2,April,DEP-006,CC-105,CAT-002,16752.43,Operating,REG-05
BUD-202604-DEP-006-CC-101-CAT-008,2026,Q2,April,DEP-006,CC-101,CAT-008,27894.91,Operating,REG-03
BUD-202604-DEP-006-CC-114-CAT-002,2026,Q2,April,DEP-006,CC-114,CAT-002,16693.29,Project,REG-05
BUD-202604-DEP-006-CC-101-CAT-008,2026,Q2,April,DEP-006,CC-101,CAT-008,27265.04,Departmental,REG-07
BUD-202604-DEP-006-CC-111-CAT-009,2026,Q2,April,DEP-006,CC-111,CAT-009,20146.79,Operating,REG-07
BUD-202604-DEP-006-CC-110-CAT-012,2026,Q2,April,DEP-006,CC-110,CAT-012,17469.91,Operating,REG-05
BUD-202604-DEP-006-CC-106-CAT-009,2026,Q2,April,DEP-006,CC-106,CAT-009,22047.75,Operating,REG-04
BUD-202604-DEP-006-CC-109-CAT-003,2026,Q2,April,DEP-006,CC-109,CAT-003,23910.12,Operating,REG-03
BUD-202604-DEP-006-CC-113-CAT-005,2026,Q2,April,DEP-006,CC-113,CAT-005,19560.7,Project,REG-02
BUD-202604-DEP-006-CC-105-CAT-005,2026,Q2,April,DEP-006,CC-105,CAT-005,17469.11,Operating,REG-05
BUD-202604-DEP-006-CC-112-CAT-003,2026,Q2,April,DEP-006,CC-112,CAT-003,22271.41,Operating,REG-04
BUD-202604-DEP-006-CC-115-CAT-008,2026,Q2,April,DEP-006,CC-115,CAT-008,27343.37,Departmental,REG-05
BUD-202604-DEP-006-CC-102-CAT-015,2026,Q2,April,DEP-006,CC-102,CAT-015,23753.83,Operating,REG-05
BUD-202604-DEP-006-CC-112-CAT-010,2026,Q2,April,DEP-006,CC-112,CAT-010,18275.15,Operating,REG-08
BUD-202604-DEP-006-CC-119-CAT-002,2026,Q2,April,DEP-006,CC-119,CAT-002,14404.97,Project,REG-04
BUD-202604-DEP-006-CC-102-CAT-005,2026,Q2,April,DEP-006,CC-102,CAT-005,19136.52,Departmental,REG-01
BUD-202604-DEP-006-CC-104-CAT-014,2026,Q2,April,DEP-006,CC-104,CAT-014,21459.42,Operating,REG-01
BUD-202604-DEP-006-CC-102-CAT-010,2026,Q2,April,DEP-006,CC-102,CAT-010,16369.76,Operating,REG-03
BUD-202604-DEP-006-CC-116-CAT-012,2026,Q2,April,DEP-006,CC-116,CAT-012,15891.18,Departmental,REG-06
BUD-202604-DEP-006-CC-119-CAT-005,2026,Q2,April,DEP-006,CC-119,CAT-005,20904.69,Operating,REG-05
BUD-202604-DEP-006-CC-117-CAT-004,2026,Q2,April,DEP-006,CC-117,CAT-004,33777.45,Operating,REG-07
BUD-202604-DEP-006-CC-106-CAT-002,2026,Q2,April,DEP-006,CC-106,CAT-002,18012.96,Project,REG-08
BUD-202604-DEP-006-CC-118-CAT-008,2026,Q2,April,DEP-006,CC-118,CAT-008,29004.73,Capital,REG-07
BUD-202604-DEP-006-CC-104-CAT-010,2026,Q2,April,DEP-006,CC-104,CAT-010,19882.35,Capital,REG-01
BUD-202604-DEP-006-CC-112-CAT-004,2026,Q2,April,DEP-006,CC-112,CAT-004,34374.73,Operating,REG-04
BUD-202604-DEP-006-CC-119-CAT-012,2026,Q2,April,DEP-006,CC-119,CAT-012,17291.38,Operating,REG-01
BUD-202604-DEP-006-CC-102-CAT-001,2026,Q2,April,DEP-006,CC-102,CAT-001,24249.66,Operating,REG-07
BUD-202604-DEP-006-CC-103-CAT-001,2026,Q2,April,DEP-006,CC-103,CAT-001,30284.26,Capital,REG-03
BUD-202604-DEP-006-CC-117-CAT-001,2026,Q2,April,DEP-006,CC-117,CAT-001,30123.39,Capital,REG-01
BUD-202604-DEP-006-CC-115-CAT-007,2026,Q2,April,DEP-006,CC-115,CAT-007,14587.72,Project,REG-05
BUD-202604-DEP-006-CC-109-CAT-014,2026,Q2,April,DEP-006,CC-109,CAT-014,21451.83,Operating,REG-05
BUD-202604-DEP-006-CC-118-CAT-011,2026,Q2,April,DEP-006,CC-118,CAT-011,24639.74,Operating,REG-03
BUD-202604-DEP-006-CC-108-CAT-007,2026,Q2,April,DEP-006,CC-108,CAT-007,13756.69,Operating,REG-08
BUD-202604-DEP-006-CC-110-CAT-008,2026,Q2,April,DEP-006,CC-110,CAT-008,30121.01,Operating,REG-07
BUD-202604-DEP-006-CC-107-CAT-008,2026,Q2,April,DEP-006,CC-107,CAT-008,28333.98,Operating,REG-08
BUD-202604-DEP-006-CC-107-CAT-006,2026,Q2,April,DEP-006,CC-107,CAT-006,23455.04,Operating,REG-07
BUD-202604-DEP-007-CC-110-CAT-003,2026,Q2,April,DEP-007,CC-110,CAT-003,34071.42,Departmental,REG-02
BUD-202604-DEP-007-CC-119-CAT-004,2026,Q2,April,DEP-007,CC-119,CAT-004,59429.94,Project,REG-01
BUD-202604-DEP-007-CC-117-CAT-010,2026,Q2,April,DEP-007,CC-117,CAT-010,29851.12,Capital,REG-08
BUD-202604-DEP-007-CC-114-CAT-011,2026,Q2,April,DEP-007,CC-114,CAT-011,39523.15,Operating,REG-01
BUD-202604-DEP-007-CC-103-CAT-011,2026,Q2,April,DEP-007,CC-103,CAT-011,41769.94,Departmental,REG-08
BUD-202604-DEP-007-CC-114-CAT-010,2026,Q2,April,DEP-007,CC-114,CAT-010,29199.2,Operating,REG-03
BUD-202604-DEP-007-CC-105-CAT-009,2026,Q2,April,DEP-007,CC-105,CAT-009,38274.19,Operating,REG-01
BUD-202604-DEP-007-CC-113-CAT-003,2026,Q2,April,DEP-007,CC-113,CAT-003,37391.61,Operating,REG-06
BUD-202604-DEP-007-CC-120-CAT-014,2026,Q2,April,DEP-007,CC-120,CAT-014,36359.92,Departmental,REG-03
BUD-202604-DEP-007-CC-102-CAT-002,2026,Q2,April,DEP-007,CC-102,CAT-002,27809.73,Operating,REG-08
BUD-202604-DEP-007-CC-104-CAT-011,2026,Q2,April,DEP-007,CC-104,CAT-011,43150.83,Operating,REG-01
BUD-202604-DEP-007-CC-116-CAT-009,2026,Q2,April,DEP-007,CC-116,CAT-009,37043.32,Operating,REG-06
BUD-202604-DEP-007-CC-115-CAT-006,2026,Q2,April,DEP-007,CC-115,CAT-006,48268.99,Operating,REG-02
BUD-202604-DEP-007-CC-115-CAT-011,2026,Q2,April,DEP-007,CC-115,CAT-011,43872.11,Operating,REG-05
BUD-202604-DEP-007-CC-117-CAT-007,2026,Q2,April,DEP-007,CC-117,CAT-007,26999.21,Operating,REG-04
BUD-202604-DEP-007-CC-108-CAT-015,2026,Q2,April,DEP-007,CC-108,CAT-015,40751.34,Departmental,REG-05
BUD-202604-DEP-007-CC-114-CAT-010,2026,Q2,April,DEP-007,CC-114,CAT-010,30825.4,Operating,REG-07
BUD-202604-DEP-007-CC-106-CAT-010,2026,Q2,April,DEP-007,CC-106,CAT-010,30940.61,Departmental,REG-04
BUD-202604-DEP-007-CC-112-CAT-008,2026,Q2,April,DEP-007,CC-112,CAT-008,56548.02,Project,REG-04
BUD-202604-DEP-007-CC-110-CAT-013,2026,Q2,April,DEP-007,CC-110,CAT-013,45165.63,Departmental,REG-05
BUD-202604-DEP-007-CC-110-CAT-009,2026,Q2,April,DEP-007,CC-110,CAT-009,37563.7,Operating,REG-04
BUD-202604-DEP-007-CC-106-CAT-011,2026,Q2,April,DEP-007,CC-106,CAT-011,44397.1,Operating,REG-01
BUD-202604-DEP-007-CC-110-CAT-002,2026,Q2,April,DEP-007,CC-110,CAT-002,30060.0,Operating,REG-06
BUD-202604-DEP-007-CC-104-CAT-001,2026,Q2,April,DEP-007,CC-104,CAT-001,49241.78,Project,REG-05
BUD-202604-DEP-007-CC-101-CAT-003,2026,Q2,April,DEP-007,CC-101,CAT-003,39375.53,Operating,REG-02
BUD-202604-DEP-007-CC-113-CAT-011,2026,Q2,April,DEP-007,CC-113,CAT-011,37488.92,Departmental,REG-06
BUD-202604-DEP-007-CC-114-CAT-005,2026,Q2,April,DEP-007,CC-114,CAT-005,31388.01,Project,REG-08
BUD-202604-DEP-007-CC-106-CAT-005,2026,Q2,April,DEP-007,CC-106,CAT-005,36613.86,Project,REG-07
BUD-202604-DEP-007-CC-108-CAT-009,2026,Q2,April,DEP-007,CC-108,CAT-009,32955.42,Departmental,REG-05
BUD-202604-DEP-007-CC-104-CAT-001,2026,Q2,April,DEP-007,CC-104,CAT-001,42784.19,Operating,REG-02
BUD-202604-DEP-007-CC-117-CAT-001,2026,Q2,April,DEP-007,CC-117,CAT-001,44228.25,Departmental,REG-06
BUD-202604-DEP-007-CC-101-CAT-015,2026,Q2,April,DEP-007,CC-101,CAT-015,45064.17,Operating,REG-06
BUD-202604-DEP-007-CC-116-CAT-015,2026,Q2,April,DEP-007,CC-116,CAT-015,41311.88,Operating,REG-06
BUD-202604-DEP-007-CC-102-CAT-011,2026,Q2,April,DEP-007,CC-102,CAT-011,47102.63,Departmental,REG-06
BUD-202604-DEP-007-CC-101-CAT-009,2026,Q2,April,DEP-007,CC-101,CAT-009,36259.13,Operating,REG-07
BUD-202604-DEP-007-CC-105-CAT-009,2026,Q2,April,DEP-007,CC-105,CAT-009,31930.85,Capital,REG-05
BUD-202604-DEP-007-CC-110-CAT-002,2026,Q2,April,DEP-007,CC-110,CAT-002,28723.6,Operating,REG-08
BUD-202604-DEP-007-CC-120-CAT-004,2026,Q2,April,DEP-007,CC-120,CAT-004,54368.56,Operating,REG-06
BUD-202604-DEP-007-CC-115-CAT-003,2026,Q2,April,DEP-007,CC-115,CAT-003,34426.61,Operating,REG-08
BUD-202604-DEP-007-CC-117-CAT-005,2026,Q2,April,DEP-007,CC-117,CAT-005,34372.45,Project,REG-02
BUD-202604-DEP-007-CC-108-CAT-011,2026,Q2,April,DEP-007,CC-108,CAT-011,37633.6,Operating,REG-08
BUD-202604-DEP-007-CC-106-CAT-008,2026,Q2,April,DEP-007,CC-106,CAT-008,45462.85,Capital,REG-07
BUD-202604-DEP-007-CC-117-CAT-010,2026,Q2,April,DEP-007,CC-117,CAT-010,34740.37,Project,REG-02
BUD-202604-DEP-007-CC-118-CAT-007,2026,Q2,April,DEP-007,CC-118,CAT-007,23157.03,Capital,REG-08
BUD-202604-DEP-007-CC-102-CAT-008,2026,Q2,April,DEP-007,CC-102,CAT-008,49683.76,Project,REG-03
BUD-202604-DEP-007-CC-109-CAT-001,2026,Q2,April,DEP-007,CC-109,CAT-001,48030.96,Departmental,REG-07
BUD-202604-DEP-007-CC-115-CAT-013,2026,Q2,April,DEP-007,CC-115,CAT-013,42935.39,Project,REG-02
BUD-202604-DEP-007-CC-116-CAT-004,2026,Q2,April,DEP-007,CC-116,CAT-004,59456.51,Operating,REG-02
BUD-202604-DEP-007-CC-113-CAT-011,2026,Q2,April,DEP-007,CC-113,CAT-011,44426.53,Departmental,REG-06
BUD-202604-DEP-007-CC-102-CAT-002,2026,Q2,April,DEP-007,CC-102,CAT-002,29980.14,Operating,REG-04
BUD-202604-DEP-008-CC-116-CAT-015,2026,Q2,April,DEP-008,CC-116,CAT-015,28642.82,Operating,REG-07
BUD-202604-DEP-008-CC-114-CAT-010,2026,Q2,April,DEP-008,CC-114,CAT-010,20803.42,Operating,REG-07
BUD-202604-DEP-008-CC-114-CAT-007,2026,Q2,April,DEP-008,CC-114,CAT-007,18218.72,Operating,REG-06
BUD-202604-DEP-008-CC-119-CAT-003,2026,Q2,April,DEP-008,CC-119,CAT-003,29045.18,Operating,REG-01
BUD-202604-DEP-008-CC-106-CAT-007,2026,Q2,April,DEP-008,CC-106,CAT-007,18344.2,Project,REG-03
BUD-202604-DEP-008-CC-109-CAT-015,2026,Q2,April,DEP-008,CC-109,CAT-015,26738.36,Operating,REG-05
BUD-202604-DEP-008-CC-118-CAT-005,2026,Q2,April,DEP-008,CC-118,CAT-005,22177.15,Departmental,REG-04
BUD-202604-DEP-008-CC-118-CAT-006,2026,Q2,April,DEP-008,CC-118,CAT-006,30827.77,Operating,REG-08
BUD-202604-DEP-008-CC-114-CAT-004,2026,Q2,April,DEP-008,CC-114,CAT-004,41527.56,Operating,REG-04
BUD-202604-DEP-008-CC-118-CAT-002,2026,Q2,April,DEP-008,CC-118,CAT-002,18130.75,Departmental,REG-02
BUD-202604-DEP-008-CC-104-CAT-011,2026,Q2,April,DEP-008,CC-104,CAT-011,30921.08,Operating,REG-02
BUD-202604-DEP-008-CC-114-CAT-007,2026,Q2,April,DEP-008,CC-114,CAT-007,15464.97,Project,REG-06
BUD-202604-DEP-008-CC-117-CAT-015,2026,Q2,April,DEP-008,CC-117,CAT-015,27177.44,Project,REG-01
BUD-202604-DEP-008-CC-119-CAT-012,2026,Q2,April,DEP-008,CC-119,CAT-012,22223.99,Operating,REG-04
BUD-202604-DEP-008-CC-102-CAT-010,2026,Q2,April,DEP-008,CC-102,CAT-010,24069.26,Departmental,REG-04
BUD-202604-DEP-008-CC-113-CAT-009,2026,Q2,April,DEP-008,CC-113,CAT-009,22080.32,Operating,REG-03
BUD-202604-DEP-008-CC-101-CAT-005,2026,Q2,April,DEP-008,CC-101,CAT-005,21652.06,Departmental,REG-05
BUD-202604-DEP-008-CC-119-CAT-011,2026,Q2,April,DEP-008,CC-119,CAT-011,29439.11,Operating,REG-04
BUD-202604-DEP-008-CC-103-CAT-006,2026,Q2,April,DEP-008,CC-103,CAT-006,32835.86,Departmental,REG-04
BUD-202604-DEP-008-CC-107-CAT-007,2026,Q2,April,DEP-008,CC-107,CAT-007,18875.95,Operating,REG-06
BUD-202604-DEP-008-CC-120-CAT-004,2026,Q2,April,DEP-008,CC-120,CAT-004,43180.28,Departmental,REG-06
BUD-202604-DEP-008-CC-110-CAT-003,2026,Q2,April,DEP-008,CC-110,CAT-003,27951.5,Operating,REG-02
BUD-202604-DEP-008-CC-101-CAT-015,2026,Q2,April,DEP-008,CC-101,CAT-015,25524.14,Departmental,REG-03
BUD-202604-DEP-008-CC-120-CAT-002,2026,Q2,April,DEP-008,CC-120,CAT-002,21331.32,Departmental,REG-08
BUD-202604-DEP-008-CC-103-CAT-005,2026,Q2,April,DEP-008,CC-103,CAT-005,21957.0,Operating,REG-02
BUD-202604-DEP-008-CC-110-CAT-009,2026,Q2,April,DEP-008,CC-110,CAT-009,27030.89,Operating,REG-03
BUD-202604-DEP-008-CC-117-CAT-001,2026,Q2,April,DEP-008,CC-117,CAT-001,32925.18,Operating,REG-08
BUD-202604-DEP-008-CC-111-CAT-013,2026,Q2,April,DEP-008,CC-111,CAT-013,29009.5,Capital,REG-07
BUD-202604-DEP-008-CC-105-CAT-009,2026,Q2,April,DEP-008,CC-105,CAT-009,23465.89,Departmental,REG-04
BUD-202604-DEP-008-CC-115-CAT-011,2026,Q2,April,DEP-008,CC-115,CAT-011,27343.17,Departmental,REG-05
BUD-202604-DEP-008-CC-113-CAT-008,2026,Q2,April,DEP-008,CC-113,CAT-008,36929.74,Operating,REG-02
BUD-202604-DEP-008-CC-111-CAT-008,2026,Q2,April,DEP-008,CC-111,CAT-008,31545.84,Operating,REG-07
BUD-202604-DEP-008-CC-104-CAT-004,2026,Q2,April,DEP-008,CC-104,CAT-004,43040.78,Departmental,REG-01
BUD-202604-DEP-008-CC-107-CAT-008,2026,Q2,April,DEP-008,CC-107,CAT-008,32204.91,Operating,REG-06
BUD-202604-DEP-008-CC-112-CAT-009,2026,Q2,April,DEP-008,CC-112,CAT-009,23835.42,Project,REG-07
BUD-202604-DEP-008-CC-102-CAT-014,2026,Q2,April,DEP-008,CC-102,CAT-014,27162.77,Operating,REG-07
BUD-202604-DEP-008-CC-117-CAT-005,2026,Q2,April,DEP-008,CC-117,CAT-005,23703.2,Operating,REG-04
BUD-202604-DEP-008-CC-108-CAT-004,2026,Q2,April,DEP-008,CC-108,CAT-004,37744.09,Capital,REG-03
BUD-202604-DEP-008-CC-114-CAT-011,2026,Q2,April,DEP-008,CC-114,CAT-011,28561.66,Departmental,REG-01
BUD-202604-DEP-008-CC-109-CAT-002,2026,Q2,April,DEP-008,CC-109,CAT-002,18739.34,Departmental,REG-01
BUD-202604-DEP-008-CC-105-CAT-015,2026,Q2,April,DEP-008,CC-105,CAT-015,24976.57,Departmental,REG-04
BUD-202604-DEP-008-CC-115-CAT-012,2026,Q2,April,DEP-008,CC-115,CAT-012,21575.15,Operating,REG-01
BUD-202604-DEP-008-CC-106-CAT-013,2026,Q2,April,DEP-008,CC-106,CAT-013,29020.25,Departmental,REG-05
BUD-202604-DEP-009-CC-105-CAT-008,2026,Q2,April,DEP-009,CC-105,CAT-008,53569.33,Operating,REG-01
BUD-202604-DEP-009-CC-114-CAT-002,2026,Q2,April,DEP-009,CC-114,CAT-002,35061.97,Project,REG-02
BUD-202604-DEP-009-CC-107-CAT-012,2026,Q2,April,DEP-009,CC-107,CAT-012,35689.74,Operating,REG-02
BUD-202604-DEP-009-CC-115-CAT-008,2026,Q2,April,DEP-009,CC-115,CAT-008,58351.56,Operating,REG-08
BUD-202604-DEP-009-CC-102-CAT-006,2026,Q2,April,DEP-009,CC-102,CAT-006,51758.68,Capital,REG-05
BUD-202604-DEP-009-CC-107-CAT-001,2026,Q2,April,DEP-009,CC-107,CAT-001,59594.3,Project,REG-01
BUD-202604-DEP-009-CC-119-CAT-006,2026,Q2,April,DEP-009,CC-119,CAT-006,49276.04,Departmental,REG-06
BUD-202604-DEP-009-CC-110-CAT-010,2026,Q2,April,DEP-009,CC-110,CAT-010,42166.12,Operating,REG-01
BUD-202604-DEP-009-CC-112-CAT-006,2026,Q2,April,DEP-009,CC-112,CAT-006,48237.9,Operating,REG-02
BUD-202604-DEP-009-CC-101-CAT-015,2026,Q2,April,DEP-009,CC-101,CAT-015,50735.93,Operating,REG-03
BUD-202604-DEP-009-CC-119-CAT-003,2026,Q2,April,DEP-009,CC-119,CAT-003,43183.79,Project,REG-02
BUD-202604-DEP-009-CC-114-CAT-015,2026,Q2,April,DEP-009,CC-114,CAT-015,51849.35,Operating,REG-02
BUD-202604-DEP-009-CC-111-CAT-003,2026,Q2,April,DEP-009,CC-111,CAT-003,46366.22,Departmental,REG-06
BUD-202604-DEP-009-CC-113-CAT-006,2026,Q2,April,DEP-009,CC-113,CAT-006,53057.5,Capital,REG-06
BUD-202604-DEP-009-CC-118-CAT-001,2026,Q2,April,DEP-009,CC-118,CAT-001,58282.63,Operating,REG-08
BUD-202604-DEP-009-CC-115-CAT-001,2026,Q2,April,DEP-009,CC-115,CAT-001,59300.56,Departmental,REG-07
BUD-202604-DEP-009-CC-107-CAT-003,2026,Q2,April,DEP-009,CC-107,CAT-003,46698.13,Project,REG-06
BUD-202604-DEP-009-CC-118-CAT-011,2026,Q2,April,DEP-009,CC-118,CAT-011,46252.47,Capital,REG-03
BUD-202604-DEP-009-CC-114-CAT-001,2026,Q2,April,DEP-009,CC-114,CAT-001,57377.89,Departmental,REG-04
BUD-202604-DEP-009-CC-116-CAT-005,2026,Q2,April,DEP-009,CC-116,CAT-005,36527.42,Capital,REG-06
BUD-202604-DEP-009-CC-117-CAT-011,2026,Q2,April,DEP-009,CC-117,CAT-011,56167.92,Operating,REG-08
BUD-202604-DEP-009-CC-105-CAT-013,2026,Q2,April,DEP-009,CC-105,CAT-013,48098.48,Departmental,REG-04
BUD-202604-DEP-009-CC-118-CAT-009,2026,Q2,April,DEP-009,CC-118,CAT-009,37972.78,Operating,REG-07
BUD-202604-DEP-009-CC-106-CAT-008,2026,Q2,April,DEP-009,CC-106,CAT-008,57241.43,Operating,REG-06
BUD-202604-DEP-009-CC-115-CAT-014,2026,Q2,April,DEP-009,CC-115,CAT-014,43102.83,Project,REG-05
BUD-202604-DEP-009-CC-111-CAT-015,2026,Q2,April,DEP-009,CC-111,CAT-015,52005.53,Operating,REG-06
BUD-202604-DEP-009-CC-105-CAT-002,2026,Q2,April,DEP-009,CC-105,CAT-002,33149.35,Capital,REG-08
BUD-202604-DEP-009-CC-103-CAT-004,2026,Q2,April,DEP-009,CC-103,CAT-004,67761.1,Operating,REG-02
BUD-202604-DEP-009-CC-112-CAT-006,2026,Q2,April,DEP-009,CC-112,CAT-006,54346.39,Capital,REG-04
BUD-202604-DEP-009-CC-101-CAT-006,2026,Q2,April,DEP-009,CC-101,CAT-006,56589.06,Project,REG-01
BUD-202604-DEP-009-CC-102-CAT-006,2026,Q2,April,DEP-009,CC-102,CAT-006,56950.28,Departmental,REG-06
BUD-202604-DEP-009-CC-119-CAT-003,2026,Q2,April,DEP-009,CC-119,CAT-003,50133.12,Capital,REG-04
BUD-202604-DEP-009-CC-107-CAT-009,2026,Q2,April,DEP-009,CC-107,CAT-009,40048.01,Operating,REG-05
BUD-202604-DEP-010-CC-119-CAT-001,2026,Q2,April,DEP-010,CC-119,CAT-001,33125.65,Operating,REG-04
BUD-202604-DEP-010-CC-112-CAT-005,2026,Q2,April,DEP-010,CC-112,CAT-005,25184.31,Operating,REG-05
BUD-202604-DEP-010-CC-115-CAT-003,2026,Q2,April,DEP-010,CC-115,CAT-003,31732.9,Operating,REG-07
BUD-202604-DEP-010-CC-101-CAT-008,2026,Q2,April,DEP-010,CC-101,CAT-008,34493.4,Operating,REG-06
BUD-202604-DEP-010-CC-107-CAT-002,2026,Q2,April,DEP-010,CC-107,CAT-002,23518.14,Operating,REG-05
BUD-202604-DEP-010-CC-112-CAT-007,2026,Q2,April,DEP-010,CC-112,CAT-007,18879.07,Operating,REG-02
BUD-202604-DEP-010-CC-103-CAT-008,2026,Q2,April,DEP-010,CC-103,CAT-008,35529.0,Departmental,REG-03
BUD-202604-DEP-010-CC-111-CAT-008,2026,Q2,April,DEP-010,CC-111,CAT-008,39784.49,Departmental,REG-02
BUD-202604-DEP-010-CC-109-CAT-002,2026,Q2,April,DEP-010,CC-109,CAT-002,19365.38,Operating,REG-07
BUD-202604-DEP-010-CC-103-CAT-010,2026,Q2,April,DEP-010,CC-103,CAT-010,26829.5,Departmental,REG-02
BUD-202604-DEP-010-CC-112-CAT-013,2026,Q2,April,DEP-010,CC-112,CAT-013,34410.88,Operating,REG-04
BUD-202604-DEP-010-CC-119-CAT-012,2026,Q2,April,DEP-010,CC-119,CAT-012,22087.72,Project,REG-08
BUD-202604-DEP-010-CC-101-CAT-004,2026,Q2,April,DEP-010,CC-101,CAT-004,47104.22,Departmental,REG-03
BUD-202604-DEP-010-CC-115-CAT-007,2026,Q2,April,DEP-010,CC-115,CAT-007,18128.98,Operating,REG-08
BUD-202604-DEP-010-CC-116-CAT-009,2026,Q2,April,DEP-010,CC-116,CAT-009,30142.74,Operating,REG-07
BUD-202604-DEP-010-CC-115-CAT-013,2026,Q2,April,DEP-010,CC-115,CAT-013,31805.07,Operating,REG-03
BUD-202604-DEP-010-CC-103-CAT-007,2026,Q2,April,DEP-010,CC-103,CAT-007,17119.3,Operating,REG-06
BUD-202604-DEP-010-CC-105-CAT-010,2026,Q2,April,DEP-010,CC-105,CAT-010,22520.04,Project,REG-08
BUD-202604-DEP-010-CC-120-CAT-010,2026,Q2,April,DEP-010,CC-120,CAT-010,25498.79,Operating,REG-07
BUD-202604-DEP-010-CC-102-CAT-006,2026,Q2,April,DEP-010,CC-102,CAT-006,34858.47,Operating,REG-04
BUD-202604-DEP-010-CC-116-CAT-010,2026,Q2,April,DEP-010,CC-116,CAT-010,24589.52,Project,REG-07
BUD-202604-DEP-010-CC-102-CAT-004,2026,Q2,April,DEP-010,CC-102,CAT-004,41838.12,Operating,REG-07
BUD-202604-DEP-010-CC-109-CAT-002,2026,Q2,April,DEP-010,CC-109,CAT-002,19725.85,Operating,REG-04
BUD-202604-DEP-010-CC-111-CAT-015,2026,Q2,April,DEP-010,CC-111,CAT-015,27475.08,Project,REG-05
BUD-202604-DEP-010-CC-112-CAT-004,2026,Q2,April,DEP-010,CC-112,CAT-004,46391.1,Project,REG-08
BUD-202604-DEP-010-CC-111-CAT-009,2026,Q2,April,DEP-010,CC-111,CAT-009,26690.22,Departmental,REG-05
BUD-202604-DEP-010-CC-118-CAT-015,2026,Q2,April,DEP-010,CC-118,CAT-015,31097.59,Operating,REG-07
BUD-202604-DEP-010-CC-120-CAT-003,2026,Q2,April,DEP-010,CC-120,CAT-003,29086.48,Operating,REG-07
BUD-202604-DEP-010-CC-117-CAT-008,2026,Q2,April,DEP-010,CC-117,CAT-008,34880.27,Operating,REG-06
BUD-202604-DEP-010-CC-111-CAT-008,2026,Q2,April,DEP-010,CC-111,CAT-008,37561.08,Project,REG-07
BUD-202604-DEP-010-CC-109-CAT-012,2026,Q2,April,DEP-010,CC-109,CAT-012,24659.08,Operating,REG-06
BUD-202604-DEP-010-CC-105-CAT-005,2026,Q2,April,DEP-010,CC-105,CAT-005,24347.71,Operating,REG-08
BUD-202604-DEP-010-CC-110-CAT-002,2026,Q2,April,DEP-010,CC-110,CAT-002,19960.5,Departmental,REG-02
BUD-202604-DEP-010-CC-117-CAT-013,2026,Q2,April,DEP-010,CC-117,CAT-013,34331.97,Operating,REG-05
BUD-202604-DEP-010-CC-115-CAT-015,2026,Q2,April,DEP-010,CC-115,CAT-015,32395.27,Operating,REG-07
BUD-202604-DEP-010-CC-105-CAT-013,2026,Q2,April,DEP-010,CC-105,CAT-013,38632.28,Operating,REG-07
BUD-202604-DEP-010-CC-101-CAT-010,2026,Q2,April,DEP-010,CC-101,CAT-010,22934.79,Operating,REG-03
BUD-202604-DEP-010-CC-117-CAT-014,2026,Q2,April,DEP-010,CC-117,CAT-014,30405.31,Departmental,REG-02
BUD-202604-DEP-010-CC-107-CAT-011,2026,Q2,April,DEP-010,CC-107,CAT-011,33930.96,Operating,REG-07
BUD-202604-DEP-010-CC-120-CAT-010,2026,Q2,April,DEP-010,CC-120,CAT-010,22685.36,Departmental,REG-03
BUD-202604-DEP-010-CC-111-CAT-002,2026,Q2,April,DEP-010,CC-111,CAT-002,21099.54,Project,REG-01
BUD-202604-DEP-010-CC-107-CAT-007,2026,Q2,April,DEP-010,CC-107,CAT-007,20130.93,Operating,REG-08
BUD-202604-DEP-010-CC-107-CAT-012,2026,Q2,April,DEP-010,CC-107,CAT-012,25648.12,Operating,REG-07
BUD-202604-DEP-010-CC-102-CAT-006,2026,Q2,April,DEP-010,CC-102,CAT-006,31446.75,Operating,REG-03
BUD-202608-DEP-001-CC-107-CAT-007,2026,Q3,August,DEP-001,CC-107,CAT-007,24148.56,Operating,REG-06
BUD-202608-DEP-001-CC-102-CAT-006,2026,Q3,August,DEP-001,CC-102,CAT-006,38410.19,Operating,REG-04
BUD-202608-DEP-001-CC-114-CAT-002,2026,Q3,August,DEP-001,CC-114,CAT-002,24767.79,Departmental,REG-01
BUD-202608-DEP-001-CC-101-CAT-011,2026,Q3,August,DEP-001,CC-101,CAT-011,40232.32,Operating,REG-04
BUD-202608-DEP-001-CC-103-CAT-008,2026,Q3,August,DEP-001,CC-103,CAT-008,49429.91,Departmental,REG-02
BUD-202608-DEP-001-CC-102-CAT-004,2026,Q3,August,DEP-001,CC-102,CAT-004,54782.49,Operating,REG-03
BUD-202608-DEP-001-CC-108-CAT-004,2026,Q3,August,DEP-001,CC-108,CAT-004,51478.07,Operating,REG-04
BUD-202608-DEP-001-CC-111-CAT-001,2026,Q3,August,DEP-001,CC-111,CAT-001,47332.97,Operating,REG-02
BUD-202608-DEP-001-CC-103-CAT-009,2026,Q3,August,DEP-001,CC-103,CAT-009,35465.07,Operating,REG-08
BUD-202608-DEP-001-CC-116-CAT-001,2026,Q3,August,DEP-001,CC-116,CAT-001,40865.73,Departmental,REG-04
BUD-202608-DEP-001-CC-103-CAT-012,2026,Q3,August,DEP-001,CC-103,CAT-012,25925.02,Operating,REG-07
BUD-202608-DEP-001-CC-115-CAT-015,2026,Q3,August,DEP-001,CC-115,CAT-015,34633.99,Capital,REG-04
BUD-202608-DEP-001-CC-102-CAT-015,2026,Q3,August,DEP-001,CC-102,CAT-015,37661.17,Operating,REG-06
BUD-202608-DEP-001-CC-105-CAT-007,2026,Q3,August,DEP-001,CC-105,CAT-007,20999.36,Project,REG-06
BUD-202608-DEP-001-CC-110-CAT-014,2026,Q3,August,DEP-001,CC-110,CAT-014,33561.09,Operating,REG-04
BUD-202608-DEP-001-CC-114-CAT-002,2026,Q3,August,DEP-001,CC-114,CAT-002,23519.87,Operating,REG-03
BUD-202608-DEP-001-CC-112-CAT-009,2026,Q3,August,DEP-001,CC-112,CAT-009,29996.92,Operating,REG-04
BUD-202608-DEP-001-CC-116-CAT-009,2026,Q3,August,DEP-001,CC-116,CAT-009,34327.96,Operating,REG-03
BUD-202608-DEP-001-CC-117-CAT-001,2026,Q3,August,DEP-001,CC-117,CAT-001,38765.31,Operating,REG-02
BUD-202608-DEP-001-CC-110-CAT-009,2026,Q3,August,DEP-001,CC-110,CAT-009,32039.32,Operating,REG-05
BUD-202608-DEP-001-CC-113-CAT-002,2026,Q3,August,DEP-001,CC-113,CAT-002,25361.67,Project,REG-07
BUD-202608-DEP-001-CC-106-CAT-007,2026,Q3,August,DEP-001,CC-106,CAT-007,23451.64,Operating,REG-02
BUD-202608-DEP-001-CC-110-CAT-010,2026,Q3,August,DEP-001,CC-110,CAT-010,27642.9,Operating,REG-02
BUD-202608-DEP-001-CC-113-CAT-014,2026,Q3,August,DEP-001,CC-113,CAT-014,32219.36,Operating,REG-04
BUD-202608-DEP-001-CC-116-CAT-007,2026,Q3,August,DEP-001,CC-116,CAT-007,20582.9,Operating,REG-03
BUD-202608-DEP-001-CC-115-CAT-014,2026,Q3,August,DEP-001,CC-115,CAT-014,37216.86,Capital,REG-08
BUD-202608-DEP-001-CC-104-CAT-014,2026,Q3,August,DEP-001,CC-104,CAT-014,34237.46,Departmental,REG-07
BUD-202608-DEP-001-CC-104-CAT-008,2026,Q3,August,DEP-001,CC-104,CAT-008,48303.74,Departmental,REG-06
BUD-202608-DEP-001-CC-102-CAT-002,2026,Q3,August,DEP-001,CC-102,CAT-002,27535.47,Capital,REG-03
BUD-202608-DEP-001-CC-109-CAT-010,2026,Q3,August,DEP-001,CC-109,CAT-010,31852.3,Departmental,REG-01
BUD-202608-DEP-001-CC-118-CAT-003,2026,Q3,August,DEP-001,CC-118,CAT-003,31870.91,Operating,REG-08
BUD-202608-DEP-001-CC-119-CAT-005,2026,Q3,August,DEP-001,CC-119,CAT-005,31496.82,Capital,REG-03
BUD-202608-DEP-001-CC-112-CAT-004,2026,Q3,August,DEP-001,CC-112,CAT-004,50003.07,Departmental,REG-08
BUD-202608-DEP-001-CC-113-CAT-013,2026,Q3,August,DEP-001,CC-113,CAT-013,37405.83,Capital,REG-01
BUD-202608-DEP-001-CC-111-CAT-012,2026,Q3,August,DEP-001,CC-111,CAT-012,24882.94,Operating,REG-03
BUD-202608-DEP-002-CC-105-CAT-013,2026,Q3,August,DEP-002,CC-105,CAT-013,32448.75,Departmental,REG-08
BUD-202608-DEP-002-CC-105-CAT-012,2026,Q3,August,DEP-002,CC-105,CAT-012,18930.15,Operating,REG-07
BUD-202608-DEP-002-CC-106-CAT-007,2026,Q3,August,DEP-002,CC-106,CAT-007,16817.94,Operating,REG-05
BUD-202608-DEP-002-CC-115-CAT-011,2026,Q3,August,DEP-002,CC-115,CAT-011,26128.29,Project,REG-03
BUD-202608-DEP-002-CC-115-CAT-002,2026,Q3,August,DEP-002,CC-115,CAT-002,19650.84,Project,REG-06
BUD-202608-DEP-002-CC-118-CAT-005,2026,Q3,August,DEP-002,CC-118,CAT-005,22036.05,Operating,REG-01
BUD-202608-DEP-002-CC-103-CAT-006,2026,Q3,August,DEP-002,CC-103,CAT-006,29355.36,Operating,REG-07
BUD-202608-DEP-002-CC-112-CAT-007,2026,Q3,August,DEP-002,CC-112,CAT-007,15453.15,Departmental,REG-05
BUD-202608-DEP-002-CC-106-CAT-011,2026,Q3,August,DEP-002,CC-106,CAT-011,27364.32,Departmental,REG-05
BUD-202608-DEP-002-CC-117-CAT-010,2026,Q3,August,DEP-002,CC-117,CAT-010,22310.6,Departmental,REG-05
BUD-202608-DEP-002-CC-118-CAT-003,2026,Q3,August,DEP-002,CC-118,CAT-003,23586.11,Operating,REG-04
BUD-202608-DEP-002-CC-119-CAT-003,2026,Q3,August,DEP-002,CC-119,CAT-003,25855.23,Operating,REG-03
BUD-202608-DEP-002-CC-110-CAT-008,2026,Q3,August,DEP-002,CC-110,CAT-008,33444.82,Operating,REG-08
BUD-202608-DEP-002-CC-118-CAT-015,2026,Q3,August,DEP-002,CC-118,CAT-015,23784.12,Operating,REG-07
BUD-202608-DEP-002-CC-115-CAT-001,2026,Q3,August,DEP-002,CC-115,CAT-001,29511.02,Project,REG-06
BUD-202608-DEP-002-CC-118-CAT-001,2026,Q3,August,DEP-002,CC-118,CAT-001,27694.02,Operating,REG-08
BUD-202608-DEP-002-CC-101-CAT-013,2026,Q3,August,DEP-002,CC-101,CAT-013,25788.96,Project,REG-06
BUD-202608-DEP-002-CC-111-CAT-014,2026,Q3,August,DEP-002,CC-111,CAT-014,21770.24,Departmental,REG-01
BUD-202608-DEP-002-CC-110-CAT-003,2026,Q3,August,DEP-002,CC-110,CAT-003,22622.96,Project,REG-05
BUD-202608-DEP-002-CC-117-CAT-009,2026,Q3,August,DEP-002,CC-117,CAT-009,23639.67,Project,REG-06
BUD-202608-DEP-002-CC-110-CAT-008,2026,Q3,August,DEP-002,CC-110,CAT-008,33573.21,Operating,REG-04
BUD-202608-DEP-002-CC-115-CAT-008,2026,Q3,August,DEP-002,CC-115,CAT-008,28776.68,Capital,REG-08
BUD-202608-DEP-002-CC-102-CAT-007,2026,Q3,August,DEP-002,CC-102,CAT-007,14697.08,Project,REG-08
BUD-202608-DEP-002-CC-120-CAT-006,2026,Q3,August,DEP-002,CC-120,CAT-006,29991.97,Departmental,REG-02
BUD-202608-DEP-002-CC-104-CAT-009,2026,Q3,August,DEP-002,CC-104,CAT-009,21604.1,Operating,REG-08
BUD-202608-DEP-002-CC-101-CAT-004,2026,Q3,August,DEP-002,CC-101,CAT-004,37689.54,Project,REG-06
BUD-202608-DEP-002-CC-115-CAT-011,2026,Q3,August,DEP-002,CC-115,CAT-011,23837.42,Project,REG-05
BUD-202608-DEP-002-CC-103-CAT-009,2026,Q3,August,DEP-002,CC-103,CAT-009,23681.71,Operating,REG-01
BUD-202608-DEP-002-CC-103-CAT-009,2026,Q3,August,DEP-002,CC-103,CAT-009,24129.96,Operating,REG-07
BUD-202608-DEP-002-CC-111-CAT-009,2026,Q3,August,DEP-002,CC-111,CAT-009,22171.99,Operating,REG-01
BUD-202608-DEP-002-CC-108-CAT-014,2026,Q3,August,DEP-002,CC-108,CAT-014,25386.01,Operating,REG-02
BUD-202608-DEP-002-CC-116-CAT-007,2026,Q3,August,DEP-002,CC-116,CAT-007,16078.24,Operating,REG-08
BUD-202608-DEP-002-CC-108-CAT-007,2026,Q3,August,DEP-002,CC-108,CAT-007,16645.93,Operating,REG-03
BUD-202608-DEP-002-CC-116-CAT-004,2026,Q3,August,DEP-002,CC-116,CAT-004,32772.99,Operating,REG-01
BUD-202608-DEP-002-CC-120-CAT-001,2026,Q3,August,DEP-002,CC-120,CAT-001,33583.68,Operating,REG-03
BUD-202608-DEP-002-CC-116-CAT-011,2026,Q3,August,DEP-002,CC-116,CAT-011,25308.53,Departmental,REG-04
BUD-202608-DEP-002-CC-117-CAT-008,2026,Q3,August,DEP-002,CC-117,CAT-008,30058.21,Project,REG-05
BUD-202608-DEP-002-CC-114-CAT-010,2026,Q3,August,DEP-002,CC-114,CAT-010,19049.84,Capital,REG-07
BUD-202608-DEP-002-CC-117-CAT-012,2026,Q3,August,DEP-002,CC-117,CAT-012,18291.83,Project,REG-04
BUD-202608-DEP-002-CC-118-CAT-008,2026,Q3,August,DEP-002,CC-118,CAT-008,33342.55,Operating,REG-08
BUD-202608-DEP-002-CC-112-CAT-014,2026,Q3,August,DEP-002,CC-112,CAT-014,25970.49,Operating,REG-05
BUD-202608-DEP-002-CC-105-CAT-011,2026,Q3,August,DEP-002,CC-105,CAT-011,26674.11,Operating,REG-01
BUD-202608-DEP-002-CC-105-CAT-002,2026,Q3,August,DEP-002,CC-105,CAT-002,17057.0,Project,REG-04
BUD-202608-DEP-002-CC-104-CAT-001,2026,Q3,August,DEP-002,CC-104,CAT-001,32439.59,Operating,REG-02
BUD-202608-DEP-003-CC-104-CAT-003,2026,Q3,August,DEP-003,CC-104,CAT-003,41567.19,Departmental,REG-05
BUD-202608-DEP-003-CC-114-CAT-004,2026,Q3,August,DEP-003,CC-114,CAT-004,57367.37,Operating,REG-05
BUD-202608-DEP-003-CC-109-CAT-006,2026,Q3,August,DEP-003,CC-109,CAT-006,41332.63,Project,REG-01
BUD-202608-DEP-003-CC-110-CAT-007,2026,Q3,August,DEP-003,CC-110,CAT-007,23421.28,Operating,REG-08
BUD-202608-DEP-003-CC-108-CAT-011,2026,Q3,August,DEP-003,CC-108,CAT-011,44088.56,Capital,REG-04
BUD-202608-DEP-003-CC-115-CAT-013,2026,Q3,August,DEP-003,CC-115,CAT-013,48695.54,Operating,REG-01
BUD-202608-DEP-003-CC-112-CAT-015,2026,Q3,August,DEP-003,CC-112,CAT-015,45659.16,Departmental,REG-06
BUD-202608-DEP-003-CC-119-CAT-009,2026,Q3,August,DEP-003,CC-119,CAT-009,38963.72,Operating,REG-03
BUD-202608-DEP-003-CC-116-CAT-013,2026,Q3,August,DEP-003,CC-116,CAT-013,50725.59,Operating,REG-02
BUD-202608-DEP-003-CC-106-CAT-006,2026,Q3,August,DEP-003,CC-106,CAT-006,48978.39,Operating,REG-01
BUD-202608-DEP-003-CC-102-CAT-010,2026,Q3,August,DEP-003,CC-102,CAT-010,34888.18,Departmental,REG-02
BUD-202608-DEP-003-CC-112-CAT-007,2026,Q3,August,DEP-003,CC-112,CAT-007,25628.39,Operating,REG-01
BUD-202608-DEP-003-CC-120-CAT-002,2026,Q3,August,DEP-003,CC-120,CAT-002,31415.11,Operating,REG-05
BUD-202608-DEP-003-CC-109-CAT-002,2026,Q3,August,DEP-003,CC-109,CAT-002,31707.87,Capital,REG-02
BUD-202608-DEP-003-CC-112-CAT-013,2026,Q3,August,DEP-003,CC-112,CAT-013,44221.46,Operating,REG-03
BUD-202608-DEP-003-CC-113-CAT-007,2026,Q3,August,DEP-003,CC-113,CAT-007,25018.9,Capital,REG-05
BUD-202608-DEP-003-CC-106-CAT-011,2026,Q3,August,DEP-003,CC-106,CAT-011,44814.43,Operating,REG-08
BUD-202608-DEP-003-CC-113-CAT-010,2026,Q3,August,DEP-003,CC-113,CAT-010,32462.42,Operating,REG-05
BUD-202608-DEP-003-CC-101-CAT-012,2026,Q3,August,DEP-003,CC-101,CAT-012,33319.21,Operating,REG-06
BUD-202608-DEP-003-CC-110-CAT-001,2026,Q3,August,DEP-003,CC-110,CAT-001,51664.22,Departmental,REG-04
BUD-202608-DEP-003-CC-120-CAT-013,2026,Q3,August,DEP-003,CC-120,CAT-013,43118.0,Project,REG-05
BUD-202608-DEP-003-CC-114-CAT-013,2026,Q3,August,DEP-003,CC-114,CAT-013,47128.63,Departmental,REG-03
BUD-202608-DEP-003-CC-101-CAT-010,2026,Q3,August,DEP-003,CC-101,CAT-010,35872.74,Project,REG-05
BUD-202608-DEP-003-CC-109-CAT-008,2026,Q3,August,DEP-003,CC-109,CAT-008,52936.37,Operating,REG-02
BUD-202608-DEP-003-CC-118-CAT-008,2026,Q3,August,DEP-003,CC-118,CAT-008,54536.03,Capital,REG-02
BUD-202608-DEP-003-CC-111-CAT-013,2026,Q3,August,DEP-003,CC-111,CAT-013,43573.24,Operating,REG-07
BUD-202608-DEP-003-CC-103-CAT-007,2026,Q3,August,DEP-003,CC-103,CAT-007,26498.24,Project,REG-04
BUD-202608-DEP-003-CC-105-CAT-012,2026,Q3,August,DEP-003,CC-105,CAT-012,32545.37,Project,REG-05
BUD-202608-DEP-003-CC-105-CAT-012,2026,Q3,August,DEP-003,CC-105,CAT-012,33851.38,Project,REG-04
BUD-202608-DEP-003-CC-113-CAT-013,2026,Q3,August,DEP-003,CC-113,CAT-013,53213.83,Departmental,REG-03
BUD-202608-DEP-003-CC-103-CAT-014,2026,Q3,August,DEP-003,CC-103,CAT-014,36532.58,Operating,REG-06
BUD-202608-DEP-003-CC-114-CAT-014,2026,Q3,August,DEP-003,CC-114,CAT-014,41448.46,Capital,REG-05
BUD-202608-DEP-003-CC-117-CAT-006,2026,Q3,August,DEP-003,CC-117,CAT-006,47514.42,Departmental,REG-01
BUD-202608-DEP-003-CC-101-CAT-006,2026,Q3,August,DEP-003,CC-101,CAT-006,42999.24,Operating,REG-03
BUD-202608-DEP-003-CC-106-CAT-012,2026,Q3,August,DEP-003,CC-106,CAT-012,30486.79,Project,REG-05
BUD-202608-DEP-003-CC-109-CAT-006,2026,Q3,August,DEP-003,CC-109,CAT-006,44946.28,Operating,REG-03
BUD-202608-DEP-003-CC-109-CAT-015,2026,Q3,August,DEP-003,CC-109,CAT-015,39896.18,Departmental,REG-06
BUD-202608-DEP-003-CC-111-CAT-010,2026,Q3,August,DEP-003,CC-111,CAT-010,35075.66,Capital,REG-05
BUD-202608-DEP-003-CC-103-CAT-006,2026,Q3,August,DEP-003,CC-103,CAT-006,48981.68,Operating,REG-06
BUD-202608-DEP-003-CC-120-CAT-005,2026,Q3,August,DEP-003,CC-120,CAT-005,34019.87,Capital,REG-07
BUD-202608-DEP-003-CC-110-CAT-007,2026,Q3,August,DEP-003,CC-110,CAT-007,23214.1,Operating,REG-07
BUD-202608-DEP-003-CC-120-CAT-010,2026,Q3,August,DEP-003,CC-120,CAT-010,29656.9,Operating,REG-07
BUD-202608-DEP-003-CC-109-CAT-001,2026,Q3,August,DEP-003,CC-109,CAT-001,53599.26,Capital,REG-01
BUD-202608-DEP-003-CC-113-CAT-009,2026,Q3,August,DEP-003,CC-113,CAT-009,41298.61,Operating,REG-07
BUD-202608-DEP-003-CC-107-CAT-010,2026,Q3,August,DEP-003,CC-107,CAT-010,36665.09,Operating,REG-03
BUD-202608-DEP-003-CC-107-CAT-005,2026,Q3,August,DEP-003,CC-107,CAT-005,39144.14,Operating,REG-02
BUD-202608-DEP-003-CC-107-CAT-013,2026,Q3,August,DEP-003,CC-107,CAT-013,53437.61,Departmental,REG-08
BUD-202608-DEP-003-CC-113-CAT-002,2026,Q3,August,DEP-003,CC-113,CAT-002,32135.79,Capital,REG-07
BUD-202608-DEP-003-CC-118-CAT-011,2026,Q3,August,DEP-003,CC-118,CAT-011,47609.95,Operating,REG-01
BUD-202608-DEP-004-CC-106-CAT-009,2026,Q3,August,DEP-004,CC-106,CAT-009,25297.52,Operating,REG-07
BUD-202608-DEP-004-CC-111-CAT-010,2026,Q3,August,DEP-004,CC-111,CAT-010,22381.67,Project,REG-07
BUD-202608-DEP-004-CC-108-CAT-002,2026,Q3,August,DEP-004,CC-108,CAT-002,20607.73,Capital,REG-03
BUD-202608-DEP-004-CC-108-CAT-012,2026,Q3,August,DEP-004,CC-108,CAT-012,19882.95,Operating,REG-07
BUD-202608-DEP-004-CC-109-CAT-002,2026,Q3,August,DEP-004,CC-109,CAT-002,19599.49,Operating,REG-04
BUD-202608-DEP-004-CC-110-CAT-012,2026,Q3,August,DEP-004,CC-110,CAT-012,22664.4,Operating,REG-02
BUD-202608-DEP-004-CC-101-CAT-003,2026,Q3,August,DEP-004,CC-101,CAT-003,29073.62,Capital,REG-04
BUD-202608-DEP-004-CC-110-CAT-001,2026,Q3,August,DEP-004,CC-110,CAT-001,32414.31,Operating,REG-07
BUD-202608-DEP-004-CC-111-CAT-003,2026,Q3,August,DEP-004,CC-111,CAT-003,26464.92,Operating,REG-04
BUD-202608-DEP-004-CC-107-CAT-002,2026,Q3,August,DEP-004,CC-107,CAT-002,19800.81,Operating,REG-01
BUD-202608-DEP-004-CC-107-CAT-002,2026,Q3,August,DEP-004,CC-107,CAT-002,17964.96,Operating,REG-02
BUD-202608-DEP-004-CC-113-CAT-006,2026,Q3,August,DEP-004,CC-113,CAT-006,35130.63,Capital,REG-06
BUD-202608-DEP-004-CC-104-CAT-012,2026,Q3,August,DEP-004,CC-104,CAT-012,19320.24,Capital,REG-07
BUD-202608-DEP-004-CC-119-CAT-007,2026,Q3,August,DEP-004,CC-119,CAT-007,16849.61,Operating,REG-03
BUD-202608-DEP-004-CC-112-CAT-007,2026,Q3,August,DEP-004,CC-112,CAT-007,17422.77,Capital,REG-03
BUD-202608-DEP-004-CC-109-CAT-008,2026,Q3,August,DEP-004,CC-109,CAT-008,35470.7,Operating,REG-08
BUD-202608-DEP-004-CC-116-CAT-009,2026,Q3,August,DEP-004,CC-116,CAT-009,28123.87,Project,REG-03
BUD-202608-DEP-004-CC-101-CAT-006,2026,Q3,August,DEP-004,CC-101,CAT-006,34762.2,Capital,REG-01
BUD-202608-DEP-004-CC-119-CAT-005,2026,Q3,August,DEP-004,CC-119,CAT-005,25704.32,Capital,REG-02
BUD-202608-DEP-004-CC-118-CAT-015,2026,Q3,August,DEP-004,CC-118,CAT-015,27544.28,Departmental,REG-01
BUD-202608-DEP-004-CC-116-CAT-001,2026,Q3,August,DEP-004,CC-116,CAT-001,35929.71,Project,REG-08
BUD-202608-DEP-004-CC-110-CAT-013,2026,Q3,August,DEP-004,CC-110,CAT-013,35385.08,Operating,REG-06
BUD-202608-DEP-004-CC-112-CAT-012,2026,Q3,August,DEP-004,CC-112,CAT-012,21066.99,Operating,REG-03
BUD-202608-DEP-004-CC-112-CAT-002,2026,Q3,August,DEP-004,CC-112,CAT-002,22265.65,Departmental,REG-05
BUD-202608-DEP-004-CC-103-CAT-013,2026,Q3,August,DEP-004,CC-103,CAT-013,30272.93,Operating,REG-04
BUD-202608-DEP-004-CC-105-CAT-001,2026,Q3,August,DEP-004,CC-105,CAT-001,36874.03,Project,REG-06
BUD-202608-DEP-004-CC-101-CAT-013,2026,Q3,August,DEP-004,CC-101,CAT-013,30740.37,Operating,REG-02
BUD-202608-DEP-004-CC-117-CAT-006,2026,Q3,August,DEP-004,CC-117,CAT-006,33699.99,Operating,REG-06
BUD-202608-DEP-004-CC-116-CAT-012,2026,Q3,August,DEP-004,CC-116,CAT-012,19621.66,Capital,REG-07
BUD-202608-DEP-005-CC-110-CAT-002,2026,Q3,August,DEP-005,CC-110,CAT-002,25788.6,Capital,REG-02
BUD-202608-DEP-005-CC-116-CAT-012,2026,Q3,August,DEP-005,CC-116,CAT-012,24370.04,Operating,REG-01
BUD-202608-DEP-005-CC-117-CAT-004,2026,Q3,August,DEP-005,CC-117,CAT-004,43928.55,Departmental,REG-06
BUD-202608-DEP-005-CC-104-CAT-011,2026,Q3,August,DEP-005,CC-104,CAT-011,31272.95,Operating,REG-03
BUD-202608-DEP-005-CC-115-CAT-008,2026,Q3,August,DEP-005,CC-115,CAT-008,43176.61,Capital,REG-02
BUD-202608-DEP-005-CC-102-CAT-002,2026,Q3,August,DEP-005,CC-102,CAT-002,21641.15,Capital,REG-02
BUD-202608-DEP-005-CC-114-CAT-015,2026,Q3,August,DEP-005,CC-114,CAT-015,35001.14,Departmental,REG-07
BUD-202608-DEP-005-CC-118-CAT-011,2026,Q3,August,DEP-005,CC-118,CAT-011,33881.5,Capital,REG-03
BUD-202608-DEP-005-CC-117-CAT-003,2026,Q3,August,DEP-005,CC-117,CAT-003,34829.7,Project,REG-03
BUD-202608-DEP-005-CC-104-CAT-002,2026,Q3,August,DEP-005,CC-104,CAT-002,24552.52,Operating,REG-02
BUD-202608-DEP-005-CC-109-CAT-009,2026,Q3,August,DEP-005,CC-109,CAT-009,31272.01,Departmental,REG-02
BUD-202608-DEP-005-CC-118-CAT-003,2026,Q3,August,DEP-005,CC-118,CAT-003,35531.21,Departmental,REG-03
BUD-202608-DEP-005-CC-105-CAT-006,2026,Q3,August,DEP-005,CC-105,CAT-006,39943.36,Project,REG-07
BUD-202608-DEP-005-CC-104-CAT-015,2026,Q3,August,DEP-005,CC-104,CAT-015,29759.5,Capital,REG-08
BUD-202608-DEP-005-CC-115-CAT-005,2026,Q3,August,DEP-005,CC-115,CAT-005,27481.57,Project,REG-06
BUD-202608-DEP-005-CC-107-CAT-005,2026,Q3,August,DEP-005,CC-107,CAT-005,30666.77,Operating,REG-01
BUD-202608-DEP-005-CC-106-CAT-005,2026,Q3,August,DEP-005,CC-106,CAT-005,28188.05,Project,REG-04
BUD-202608-DEP-005-CC-109-CAT-006,2026,Q3,August,DEP-005,CC-109,CAT-006,32155.31,Departmental,REG-05
BUD-202608-DEP-005-CC-112-CAT-003,2026,Q3,August,DEP-005,CC-112,CAT-003,31048.98,Operating,REG-05
BUD-202608-DEP-005-CC-117-CAT-001,2026,Q3,August,DEP-005,CC-117,CAT-001,41745.57,Departmental,REG-07
BUD-202608-DEP-005-CC-111-CAT-001,2026,Q3,August,DEP-005,CC-111,CAT-001,39116.82,Operating,REG-08
BUD-202608-DEP-005-CC-107-CAT-015,2026,Q3,August,DEP-005,CC-107,CAT-015,35293.94,Operating,REG-07
BUD-202608-DEP-005-CC-113-CAT-005,2026,Q3,August,DEP-005,CC-113,CAT-005,29432.31,Operating,REG-05
BUD-202608-DEP-005-CC-112-CAT-001,2026,Q3,August,DEP-005,CC-112,CAT-001,37185.1,Capital,REG-04
BUD-202608-DEP-005-CC-102-CAT-012,2026,Q3,August,DEP-005,CC-102,CAT-012,27703.12,Operating,REG-02
BUD-202608-DEP-005-CC-107-CAT-011,2026,Q3,August,DEP-005,CC-107,CAT-011,34302.25,Operating,REG-04
BUD-202608-DEP-005-CC-104-CAT-003,2026,Q3,August,DEP-005,CC-104,CAT-003,35785.46,Operating,REG-06
BUD-202608-DEP-005-CC-119-CAT-011,2026,Q3,August,DEP-005,CC-119,CAT-011,33038.94,Operating,REG-05
BUD-202608-DEP-005-CC-105-CAT-015,2026,Q3,August,DEP-005,CC-105,CAT-015,33755.62,Operating,REG-07
BUD-202608-DEP-005-CC-101-CAT-013,2026,Q3,August,DEP-005,CC-101,CAT-013,35712.72,Capital,REG-03
BUD-202608-DEP-005-CC-104-CAT-005,2026,Q3,August,DEP-005,CC-104,CAT-005,26245.69,Departmental,REG-01
BUD-202608-DEP-005-CC-115-CAT-008,2026,Q3,August,DEP-005,CC-115,CAT-008,46249.25,Project,REG-02
BUD-202608-DEP-005-CC-111-CAT-008,2026,Q3,August,DEP-005,CC-111,CAT-008,46692.4,Capital,REG-06
BUD-202608-DEP-005-CC-116-CAT-010,2026,Q3,August,DEP-005,CC-116,CAT-010,26471.31,Departmental,REG-04
BUD-202608-DEP-005-CC-108-CAT-002,2026,Q3,August,DEP-005,CC-108,CAT-002,25009.76,Operating,REG-04
BUD-202608-DEP-006-CC-120-CAT-002,2026,Q3,August,DEP-006,CC-120,CAT-002,14882.39,Capital,REG-02
BUD-202608-DEP-006-CC-107-CAT-002,2026,Q3,August,DEP-006,CC-107,CAT-002,16857.22,Operating,REG-02
BUD-202608-DEP-006-CC-106-CAT-008,2026,Q3,August,DEP-006,CC-106,CAT-008,25391.53,Departmental,REG-03
BUD-202608-DEP-006-CC-102-CAT-002,2026,Q3,August,DEP-006,CC-102,CAT-002,15104.78,Capital,REG-01
BUD-202608-DEP-006-CC-110-CAT-015,2026,Q3,August,DEP-006,CC-110,CAT-015,23683.85,Capital,REG-03
BUD-202608-DEP-006-CC-114-CAT-015,2026,Q3,August,DEP-006,CC-114,CAT-015,22573.26,Project,REG-02
BUD-202608-DEP-006-CC-107-CAT-012,2026,Q3,August,DEP-006,CC-107,CAT-012,15105.56,Operating,REG-03
BUD-202608-DEP-006-CC-101-CAT-015,2026,Q3,August,DEP-006,CC-101,CAT-015,22605.78,Project,REG-02
BUD-202608-DEP-006-CC-110-CAT-004,2026,Q3,August,DEP-006,CC-110,CAT-004,28009.83,Operating,REG-08
BUD-202608-DEP-006-CC-112-CAT-010,2026,Q3,August,DEP-006,CC-112,CAT-010,18416.83,Operating,REG-08
BUD-202608-DEP-006-CC-112-CAT-012,2026,Q3,August,DEP-006,CC-112,CAT-012,16311.15,Capital,REG-01
BUD-202608-DEP-006-CC-110-CAT-008,2026,Q3,August,DEP-006,CC-110,CAT-008,25688.67,Capital,REG-04
BUD-202608-DEP-006-CC-115-CAT-009,2026,Q3,August,DEP-006,CC-115,CAT-009,17679.37,Project,REG-04
BUD-202608-DEP-006-CC-110-CAT-004,2026,Q3,August,DEP-006,CC-110,CAT-004,28726.24,Project,REG-02
BUD-202608-DEP-006-CC-111-CAT-003,2026,Q3,August,DEP-006,CC-111,CAT-003,21269.96,Departmental,REG-07
BUD-202608-DEP-006-CC-119-CAT-014,2026,Q3,August,DEP-006,CC-119,CAT-014,19486.89,Operating,REG-03
BUD-202608-DEP-006-CC-114-CAT-006,2026,Q3,August,DEP-006,CC-114,CAT-006,21994.66,Project,REG-04
BUD-202608-DEP-006-CC-105-CAT-015,2026,Q3,August,DEP-006,CC-105,CAT-015,23944.84,Operating,REG-01
BUD-202608-DEP-006-CC-104-CAT-006,2026,Q3,August,DEP-006,CC-104,CAT-006,23941.2,Departmental,REG-02
BUD-202608-DEP-006-CC-119-CAT-001,2026,Q3,August,DEP-006,CC-119,CAT-001,29761.68,Operating,REG-02
BUD-202608-DEP-006-CC-114-CAT-009,2026,Q3,August,DEP-006,CC-114,CAT-009,19971.45,Departmental,REG-01
BUD-202608-DEP-006-CC-101-CAT-001,2026,Q3,August,DEP-006,CC-101,CAT-001,24175.22,Project,REG-01
BUD-202608-DEP-006-CC-111-CAT-008,2026,Q3,August,DEP-006,CC-111,CAT-008,26610.26,Capital,REG-06
BUD-202608-DEP-006-CC-119-CAT-013,2026,Q3,August,DEP-006,CC-119,CAT-013,24084.35,Project,REG-06
BUD-202608-DEP-006-CC-111-CAT-006,2026,Q3,August,DEP-006,CC-111,CAT-006,24083.55,Departmental,REG-06
BUD-202608-DEP-006-CC-112-CAT-011,2026,Q3,August,DEP-006,CC-112,CAT-011,22567.06,Operating,REG-05
BUD-202608-DEP-006-CC-112-CAT-009,2026,Q3,August,DEP-006,CC-112,CAT-009,21422.85,Departmental,REG-02
BUD-202608-DEP-006-CC-105-CAT-015,2026,Q3,August,DEP-006,CC-105,CAT-015,24616.85,Capital,REG-06
BUD-202608-DEP-006-CC-107-CAT-004,2026,Q3,August,DEP-006,CC-107,CAT-004,29002.33,Operating,REG-07
BUD-202608-DEP-006-CC-104-CAT-001,2026,Q3,August,DEP-006,CC-104,CAT-001,25496.79,Project,REG-07
BUD-202608-DEP-006-CC-111-CAT-004,2026,Q3,August,DEP-006,CC-111,CAT-004,32290.18,Departmental,REG-07
BUD-202608-DEP-006-CC-117-CAT-010,2026,Q3,August,DEP-006,CC-117,CAT-010,18457.33,Departmental,REG-06
BUD-202608-DEP-006-CC-101-CAT-001,2026,Q3,August,DEP-006,CC-101,CAT-001,25236.85,Operating,REG-02
BUD-202608-DEP-006-CC-118-CAT-013,2026,Q3,August,DEP-006,CC-118,CAT-013,28250.44,Operating,REG-03
BUD-202608-DEP-006-CC-116-CAT-004,2026,Q3,August,DEP-006,CC-116,CAT-004,30324.53,Operating,REG-02
BUD-202608-DEP-006-CC-114-CAT-003,2026,Q3,August,DEP-006,CC-114,CAT-003,23259.68,Departmental,REG-02
BUD-202608-DEP-006-CC-108-CAT-003,2026,Q3,August,DEP-006,CC-108,CAT-003,19831.87,Capital,REG-02
BUD-202608-DEP-006-CC-102-CAT-004,2026,Q3,August,DEP-006,CC-102,CAT-004,28599.48,Operating,REG-06
BUD-202608-DEP-006-CC-109-CAT-007,2026,Q3,August,DEP-006,CC-109,CAT-007,14433.73,Departmental,REG-03
BUD-202608-DEP-006-CC-113-CAT-006,2026,Q3,August,DEP-006,CC-113,CAT-006,26429.72,Operating,REG-08
BUD-202608-DEP-006-CC-116-CAT-009,2026,Q3,August,DEP-006,CC-116,CAT-009,22212.3,Operating,REG-05
BUD-202608-DEP-006-CC-118-CAT-012,2026,Q3,August,DEP-006,CC-118,CAT-012,16021.99,Departmental,REG-07
BUD-202608-DEP-007-CC-108-CAT-015,2026,Q3,August,DEP-007,CC-108,CAT-015,42275.6,Operating,REG-06
BUD-202608-DEP-007-CC-103-CAT-013,2026,Q3,August,DEP-007,CC-103,CAT-013,43701.83,Departmental,REG-04
BUD-202608-DEP-007-CC-111-CAT-002,2026,Q3,August,DEP-007,CC-111,CAT-002,28404.47,Departmental,REG-07
BUD-202608-DEP-007-CC-104-CAT-010,2026,Q3,August,DEP-007,CC-104,CAT-010,29354.66,Operating,REG-06
BUD-202608-DEP-007-CC-107-CAT-005,2026,Q3,August,DEP-007,CC-107,CAT-005,35401.12,Operating,REG-05
BUD-202608-DEP-007-CC-114-CAT-006,2026,Q3,August,DEP-007,CC-114,CAT-006,39194.14,Operating,REG-01
BUD-202608-DEP-007-CC-102-CAT-003,2026,Q3,August,DEP-007,CC-102,CAT-003,38930.3,Operating,REG-03
BUD-202608-DEP-007-CC-114-CAT-013,2026,Q3,August,DEP-007,CC-114,CAT-013,49518.15,Project,REG-06
BUD-202608-DEP-007-CC-101-CAT-008,2026,Q3,August,DEP-007,CC-101,CAT-008,50777.86,Operating,REG-03
BUD-202608-DEP-007-CC-112-CAT-010,2026,Q3,August,DEP-007,CC-112,CAT-010,27809.7,Operating,REG-04
BUD-202608-DEP-007-CC-112-CAT-005,2026,Q3,August,DEP-007,CC-112,CAT-005,30603.17,Operating,REG-08
BUD-202608-DEP-007-CC-106-CAT-012,2026,Q3,August,DEP-007,CC-106,CAT-012,29384.02,Operating,REG-01
BUD-202608-DEP-007-CC-117-CAT-014,2026,Q3,August,DEP-007,CC-117,CAT-014,38103.75,Operating,REG-04
BUD-202608-DEP-007-CC-105-CAT-007,2026,Q3,August,DEP-007,CC-105,CAT-007,23878.56,Operating,REG-07
BUD-202608-DEP-007-CC-109-CAT-014,2026,Q3,August,DEP-007,CC-109,CAT-014,36987.7,Operating,REG-02
BUD-202608-DEP-007-CC-107-CAT-005,2026,Q3,August,DEP-007,CC-107,CAT-005,34069.91,Operating,REG-04
BUD-202608-DEP-007-CC-102-CAT-003,2026,Q3,August,DEP-007,CC-102,CAT-003,41574.78,Operating,REG-05
BUD-202608-DEP-007-CC-114-CAT-012,2026,Q3,August,DEP-007,CC-114,CAT-012,28430.29,Operating,REG-05
BUD-202608-DEP-007-CC-105-CAT-004,2026,Q3,August,DEP-007,CC-105,CAT-004,50149.08,Departmental,REG-08
BUD-202608-DEP-007-CC-106-CAT-004,2026,Q3,August,DEP-007,CC-106,CAT-004,49093.18,Operating,REG-07
BUD-202608-DEP-007-CC-118-CAT-004,2026,Q3,August,DEP-007,CC-118,CAT-004,60730.58,Operating,REG-01
BUD-202608-DEP-007-CC-119-CAT-007,2026,Q3,August,DEP-007,CC-119,CAT-007,22983.2,Capital,REG-03
BUD-202608-DEP-007-CC-103-CAT-001,2026,Q3,August,DEP-007,CC-103,CAT-001,47434.12,Operating,REG-08
BUD-202608-DEP-007-CC-106-CAT-015,2026,Q3,August,DEP-007,CC-106,CAT-015,35910.0,Capital,REG-02
BUD-202608-DEP-007-CC-118-CAT-004,2026,Q3,August,DEP-007,CC-118,CAT-004,59822.23,Operating,REG-02
BUD-202608-DEP-007-CC-116-CAT-001,2026,Q3,August,DEP-007,CC-116,CAT-001,48350.57,Operating,REG-04
BUD-202608-DEP-007-CC-114-CAT-012,2026,Q3,August,DEP-007,CC-114,CAT-012,31596.56,Operating,REG-06
BUD-202608-DEP-007-CC-103-CAT-004,2026,Q3,August,DEP-007,CC-103,CAT-004,60426.03,Project,REG-07
BUD-202608-DEP-007-CC-108-CAT-011,2026,Q3,August,DEP-007,CC-108,CAT-011,39362.06,Capital,REG-06
BUD-202608-DEP-007-CC-101-CAT-015,2026,Q3,August,DEP-007,CC-101,CAT-015,39141.91,Operating,REG-05
BUD-202608-DEP-007-CC-109-CAT-007,2026,Q3,August,DEP-007,CC-109,CAT-007,21278.22,Capital,REG-08
BUD-202608-DEP-007-CC-110-CAT-006,2026,Q3,August,DEP-007,CC-110,CAT-006,46914.11,Operating,REG-06
BUD-202608-DEP-007-CC-114-CAT-014,2026,Q3,August,DEP-007,CC-114,CAT-014,34922.84,Operating,REG-05
BUD-202608-DEP-007-CC-115-CAT-009,2026,Q3,August,DEP-007,CC-115,CAT-009,33237.16,Capital,REG-08
BUD-202608-DEP-007-CC-111-CAT-002,2026,Q3,August,DEP-007,CC-111,CAT-002,28011.07,Capital,REG-08
BUD-202608-DEP-007-CC-114-CAT-013,2026,Q3,August,DEP-007,CC-114,CAT-013,40331.46,Project,REG-05
BUD-202608-DEP-007-CC-113-CAT-005,2026,Q3,August,DEP-007,CC-113,CAT-005,35637.69,Departmental,REG-08
BUD-202608-DEP-007-CC-113-CAT-002,2026,Q3,August,DEP-007,CC-113,CAT-002,26795.01,Operating,REG-08
BUD-202608-DEP-007-CC-101-CAT-012,2026,Q3,August,DEP-007,CC-101,CAT-012,28157.74,Operating,REG-06
BUD-202608-DEP-007-CC-107-CAT-006,2026,Q3,August,DEP-007,CC-107,CAT-006,47690.46,Project,REG-02
BUD-202608-DEP-007-CC-103-CAT-006,2026,Q3,August,DEP-007,CC-103,CAT-006,40594.13,Project,REG-03
BUD-202608-DEP-007-CC-108-CAT-011,2026,Q3,August,DEP-007,CC-108,CAT-011,43274.82,Capital,REG-07
BUD-202608-DEP-007-CC-111-CAT-015,2026,Q3,August,DEP-007,CC-111,CAT-015,38746.82,Capital,REG-02
BUD-202608-DEP-007-CC-113-CAT-005,2026,Q3,August,DEP-007,CC-113,CAT-005,28813.2,Departmental,REG-02
BUD-202608-DEP-007-CC-118-CAT-005,2026,Q3,August,DEP-007,CC-118,CAT-005,33649.86,Operating,REG-02
BUD-202608-DEP-008-CC-116-CAT-006,2026,Q3,August,DEP-008,CC-116,CAT-006,30432.0,Operating,REG-03
BUD-202608-DEP-008-CC-106-CAT-006,2026,Q3,August,DEP-008,CC-106,CAT-006,30805.68,Project,REG-08
BUD-202608-DEP-008-CC-111-CAT-009,2026,Q3,August,DEP-008,CC-111,CAT-009,26071.49,Operating,REG-01
BUD-202608-DEP-008-CC-111-CAT-007,2026,Q3,August,DEP-008,CC-111,CAT-007,17207.69,Project,REG-05
BUD-202608-DEP-008-CC-117-CAT-015,2026,Q3,August,DEP-008,CC-117,CAT-015,24639.15,Project,REG-08
BUD-202608-DEP-008-CC-112-CAT-003,2026,Q3,August,DEP-008,CC-112,CAT-003,27748.17,Operating,REG-07
BUD-202608-DEP-008-CC-102-CAT-004,2026,Q3,August,DEP-008,CC-102,CAT-004,34621.69,Project,REG-04
BUD-202608-DEP-008-CC-119-CAT-004,2026,Q3,August,DEP-008,CC-119,CAT-004,41362.41,Project,REG-06
BUD-202608-DEP-008-CC-114-CAT-007,2026,Q3,August,DEP-008,CC-114,CAT-007,17633.82,Project,REG-04
BUD-202608-DEP-008-CC-106-CAT-009,2026,Q3,August,DEP-008,CC-106,CAT-009,21985.17,Operating,REG-04
BUD-202608-DEP-008-CC-113-CAT-002,2026,Q3,August,DEP-008,CC-113,CAT-002,21017.44,Operating,REG-07
BUD-202608-DEP-008-CC-119-CAT-004,2026,Q3,August,DEP-008,CC-119,CAT-004,33825.55,Departmental,REG-07
BUD-202608-DEP-008-CC-112-CAT-009,2026,Q3,August,DEP-008,CC-112,CAT-009,25664.84,Operating,REG-08
BUD-202608-DEP-008-CC-111-CAT-006,2026,Q3,August,DEP-008,CC-111,CAT-006,26829.82,Capital,REG-03
BUD-202608-DEP-008-CC-118-CAT-009,2026,Q3,August,DEP-008,CC-118,CAT-009,25967.78,Capital,REG-05
BUD-202608-DEP-008-CC-108-CAT-008,2026,Q3,August,DEP-008,CC-108,CAT-008,36869.28,Capital,REG-06
BUD-202608-DEP-008-CC-108-CAT-015,2026,Q3,August,DEP-008,CC-108,CAT-015,29331.97,Operating,REG-07
BUD-202608-DEP-008-CC-116-CAT-008,2026,Q3,August,DEP-008,CC-116,CAT-008,36019.0,Operating,REG-01
BUD-202608-DEP-008-CC-101-CAT-013,2026,Q3,August,DEP-008,CC-101,CAT-013,30896.99,Capital,REG-02
BUD-202608-DEP-008-CC-118-CAT-006,2026,Q3,August,DEP-008,CC-118,CAT-006,31203.21,Capital,REG-07
BUD-202608-DEP-008-CC-112-CAT-012,2026,Q3,August,DEP-008,CC-112,CAT-012,20664.56,Departmental,REG-03
BUD-202608-DEP-008-CC-112-CAT-010,2026,Q3,August,DEP-008,CC-112,CAT-010,21685.34,Operating,REG-05
BUD-202608-DEP-008-CC-115-CAT-009,2026,Q3,August,DEP-008,CC-115,CAT-009,24089.49,Capital,REG-07
BUD-202608-DEP-008-CC-120-CAT-006,2026,Q3,August,DEP-008,CC-120,CAT-006,30031.71,Operating,REG-02
BUD-202608-DEP-008-CC-102-CAT-010,2026,Q3,August,DEP-008,CC-102,CAT-010,23748.76,Operating,REG-03
BUD-202608-DEP-008-CC-112-CAT-006,2026,Q3,August,DEP-008,CC-112,CAT-006,29868.36,Capital,REG-08
BUD-202608-DEP-008-CC-112-CAT-005,2026,Q3,August,DEP-008,CC-112,CAT-005,21647.59,Operating,REG-04
BUD-202608-DEP-008-CC-110-CAT-009,2026,Q3,August,DEP-008,CC-110,CAT-009,23343.11,Departmental,REG-02
BUD-202608-DEP-008-CC-111-CAT-014,2026,Q3,August,DEP-008,CC-111,CAT-014,22344.31,Departmental,REG-04
BUD-202608-DEP-008-CC-103-CAT-005,2026,Q3,August,DEP-008,CC-103,CAT-005,21151.11,Operating,REG-02
BUD-202608-DEP-008-CC-108-CAT-009,2026,Q3,August,DEP-008,CC-108,CAT-009,22891.01,Capital,REG-03
BUD-202608-DEP-008-CC-104-CAT-005,2026,Q3,August,DEP-008,CC-104,CAT-005,22494.45,Operating,REG-02
BUD-202608-DEP-008-CC-108-CAT-006,2026,Q3,August,DEP-008,CC-108,CAT-006,27305.16,Operating,REG-05
BUD-202608-DEP-008-CC-111-CAT-008,2026,Q3,August,DEP-008,CC-111,CAT-008,30814.25,Project,REG-01
BUD-202608-DEP-008-CC-106-CAT-015,2026,Q3,August,DEP-008,CC-106,CAT-015,28445.35,Operating,REG-05
BUD-202608-DEP-008-CC-116-CAT-007,2026,Q3,August,DEP-008,CC-116,CAT-007,17811.96,Project,REG-06
BUD-202608-DEP-008-CC-120-CAT-012,2026,Q3,August,DEP-008,CC-120,CAT-012,21637.48,Departmental,REG-08
BUD-202608-DEP-008-CC-118-CAT-008,2026,Q3,August,DEP-008,CC-118,CAT-008,31349.25,Project,REG-03
BUD-202608-DEP-008-CC-108-CAT-001,2026,Q3,August,DEP-008,CC-108,CAT-001,32863.45,Project,REG-08
BUD-202608-DEP-008-CC-116-CAT-004,2026,Q3,August,DEP-008,CC-116,CAT-004,37886.44,Departmental,REG-04
BUD-202608-DEP-008-CC-111-CAT-004,2026,Q3,August,DEP-008,CC-111,CAT-004,40898.19,Capital,REG-07
BUD-202608-DEP-008-CC-117-CAT-002,2026,Q3,August,DEP-008,CC-117,CAT-002,17233.92,Operating,REG-08
BUD-202608-DEP-009-CC-119-CAT-001,2026,Q3,August,DEP-009,CC-119,CAT-001,55321.99,Project,REG-08
BUD-202608-DEP-009-CC-106-CAT-011,2026,Q3,August,DEP-009,CC-106,CAT-011,52947.68,Operating,REG-05
BUD-202608-DEP-009-CC-114-CAT-005,2026,Q3,August,DEP-009,CC-114,CAT-005,43668.99,Operating,REG-07
BUD-202608-DEP-009-CC-116-CAT-006,2026,Q3,August,DEP-009,CC-116,CAT-006,53763.5,Operating,REG-04
BUD-202608-DEP-009-CC-115-CAT-009,2026,Q3,August,DEP-009,CC-115,CAT-009,40565.02,Operating,REG-01
BUD-202608-DEP-009-CC-113-CAT-011,2026,Q3,August,DEP-009,CC-113,CAT-011,46432.09,Operating,REG-01
BUD-202608-DEP-009-CC-104-CAT-003,2026,Q3,August,DEP-009,CC-104,CAT-003,42657.37,Operating,REG-03
BUD-202608-DEP-009-CC-103-CAT-004,2026,Q3,August,DEP-009,CC-103,CAT-004,67285.8,Operating,REG-01
BUD-202608-DEP-009-CC-105-CAT-012,2026,Q3,August,DEP-009,CC-105,CAT-012,31539.23,Departmental,REG-02
BUD-202608-DEP-009-CC-107-CAT-002,2026,Q3,August,DEP-009,CC-107,CAT-002,30136.19,Operating,REG-04
BUD-202608-DEP-009-CC-119-CAT-002,2026,Q3,August,DEP-009,CC-119,CAT-002,34815.04,Capital,REG-07
BUD-202608-DEP-009-CC-113-CAT-012,2026,Q3,August,DEP-009,CC-113,CAT-012,31777.67,Operating,REG-05
BUD-202608-DEP-009-CC-115-CAT-013,2026,Q3,August,DEP-009,CC-115,CAT-013,57456.68,Operating,REG-02
BUD-202608-DEP-009-CC-112-CAT-006,2026,Q3,August,DEP-009,CC-112,CAT-006,50979.98,Operating,REG-02
BUD-202608-DEP-009-CC-105-CAT-007,2026,Q3,August,DEP-009,CC-105,CAT-007,31926.02,Project,REG-06
BUD-202608-DEP-009-CC-118-CAT-015,2026,Q3,August,DEP-009,CC-118,CAT-015,43616.67,Operating,REG-06
BUD-202608-DEP-009-CC-106-CAT-008,2026,Q3,August,DEP-009,CC-106,CAT-008,56756.55,Operating,REG-01
BUD-202608-DEP-009-CC-104-CAT-015,2026,Q3,August,DEP-009,CC-104,CAT-015,44878.05,Operating,REG-03
BUD-202608-DEP-009-CC-109-CAT-001,2026,Q3,August,DEP-009,CC-109,CAT-001,53936.06,Operating,REG-03
BUD-202608-DEP-009-CC-112-CAT-004,2026,Q3,August,DEP-009,CC-112,CAT-004,70046.54,Operating,REG-03
BUD-202608-DEP-009-CC-117-CAT-008,2026,Q3,August,DEP-009,CC-117,CAT-008,65333.18,Operating,REG-02
BUD-202608-DEP-009-CC-117-CAT-002,2026,Q3,August,DEP-009,CC-117,CAT-002,31133.76,Capital,REG-08
BUD-202608-DEP-009-CC-115-CAT-006,2026,Q3,August,DEP-009,CC-115,CAT-006,55560.84,Operating,REG-02
BUD-202608-DEP-009-CC-113-CAT-008,2026,Q3,August,DEP-009,CC-113,CAT-008,55159.44,Departmental,REG-08
BUD-202608-DEP-009-CC-112-CAT-015,2026,Q3,August,DEP-009,CC-112,CAT-015,46366.12,Operating,REG-08
BUD-202608-DEP-009-CC-109-CAT-009,2026,Q3,August,DEP-009,CC-109,CAT-009,40429.91,Capital,REG-07
BUD-202608-DEP-009-CC-104-CAT-012,2026,Q3,August,DEP-009,CC-104,CAT-012,35323.29,Operating,REG-07
BUD-202608-DEP-009-CC-114-CAT-004,2026,Q3,August,DEP-009,CC-114,CAT-004,61708.16,Operating,REG-01
BUD-202608-DEP-009-CC-117-CAT-013,2026,Q3,August,DEP-009,CC-117,CAT-013,56349.69,Operating,REG-06
BUD-202608-DEP-009-CC-118-CAT-002,2026,Q3,August,DEP-009,CC-118,CAT-002,34134.69,Operating,REG-05
BUD-202608-DEP-009-CC-103-CAT-007,2026,Q3,August,DEP-009,CC-103,CAT-007,29462.57,Project,REG-07
BUD-202608-DEP-009-CC-120-CAT-003,2026,Q3,August,DEP-009,CC-120,CAT-003,45751.92,Operating,REG-02
BUD-202608-DEP-009-CC-104-CAT-001,2026,Q3,August,DEP-009,CC-104,CAT-001,55854.2,Project,REG-02
BUD-202608-DEP-009-CC-104-CAT-004,2026,Q3,August,DEP-009,CC-104,CAT-004,70791.47,Departmental,REG-03
BUD-202608-DEP-009-CC-106-CAT-011,2026,Q3,August,DEP-009,CC-106,CAT-011,52749.29,Project,REG-07
BUD-202608-DEP-009-CC-118-CAT-014,2026,Q3,August,DEP-009,CC-118,CAT-014,43106.67,Operating,REG-05
BUD-202608-DEP-009-CC-109-CAT-013,2026,Q3,August,DEP-009,CC-109,CAT-013,48246.61,Capital,REG-08
BUD-202608-DEP-009-CC-113-CAT-013,2026,Q3,August,DEP-009,CC-113,CAT-013,57031.19,Operating,REG-04
BUD-202608-DEP-009-CC-104-CAT-015,2026,Q3,August,DEP-009,CC-104,CAT-015,44816.56,Operating,REG-07
BUD-202608-DEP-009-CC-101-CAT-008,2026,Q3,August,DEP-009,CC-101,CAT-008,54246.23,Project,REG-08
BUD-202608-DEP-009-CC-114-CAT-006,2026,Q3,August,DEP-009,CC-114,CAT-006,45862.17,Operating,REG-03
BUD-202608-DEP-009-CC-116-CAT-004,2026,Q3,August,DEP-009,CC-116,CAT-004,71837.3,Departmental,REG-04
BUD-202608-DEP-009-CC-113-CAT-012,2026,Q3,August,DEP-009,CC-113,CAT-012,37082.61,Operating,REG-02
BUD-202608-DEP-009-CC-112-CAT-011,2026,Q3,August,DEP-009,CC-112,CAT-011,47977.56,Capital,REG-02
BUD-202608-DEP-009-CC-108-CAT-004,2026,Q3,August,DEP-009,CC-108,CAT-004,68271.71,Operating,REG-08
BUD-202608-DEP-009-CC-120-CAT-015,2026,Q3,August,DEP-009,CC-120,CAT-015,47376.71,Departmental,REG-01
BUD-202608-DEP-009-CC-107-CAT-007,2026,Q3,August,DEP-009,CC-107,CAT-007,31234.6,Project,REG-08
BUD-202608-DEP-009-CC-111-CAT-002,2026,Q3,August,DEP-009,CC-111,CAT-002,32788.73,Capital,REG-03
BUD-202608-DEP-009-CC-115-CAT-001,2026,Q3,August,DEP-009,CC-115,CAT-001,60462.66,Operating,REG-08
BUD-202608-DEP-010-CC-114-CAT-002,2026,Q3,August,DEP-010,CC-114,CAT-002,21715.39,Operating,REG-01
BUD-202608-DEP-010-CC-113-CAT-001,2026,Q3,August,DEP-010,CC-113,CAT-001,33583.55,Capital,REG-06
BUD-202608-DEP-010-CC-106-CAT-003,2026,Q3,August,DEP-010,CC-106,CAT-003,30537.07,Operating,REG-02
BUD-202608-DEP-010-CC-104-CAT-014,2026,Q3,August,DEP-010,CC-104,CAT-014,27170.87,Operating,REG-05
BUD-202608-DEP-010-CC-103-CAT-003,2026,Q3,August,DEP-010,CC-103,CAT-003,29492.89,Operating,REG-04
BUD-202608-DEP-010-CC-105-CAT-014,2026,Q3,August,DEP-010,CC-105,CAT-014,28488.78,Operating,REG-02
BUD-202608-DEP-010-CC-111-CAT-010,2026,Q3,August,DEP-010,CC-111,CAT-010,22446.0,Capital,REG-05
BUD-202608-DEP-010-CC-110-CAT-010,2026,Q3,August,DEP-010,CC-110,CAT-010,26332.28,Capital,REG-02
BUD-202608-DEP-010-CC-104-CAT-004,2026,Q3,August,DEP-010,CC-104,CAT-004,44606.0,Operating,REG-04
BUD-202608-DEP-010-CC-104-CAT-002,2026,Q3,August,DEP-010,CC-104,CAT-002,21863.79,Operating,REG-05
BUD-202608-DEP-010-CC-101-CAT-001,2026,Q3,August,DEP-010,CC-101,CAT-001,39220.11,Capital,REG-02
BUD-202608-DEP-010-CC-103-CAT-008,2026,Q3,August,DEP-010,CC-103,CAT-008,38135.01,Operating,REG-05
BUD-202608-DEP-010-CC-108-CAT-006,2026,Q3,August,DEP-010,CC-108,CAT-006,36495.94,Project,REG-02
BUD-202608-DEP-010-CC-120-CAT-009,2026,Q3,August,DEP-010,CC-120,CAT-009,26208.7,Operating,REG-04
BUD-202608-DEP-010-CC-120-CAT-006,2026,Q3,August,DEP-010,CC-120,CAT-006,34756.93,Project,REG-07
BUD-202608-DEP-010-CC-120-CAT-011,2026,Q3,August,DEP-010,CC-120,CAT-011,31283.31,Operating,REG-04
BUD-202608-DEP-010-CC-120-CAT-014,2026,Q3,August,DEP-010,CC-120,CAT-014,30230.71,Departmental,REG-01
BUD-202608-DEP-010-CC-120-CAT-009,2026,Q3,August,DEP-010,CC-120,CAT-009,27442.43,Operating,REG-01
BUD-202608-DEP-010-CC-109-CAT-013,2026,Q3,August,DEP-010,CC-109,CAT-013,33692.43,Operating,REG-07
BUD-202608-DEP-010-CC-116-CAT-014,2026,Q3,August,DEP-010,CC-116,CAT-014,29553.12,Operating,REG-04
BUD-202608-DEP-010-CC-107-CAT-008,2026,Q3,August,DEP-010,CC-107,CAT-008,41317.82,Operating,REG-02
BUD-202608-DEP-010-CC-119-CAT-011,2026,Q3,August,DEP-010,CC-119,CAT-011,32205.1,Departmental,REG-04
BUD-202608-DEP-010-CC-111-CAT-012,2026,Q3,August,DEP-010,CC-111,CAT-012,22334.24,Project,REG-03
BUD-202608-DEP-010-CC-112-CAT-009,2026,Q3,August,DEP-010,CC-112,CAT-009,24169.58,Project,REG-07
BUD-202608-DEP-010-CC-113-CAT-011,2026,Q3,August,DEP-010,CC-113,CAT-011,34136.59,Operating,REG-05
BUD-202608-DEP-010-CC-109-CAT-010,2026,Q3,August,DEP-010,CC-109,CAT-010,24927.57,Operating,REG-03
BUD-202608-DEP-010-CC-116-CAT-002,2026,Q3,August,DEP-010,CC-116,CAT-002,23430.43,Operating,REG-03
BUD-202608-DEP-010-CC-113-CAT-001,2026,Q3,August,DEP-010,CC-113,CAT-001,32373.59,Departmental,REG-06
BUD-202608-DEP-010-CC-114-CAT-003,2026,Q3,August,DEP-010,CC-114,CAT-003,30439.5,Operating,REG-04
BUD-202608-DEP-010-CC-117-CAT-015,2026,Q3,August,DEP-010,CC-117,CAT-015,30377.47,Operating,REG-02
BUD-202608-DEP-010-CC-105-CAT-005,2026,Q3,August,DEP-010,CC-105,CAT-005,25354.58,Departmental,REG-02
BUD-202608-DEP-010-CC-113-CAT-012,2026,Q3,August,DEP-010,CC-113,CAT-012,23466.5,Project,REG-08
BUD-202608-DEP-010-CC-117-CAT-011,2026,Q3,August,DEP-010,CC-117,CAT-011,35275.27,Project,REG-05
BUD-202608-DEP-010-CC-108-CAT-010,2026,Q3,August,DEP-010,CC-108,CAT-010,21972.09,Operating,REG-07
BUD-202608-DEP-010-CC-114-CAT-006,2026,Q3,August,DEP-010,CC-114,CAT-006,35949.34,Operating,REG-01
BUD-202608-DEP-010-CC-112-CAT-012,2026,Q3,August,DEP-010,CC-112,CAT-012,22469.72,Operating,REG-04
BUD-202608-DEP-010-CC-113-CAT-005,2026,Q3,August,DEP-010,CC-113,CAT-005,25045.1,Project,REG-04
BUD-202608-DEP-010-CC-120-CAT-012,2026,Q3,August,DEP-010,CC-120,CAT-012,21660.13,Capital,REG-01
BUD-202608-DEP-010-CC-105-CAT-003,2026,Q3,August,DEP-010,CC-105,CAT-003,27197.06,Operating,REG-02
BUD-202608-DEP-010-CC-103-CAT-013,2026,Q3,August,DEP-010,CC-103,CAT-013,32480.03,Project,REG-02
BUD-202608-DEP-010-CC-103-CAT-010,2026,Q3,August,DEP-010,CC-103,CAT-010,21866.41,Operating,REG-01
BUD-202608-DEP-010-CC-109-CAT-014,2026,Q3,August,DEP-010,CC-109,CAT-014,25983.23,Operating,REG-01
BUD-202608-DEP-010-CC-107-CAT-007,2026,Q3,August,DEP-010,CC-107,CAT-007,16862.33,Operating,REG-07
BUD-202608-DEP-010-CC-101-CAT-009,2026,Q3,August,DEP-010,CC-101,CAT-009,27697.84,Departmental,REG-03
BUD-202608-DEP-010-CC-113-CAT-013,2026,Q3,August,DEP-010,CC-113,CAT-013,35292.62,Operating,REG-05
BUD-202608-DEP-010-CC-111-CAT-005,2026,Q3,August,DEP-010,CC-111,CAT-005,26040.11,Departmental,REG-08
BUD-202608-DEP-010-CC-105-CAT-011,2026,Q3,August,DEP-010,CC-105,CAT-011,35584.33,Operating,REG-08
BUD-202608-DEP-010-CC-110-CAT-014,2026,Q3,August,DEP-010,CC-110,CAT-014,26267.84,Project,REG-07
BUD-202608-DEP-010-CC-117-CAT-012,2026,Q3,August,DEP-010,CC-117,CAT-012,24010.51,Operating,REG-04
BUD-202608-DEP-010-CC-101-CAT-003,2026,Q3,August,DEP-010,CC-101,CAT-003,28103.9,Operating,REG-03
BUD-202608-DEP-010-CC-115-CAT-004,2026,Q3,August,DEP-010,CC-115,CAT-004,39395.42,Operating,REG-03
BUD-202612-DEP-001-CC-114-CAT-001,2026,Q4,December,DEP-001,CC-114,CAT-001,47000.19,Capital,REG-05
BUD-202612-DEP-001-CC-112-CAT-005,2026,Q4,December,DEP-001,CC-112,CAT-005,37374.01,Capital,REG-04
BUD-202612-DEP-001-CC-112-CAT-012,2026,Q4,December,DEP-001,CC-112,CAT-012,28220.03,Operating,REG-01
BUD-202612-DEP-001-CC-106-CAT-001,2026,Q4,December,DEP-001,CC-106,CAT-001,42387.1,Capital,REG-02
BUD-202612-DEP-001-CC-101-CAT-001,2026,Q4,December,DEP-001,CC-101,CAT-001,52932.87,Operating,REG-02
BUD-202612-DEP-001-CC-113-CAT-002,2026,Q4,December,DEP-001,CC-113,CAT-002,28816.34,Operating,REG-04
BUD-202612-DEP-001-CC-109-CAT-011,2026,Q4,December,DEP-001,CC-109,CAT-011,47060.13,Operating,REG-06
BUD-202612-DEP-001-CC-103-CAT-015,2026,Q4,December,DEP-001,CC-103,CAT-015,37760.34,Project,REG-08
BUD-202612-DEP-001-CC-116-CAT-009,2026,Q4,December,DEP-001,CC-116,CAT-009,34584.94,Operating,REG-04
BUD-202612-DEP-001-CC-115-CAT-002,2026,Q4,December,DEP-001,CC-115,CAT-002,29910.31,Operating,REG-05
BUD-202612-DEP-001-CC-105-CAT-005,2026,Q4,December,DEP-001,CC-105,CAT-005,33211.47,Operating,REG-04
BUD-202612-DEP-001-CC-118-CAT-001,2026,Q4,December,DEP-001,CC-118,CAT-001,48074.96,Project,REG-01
BUD-202612-DEP-001-CC-116-CAT-004,2026,Q4,December,DEP-001,CC-116,CAT-004,61578.3,Operating,REG-08
BUD-202612-DEP-001-CC-101-CAT-011,2026,Q4,December,DEP-001,CC-101,CAT-011,39757.5,Operating,REG-04
BUD-202612-DEP-001-CC-120-CAT-001,2026,Q4,December,DEP-001,CC-120,CAT-001,46722.55,Operating,REG-06
BUD-202612-DEP-001-CC-101-CAT-005,2026,Q4,December,DEP-001,CC-101,CAT-005,31649.97,Capital,REG-01
BUD-202612-DEP-001-CC-116-CAT-015,2026,Q4,December,DEP-001,CC-116,CAT-015,39402.33,Operating,REG-07
BUD-202612-DEP-001-CC-119-CAT-006,2026,Q4,December,DEP-001,CC-119,CAT-006,42065.16,Project,REG-07
BUD-202612-DEP-001-CC-102-CAT-015,2026,Q4,December,DEP-001,CC-102,CAT-015,41682.53,Project,REG-06
BUD-202612-DEP-001-CC-119-CAT-011,2026,Q4,December,DEP-001,CC-119,CAT-011,47362.06,Project,REG-02
BUD-202612-DEP-001-CC-111-CAT-003,2026,Q4,December,DEP-001,CC-111,CAT-003,43003.84,Operating,REG-07
BUD-202612-DEP-001-CC-108-CAT-004,2026,Q4,December,DEP-001,CC-108,CAT-004,58246.0,Operating,REG-05
BUD-202612-DEP-001-CC-106-CAT-009,2026,Q4,December,DEP-001,CC-106,CAT-009,38545.97,Project,REG-06
BUD-202612-DEP-001-CC-102-CAT-008,2026,Q4,December,DEP-001,CC-102,CAT-008,45328.86,Capital,REG-08
BUD-202612-DEP-001-CC-112-CAT-009,2026,Q4,December,DEP-001,CC-112,CAT-009,38203.78,Operating,REG-06
BUD-202612-DEP-001-CC-105-CAT-012,2026,Q4,December,DEP-001,CC-105,CAT-012,30034.05,Project,REG-05
BUD-202612-DEP-001-CC-104-CAT-012,2026,Q4,December,DEP-001,CC-104,CAT-012,30458.52,Operating,REG-05
BUD-202612-DEP-001-CC-119-CAT-011,2026,Q4,December,DEP-001,CC-119,CAT-011,44863.77,Operating,REG-03
BUD-202612-DEP-001-CC-102-CAT-009,2026,Q4,December,DEP-001,CC-102,CAT-009,33524.58,Capital,REG-02
BUD-202612-DEP-001-CC-119-CAT-011,2026,Q4,December,DEP-001,CC-119,CAT-011,40259.92,Operating,REG-08
BUD-202612-DEP-001-CC-107-CAT-015,2026,Q4,December,DEP-001,CC-107,CAT-015,38919.56,Operating,REG-08
BUD-202612-DEP-001-CC-101-CAT-007,2026,Q4,December,DEP-001,CC-101,CAT-007,27457.33,Operating,REG-08
BUD-202612-DEP-002-CC-119-CAT-005,2026,Q4,December,DEP-002,CC-119,CAT-005,22835.27,Operating,REG-02
BUD-202612-DEP-002-CC-102-CAT-002,2026,Q4,December,DEP-002,CC-102,CAT-002,20465.55,Capital,REG-03
BUD-202612-DEP-002-CC-104-CAT-015,2026,Q4,December,DEP-002,CC-104,CAT-015,26190.62,Departmental,REG-05
BUD-202612-DEP-002-CC-103-CAT-007,2026,Q4,December,DEP-002,CC-103,CAT-007,19059.35,Operating,REG-07
BUD-202612-DEP-002-CC-112-CAT-015,2026,Q4,December,DEP-002,CC-112,CAT-015,29570.37,Departmental,REG-07
BUD-202612-DEP-002-CC-102-CAT-010,2026,Q4,December,DEP-002,CC-102,CAT-010,22900.75,Operating,REG-04
BUD-202612-DEP-002-CC-109-CAT-005,2026,Q4,December,DEP-002,CC-109,CAT-005,23260.86,Operating,REG-06
BUD-202612-DEP-002-CC-109-CAT-013,2026,Q4,December,DEP-002,CC-109,CAT-013,34759.19,Project,REG-07
BUD-202612-DEP-002-CC-104-CAT-006,2026,Q4,December,DEP-002,CC-104,CAT-006,33974.49,Operating,REG-04
BUD-202612-DEP-002-CC-109-CAT-010,2026,Q4,December,DEP-002,CC-109,CAT-010,22109.77,Operating,REG-03
BUD-202612-DEP-002-CC-116-CAT-011,2026,Q4,December,DEP-002,CC-116,CAT-011,32064.87,Departmental,REG-07
BUD-202612-DEP-002-CC-106-CAT-010,2026,Q4,December,DEP-002,CC-106,CAT-010,22975.71,Project,REG-06
BUD-202612-DEP-002-CC-112-CAT-011,2026,Q4,December,DEP-002,CC-112,CAT-011,29269.66,Project,REG-02
BUD-202612-DEP-002-CC-104-CAT-007,2026,Q4,December,DEP-002,CC-104,CAT-007,19085.63,Project,REG-04
BUD-202612-DEP-002-CC-115-CAT-004,2026,Q4,December,DEP-002,CC-115,CAT-004,42282.01,Operating,REG-08
BUD-202612-DEP-002-CC-112-CAT-012,2026,Q4,December,DEP-002,CC-112,CAT-012,20397.16,Operating,REG-06
BUD-202612-DEP-002-CC-101-CAT-004,2026,Q4,December,DEP-002,CC-101,CAT-004,41726.35,Project,REG-06
BUD-202612-DEP-002-CC-116-CAT-011,2026,Q4,December,DEP-002,CC-116,CAT-011,27480.42,Operating,REG-01
BUD-202612-DEP-002-CC-106-CAT-010,2026,Q4,December,DEP-002,CC-106,CAT-010,22056.77,Departmental,REG-04
BUD-202612-DEP-002-CC-101-CAT-003,2026,Q4,December,DEP-002,CC-101,CAT-003,30209.19,Operating,REG-02
BUD-202612-DEP-002-CC-106-CAT-005,2026,Q4,December,DEP-002,CC-106,CAT-005,21313.79,Operating,REG-04
BUD-202612-DEP-002-CC-101-CAT-007,2026,Q4,December,DEP-002,CC-101,CAT-007,19147.17,Project,REG-07
BUD-202612-DEP-002-CC-104-CAT-012,2026,Q4,December,DEP-002,CC-104,CAT-012,21475.22,Project,REG-08
BUD-202612-DEP-002-CC-120-CAT-009,2026,Q4,December,DEP-002,CC-120,CAT-009,22698.4,Departmental,REG-03
BUD-202612-DEP-002-CC-110-CAT-011,2026,Q4,December,DEP-002,CC-110,CAT-011,29119.68,Operating,REG-06
BUD-202612-DEP-002-CC-109-CAT-011,2026,Q4,December,DEP-002,CC-109,CAT-011,30563.14,Departmental,REG-04
BUD-202612-DEP-002-CC-104-CAT-003,2026,Q4,December,DEP-002,CC-104,CAT-003,27204.04,Operating,REG-02
BUD-202612-DEP-002-CC-103-CAT-010,2026,Q4,December,DEP-002,CC-103,CAT-010,22037.75,Departmental,REG-07
BUD-202612-DEP-002-CC-110-CAT-006,2026,Q4,December,DEP-002,CC-110,CAT-006,33618.04,Operating,REG-08
BUD-202612-DEP-002-CC-109-CAT-004,2026,Q4,December,DEP-002,CC-109,CAT-004,38589.26,Operating,REG-01
BUD-202612-DEP-002-CC-101-CAT-014,2026,Q4,December,DEP-002,CC-101,CAT-014,23618.22,Project,REG-04
BUD-202612-DEP-002-CC-111-CAT-003,2026,Q4,December,DEP-002,CC-111,CAT-003,24880.83,Departmental,REG-05
BUD-202612-DEP-002-CC-113-CAT-002,2026,Q4,December,DEP-002,CC-113,CAT-002,19645.77,Operating,REG-02
BUD-202612-DEP-002-CC-115-CAT-007,2026,Q4,December,DEP-002,CC-115,CAT-007,17500.59,Departmental,REG-08
BUD-202612-DEP-002-CC-102-CAT-010,2026,Q4,December,DEP-002,CC-102,CAT-010,20926.81,Departmental,REG-06
BUD-202612-DEP-002-CC-116-CAT-008,2026,Q4,December,DEP-002,CC-116,CAT-008,34982.1,Operating,REG-07
BUD-202612-DEP-002-CC-107-CAT-007,2026,Q4,December,DEP-002,CC-107,CAT-007,18454.21,Departmental,REG-05
BUD-202612-DEP-002-CC-107-CAT-015,2026,Q4,December,DEP-002,CC-107,CAT-015,26866.9,Operating,REG-02
BUD-202612-DEP-002-CC-106-CAT-007,2026,Q4,December,DEP-002,CC-106,CAT-007,17377.5,Operating,REG-03
BUD-202612-DEP-002-CC-108-CAT-009,2026,Q4,December,DEP-002,CC-108,CAT-009,23298.96,Operating,REG-04
BUD-202612-DEP-002-CC-104-CAT-013,2026,Q4,December,DEP-002,CC-104,CAT-013,34348.43,Operating,REG-01
BUD-202612-DEP-003-CC-105-CAT-014,2026,Q4,December,DEP-003,CC-105,CAT-014,45711.39,Operating,REG-05
BUD-202612-DEP-003-CC-104-CAT-001,2026,Q4,December,DEP-003,CC-104,CAT-001,51876.13,Capital,REG-01
BUD-202612-DEP-003-CC-115-CAT-007,2026,Q4,December,DEP-003,CC-115,CAT-007,26739.55,Operating,REG-01
BUD-202612-DEP-003-CC-112-CAT-007,2026,Q4,December,DEP-003,CC-112,CAT-007,31329.93,Operating,REG-06
BUD-202612-DEP-003-CC-120-CAT-007,2026,Q4,December,DEP-003,CC-120,CAT-007,27122.91,Operating,REG-02
BUD-202612-DEP-003-CC-104-CAT-014,2026,Q4,December,DEP-003,CC-104,CAT-014,41072.2,Project,REG-03
BUD-202612-DEP-003-CC-102-CAT-010,2026,Q4,December,DEP-003,CC-102,CAT-010,36930.6,Operating,REG-03
BUD-202612-DEP-003-CC-101-CAT-003,2026,Q4,December,DEP-003,CC-101,CAT-003,48979.25,Project,REG-02
BUD-202612-DEP-003-CC-104-CAT-015,2026,Q4,December,DEP-003,CC-104,CAT-015,48443.15,Capital,REG-06
BUD-202612-DEP-003-CC-109-CAT-002,2026,Q4,December,DEP-003,CC-109,CAT-002,34108.91,Operating,REG-05
BUD-202612-DEP-003-CC-113-CAT-008,2026,Q4,December,DEP-003,CC-113,CAT-008,56933.16,Capital,REG-04
BUD-202612-DEP-003-CC-107-CAT-014,2026,Q4,December,DEP-003,CC-107,CAT-014,45990.81,Operating,REG-02
BUD-202612-DEP-003-CC-116-CAT-004,2026,Q4,December,DEP-003,CC-116,CAT-004,59177.76,Operating,REG-01
BUD-202612-DEP-003-CC-120-CAT-013,2026,Q4,December,DEP-003,CC-120,CAT-013,55489.58,Capital,REG-06
BUD-202612-DEP-003-CC-119-CAT-005,2026,Q4,December,DEP-003,CC-119,CAT-005,38119.15,Capital,REG-05
BUD-202612-DEP-003-CC-108-CAT-012,2026,Q4,December,DEP-003,CC-108,CAT-012,35541.45,Departmental,REG-06
BUD-202612-DEP-003-CC-101-CAT-001,2026,Q4,December,DEP-003,CC-101,CAT-001,57334.15,Operating,REG-07
BUD-202612-DEP-003-CC-120-CAT-008,2026,Q4,December,DEP-003,CC-120,CAT-008,61046.6,Departmental,REG-02
BUD-202612-DEP-003-CC-114-CAT-006,2026,Q4,December,DEP-003,CC-114,CAT-006,54098.01,Project,REG-07
BUD-202612-DEP-003-CC-113-CAT-001,2026,Q4,December,DEP-003,CC-113,CAT-001,58342.34,Operating,REG-05
BUD-202612-DEP-003-CC-107-CAT-013,2026,Q4,December,DEP-003,CC-107,CAT-013,52245.48,Operating,REG-05
BUD-202612-DEP-003-CC-116-CAT-002,2026,Q4,December,DEP-003,CC-116,CAT-002,32229.95,Departmental,REG-06
BUD-202612-DEP-003-CC-108-CAT-009,2026,Q4,December,DEP-003,CC-108,CAT-009,37584.34,Departmental,REG-08
BUD-202612-DEP-003-CC-103-CAT-001,2026,Q4,December,DEP-003,CC-103,CAT-001,50315.9,Project,REG-06
BUD-202612-DEP-003-CC-116-CAT-011,2026,Q4,December,DEP-003,CC-116,CAT-011,51012.23,Operating,REG-05
BUD-202612-DEP-003-CC-103-CAT-007,2026,Q4,December,DEP-003,CC-103,CAT-007,32117.45,Operating,REG-02
BUD-202612-DEP-003-CC-104-CAT-002,2026,Q4,December,DEP-003,CC-104,CAT-002,34944.5,Departmental,REG-06
BUD-202612-DEP-003-CC-118-CAT-010,2026,Q4,December,DEP-003,CC-118,CAT-010,38811.57,Operating,REG-07
BUD-202612-DEP-003-CC-120-CAT-003,2026,Q4,December,DEP-003,CC-120,CAT-003,43590.95,Departmental,REG-05
BUD-202612-DEP-003-CC-111-CAT-002,2026,Q4,December,DEP-003,CC-111,CAT-002,34936.99,Departmental,REG-06
BUD-202612-DEP-003-CC-115-CAT-008,2026,Q4,December,DEP-003,CC-115,CAT-008,65646.3,Operating,REG-07
BUD-202612-DEP-003-CC-101-CAT-012,2026,Q4,December,DEP-003,CC-101,CAT-012,34209.11,Operating,REG-05
BUD-202612-DEP-003-CC-119-CAT-011,2026,Q4,December,DEP-003,CC-119,CAT-011,51100.41,Operating,REG-04
BUD-202612-DEP-003-CC-112-CAT-004,2026,Q4,December,DEP-003,CC-112,CAT-004,69109.07,Operating,REG-08
BUD-202612-DEP-003-CC-110-CAT-011,2026,Q4,December,DEP-003,CC-110,CAT-011,47246.1,Capital,REG-04
BUD-202612-DEP-003-CC-110-CAT-005,2026,Q4,December,DEP-003,CC-110,CAT-005,43166.93,Operating,REG-05
BUD-202612-DEP-003-CC-106-CAT-006,2026,Q4,December,DEP-003,CC-106,CAT-006,51446.1,Operating,REG-08
BUD-202612-DEP-003-CC-120-CAT-012,2026,Q4,December,DEP-003,CC-120,CAT-012,32984.59,Departmental,REG-01
BUD-202612-DEP-003-CC-118-CAT-010,2026,Q4,December,DEP-003,CC-118,CAT-010,40096.24,Departmental,REG-02
BUD-202612-DEP-003-CC-103-CAT-008,2026,Q4,December,DEP-003,CC-103,CAT-008,53890.16,Operating,REG-08
BUD-202612-DEP-004-CC-109-CAT-013,2026,Q4,December,DEP-004,CC-109,CAT-013,35496.9,Capital,REG-06
BUD-202612-DEP-004-CC-120-CAT-006,2026,Q4,December,DEP-004,CC-120,CAT-006,36885.09,Departmental,REG-03
BUD-202612-DEP-004-CC-116-CAT-011,2026,Q4,December,DEP-004,CC-116,CAT-011,32149.65,Departmental,REG-06
BUD-202612-DEP-004-CC-104-CAT-009,2026,Q4,December,DEP-004,CC-104,CAT-009,26638.33,Capital,REG-01
BUD-202612-DEP-004-CC-117-CAT-010,2026,Q4,December,DEP-004,CC-117,CAT-010,23482.74,Operating,REG-07
BUD-202612-DEP-004-CC-116-CAT-011,2026,Q4,December,DEP-004,CC-116,CAT-011,30874.88,Operating,REG-06
BUD-202612-DEP-004-CC-109-CAT-007,2026,Q4,December,DEP-004,CC-109,CAT-007,18496.27,Operating,REG-03
BUD-202612-DEP-004-CC-113-CAT-011,2026,Q4,December,DEP-004,CC-113,CAT-011,35805.83,Departmental,REG-03
BUD-202612-DEP-004-CC-115-CAT-007,2026,Q4,December,DEP-004,CC-115,CAT-007,19696.7,Project,REG-05
BUD-202612-DEP-004-CC-120-CAT-004,2026,Q4,December,DEP-004,CC-120,CAT-004,44564.56,Operating,REG-03
BUD-202612-DEP-004-CC-104-CAT-012,2026,Q4,December,DEP-004,CC-104,CAT-012,24097.66,Project,REG-07
BUD-202612-DEP-004-CC-119-CAT-011,2026,Q4,December,DEP-004,CC-119,CAT-011,32219.94,Capital,REG-06
BUD-202612-DEP-004-CC-105-CAT-001,2026,Q4,December,DEP-004,CC-105,CAT-001,36440.92,Operating,REG-08
BUD-202612-DEP-004-CC-101-CAT-011,2026,Q4,December,DEP-004,CC-101,CAT-011,30330.97,Departmental,REG-01
BUD-202612-DEP-004-CC-107-CAT-005,2026,Q4,December,DEP-004,CC-107,CAT-005,26428.24,Departmental,REG-08
BUD-202612-DEP-004-CC-107-CAT-013,2026,Q4,December,DEP-004,CC-107,CAT-013,32202.12,Operating,REG-05
BUD-202612-DEP-004-CC-109-CAT-007,2026,Q4,December,DEP-004,CC-109,CAT-007,20703.4,Capital,REG-04
BUD-202612-DEP-004-CC-107-CAT-012,2026,Q4,December,DEP-004,CC-107,CAT-012,23535.12,Departmental,REG-05
BUD-202612-DEP-004-CC-120-CAT-008,2026,Q4,December,DEP-004,CC-120,CAT-008,39999.0,Operating,REG-02
BUD-202612-DEP-004-CC-118-CAT-009,2026,Q4,December,DEP-004,CC-118,CAT-009,26180.43,Capital,REG-03
BUD-202612-DEP-004-CC-118-CAT-008,2026,Q4,December,DEP-004,CC-118,CAT-008,39385.37,Operating,REG-06
BUD-202612-DEP-004-CC-110-CAT-008,2026,Q4,December,DEP-004,CC-110,CAT-008,42937.92,Operating,REG-01
BUD-202612-DEP-004-CC-112-CAT-012,2026,Q4,December,DEP-004,CC-112,CAT-012,25090.55,Operating,REG-08
BUD-202612-DEP-004-CC-101-CAT-015,2026,Q4,December,DEP-004,CC-101,CAT-015,31590.6,Operating,REG-03
BUD-202612-DEP-004-CC-103-CAT-001,2026,Q4,December,DEP-004,CC-103,CAT-001,40726.89,Operating,REG-02
BUD-202612-DEP-004-CC-115-CAT-003,2026,Q4,December,DEP-004,CC-115,CAT-003,28765.83,Operating,REG-02
BUD-202612-DEP-004-CC-117-CAT-012,2026,Q4,December,DEP-004,CC-117,CAT-012,24541.11,Operating,REG-08
BUD-202612-DEP-004-CC-119-CAT-015,2026,Q4,December,DEP-004,CC-119,CAT-015,33064.51,Operating,REG-07
BUD-202612-DEP-004-CC-101-CAT-008,2026,Q4,December,DEP-004,CC-101,CAT-008,36300.58,Capital,REG-05
BUD-202612-DEP-004-CC-119-CAT-007,2026,Q4,December,DEP-004,CC-119,CAT-007,21234.75,Operating,REG-05
BUD-202612-DEP-004-CC-120-CAT-004,2026,Q4,December,DEP-004,CC-120,CAT-004,46253.14,Operating,REG-04
BUD-202612-DEP-004-CC-112-CAT-001,2026,Q4,December,DEP-004,CC-112,CAT-001,42317.33,Operating,REG-02
BUD-202612-DEP-004-CC-109-CAT-002,2026,Q4,December,DEP-004,CC-109,CAT-002,24327.66,Operating,REG-08
BUD-202612-DEP-004-CC-119-CAT-015,2026,Q4,December,DEP-004,CC-119,CAT-015,29674.5,Operating,REG-01
BUD-202612-DEP-004-CC-115-CAT-001,2026,Q4,December,DEP-004,CC-115,CAT-001,37244.27,Capital,REG-07
BUD-202612-DEP-005-CC-104-CAT-004,2026,Q4,December,DEP-005,CC-104,CAT-004,46273.38,Departmental,REG-05
BUD-202612-DEP-005-CC-118-CAT-008,2026,Q4,December,DEP-005,CC-118,CAT-008,46513.71,Departmental,REG-01
BUD-202612-DEP-005-CC-103-CAT-015,2026,Q4,December,DEP-005,CC-103,CAT-015,37181.08,Project,REG-01
BUD-202612-DEP-005-CC-110-CAT-014,2026,Q4,December,DEP-005,CC-110,CAT-014,37531.96,Capital,REG-08
BUD-202612-DEP-005-CC-103-CAT-010,2026,Q4,December,DEP-005,CC-103,CAT-010,31771.84,Operating,REG-07
BUD-202612-DEP-005-CC-101-CAT-011,2026,Q4,December,DEP-005,CC-101,CAT-011,34606.88,Capital,REG-04
BUD-202612-DEP-005-CC-111-CAT-015,2026,Q4,December,DEP-005,CC-111,CAT-015,33051.58,Departmental,REG-01
BUD-202612-DEP-005-CC-112-CAT-007,2026,Q4,December,DEP-005,CC-112,CAT-007,20795.5,Capital,REG-08
BUD-202612-DEP-005-CC-105-CAT-004,2026,Q4,December,DEP-005,CC-105,CAT-004,48165.98,Operating,REG-05
BUD-202612-DEP-005-CC-114-CAT-004,2026,Q4,December,DEP-005,CC-114,CAT-004,51516.41,Operating,REG-03
BUD-202612-DEP-005-CC-120-CAT-002,2026,Q4,December,DEP-005,CC-120,CAT-002,27979.11,Operating,REG-03
BUD-202612-DEP-005-CC-109-CAT-002,2026,Q4,December,DEP-005,CC-109,CAT-002,25409.63,Capital,REG-08
BUD-202612-DEP-005-CC-120-CAT-015,2026,Q4,December,DEP-005,CC-120,CAT-015,39268.48,Operating,REG-08
BUD-202612-DEP-005-CC-111-CAT-006,2026,Q4,December,DEP-005,CC-111,CAT-006,35946.42,Operating,REG-05
BUD-202612-DEP-005-CC-106-CAT-001,2026,Q4,December,DEP-005,CC-106,CAT-001,39306.08,Operating,REG-04
BUD-202612-DEP-005-CC-104-CAT-010,2026,Q4,December,DEP-005,CC-104,CAT-010,28406.56,Capital,REG-08
BUD-202612-DEP-005-CC-110-CAT-008,2026,Q4,December,DEP-005,CC-110,CAT-008,45385.88,Operating,REG-01
BUD-202612-DEP-005-CC-108-CAT-005,2026,Q4,December,DEP-005,CC-108,CAT-005,29061.68,Project,REG-05
BUD-202612-DEP-005-CC-105-CAT-003,2026,Q4,December,DEP-005,CC-105,CAT-003,35504.1,Project,REG-06
BUD-202612-DEP-005-CC-109-CAT-010,2026,Q4,December,DEP-005,CC-109,CAT-010,25768.83,Operating,REG-08
BUD-202612-DEP-005-CC-110-CAT-011,2026,Q4,December,DEP-005,CC-110,CAT-011,43100.19,Operating,REG-07
BUD-202612-DEP-005-CC-120-CAT-009,2026,Q4,December,DEP-005,CC-120,CAT-009,31431.48,Capital,REG-08
BUD-202612-DEP-005-CC-108-CAT-008,2026,Q4,December,DEP-005,CC-108,CAT-008,45235.35,Operating,REG-07
BUD-202612-DEP-005-CC-120-CAT-007,2026,Q4,December,DEP-005,CC-120,CAT-007,24265.57,Operating,REG-05
BUD-202612-DEP-005-CC-118-CAT-001,2026,Q4,December,DEP-005,CC-118,CAT-001,39515.07,Operating,REG-05
BUD-202612-DEP-005-CC-110-CAT-007,2026,Q4,December,DEP-005,CC-110,CAT-007,25327.13,Operating,REG-03
BUD-202612-DEP-005-CC-118-CAT-010,2026,Q4,December,DEP-005,CC-118,CAT-010,29754.58,Operating,REG-08
BUD-202612-DEP-005-CC-118-CAT-006,2026,Q4,December,DEP-005,CC-118,CAT-006,37582.84,Capital,REG-06
BUD-202612-DEP-005-CC-117-CAT-009,2026,Q4,December,DEP-005,CC-117,CAT-009,31804.42,Project,REG-08
BUD-202612-DEP-005-CC-113-CAT-006,2026,Q4,December,DEP-005,CC-113,CAT-006,43859.59,Operating,REG-07
BUD-202612-DEP-005-CC-114-CAT-005,2026,Q4,December,DEP-005,CC-114,CAT-005,29639.12,Project,REG-07
BUD-202612-DEP-005-CC-101-CAT-014,2026,Q4,December,DEP-005,CC-101,CAT-014,30950.36,Operating,REG-03
BUD-202612-DEP-005-CC-117-CAT-004,2026,Q4,December,DEP-005,CC-117,CAT-004,49852.22,Operating,REG-02
BUD-202612-DEP-005-CC-101-CAT-012,2026,Q4,December,DEP-005,CC-101,CAT-012,28462.74,Operating,REG-06
BUD-202612-DEP-005-CC-101-CAT-001,2026,Q4,December,DEP-005,CC-101,CAT-001,47207.42,Operating,REG-05
BUD-202612-DEP-005-CC-103-CAT-002,2026,Q4,December,DEP-005,CC-103,CAT-002,27149.26,Operating,REG-01
BUD-202612-DEP-005-CC-106-CAT-003,2026,Q4,December,DEP-005,CC-106,CAT-003,33956.89,Operating,REG-08
BUD-202612-DEP-005-CC-114-CAT-010,2026,Q4,December,DEP-005,CC-114,CAT-010,32395.56,Operating,REG-03
BUD-202612-DEP-005-CC-115-CAT-007,2026,Q4,December,DEP-005,CC-115,CAT-007,21502.44,Operating,REG-05
BUD-202612-DEP-006-CC-102-CAT-007,2026,Q4,December,DEP-006,CC-102,CAT-007,15350.94,Capital,REG-07
BUD-202612-DEP-006-CC-111-CAT-005,2026,Q4,December,DEP-006,CC-111,CAT-005,23466.0,Capital,REG-02
BUD-202612-DEP-006-CC-101-CAT-015,2026,Q4,December,DEP-006,CC-101,CAT-015,25829.54,Project,REG-08
BUD-202612-DEP-006-CC-106-CAT-009,2026,Q4,December,DEP-006,CC-106,CAT-009,23654.92,Operating,REG-04
BUD-202612-DEP-006-CC-102-CAT-001,2026,Q4,December,DEP-006,CC-102,CAT-001,30160.19,Operating,REG-04
BUD-202612-DEP-006-CC-106-CAT-001,2026,Q4,December,DEP-006,CC-106,CAT-001,31177.68,Operating,REG-04
BUD-202612-DEP-006-CC-110-CAT-014,2026,Q4,December,DEP-006,CC-110,CAT-014,24352.12,Capital,REG-03
BUD-202612-DEP-006-CC-103-CAT-001,2026,Q4,December,DEP-006,CC-103,CAT-001,29717.5,Operating,REG-05
BUD-202612-DEP-006-CC-113-CAT-003,2026,Q4,December,DEP-006,CC-113,CAT-003,22572.84,Departmental,REG-04
BUD-202612-DEP-006-CC-102-CAT-015,2026,Q4,December,DEP-006,CC-102,CAT-015,28325.28,Capital,REG-02
BUD-202612-DEP-006-CC-108-CAT-014,2026,Q4,December,DEP-006,CC-108,CAT-014,23995.84,Operating,REG-02
BUD-202612-DEP-006-CC-106-CAT-003,2026,Q4,December,DEP-006,CC-106,CAT-003,21954.71,Operating,REG-08
BUD-202612-DEP-006-CC-116-CAT-006,2026,Q4,December,DEP-006,CC-116,CAT-006,27951.97,Operating,REG-04
BUD-202612-DEP-006-CC-104-CAT-010,2026,Q4,December,DEP-006,CC-104,CAT-010,20962.6,Operating,REG-05
BUD-202612-DEP-006-CC-117-CAT-001,2026,Q4,December,DEP-006,CC-117,CAT-001,32119.54,Operating,REG-06
BUD-202612-DEP-006-CC-103-CAT-013,2026,Q4,December,DEP-006,CC-103,CAT-013,30634.17,Capital,REG-01
BUD-202612-DEP-006-CC-110-CAT-014,2026,Q4,December,DEP-006,CC-110,CAT-014,21845.17,Operating,REG-07
BUD-202612-DEP-006-CC-103-CAT-004,2026,Q4,December,DEP-006,CC-103,CAT-004,35793.47,Operating,REG-05
BUD-202612-DEP-006-CC-114-CAT-006,2026,Q4,December,DEP-006,CC-114,CAT-006,25648.26,Operating,REG-03
BUD-202612-DEP-006-CC-119-CAT-014,2026,Q4,December,DEP-006,CC-119,CAT-014,21657.11,Project,REG-08
BUD-202612-DEP-006-CC-119-CAT-015,2026,Q4,December,DEP-006,CC-119,CAT-015,24627.18,Capital,REG-03
BUD-202612-DEP-006-CC-111-CAT-007,2026,Q4,December,DEP-006,CC-111,CAT-007,15275.07,Capital,REG-06
BUD-202612-DEP-006-CC-116-CAT-002,2026,Q4,December,DEP-006,CC-116,CAT-002,19795.49,Departmental,REG-05
BUD-202612-DEP-006-CC-119-CAT-012,2026,Q4,December,DEP-006,CC-119,CAT-012,18079.04,Operating,REG-04
BUD-202612-DEP-006-CC-118-CAT-007,2026,Q4,December,DEP-006,CC-118,CAT-007,17324.63,Project,REG-02
BUD-202612-DEP-006-CC-114-CAT-005,2026,Q4,December,DEP-006,CC-114,CAT-005,22981.18,Operating,REG-02
BUD-202612-DEP-006-CC-102-CAT-009,2026,Q4,December,DEP-006,CC-102,CAT-009,22858.86,Operating,REG-03
BUD-202612-DEP-006-CC-106-CAT-011,2026,Q4,December,DEP-006,CC-106,CAT-011,28438.69,Operating,REG-04
BUD-202612-DEP-006-CC-112-CAT-006,2026,Q4,December,DEP-006,CC-112,CAT-006,25743.65,Operating,REG-06
BUD-202612-DEP-006-CC-116-CAT-007,2026,Q4,December,DEP-006,CC-116,CAT-007,16853.14,Operating,REG-02
BUD-202612-DEP-006-CC-113-CAT-010,2026,Q4,December,DEP-006,CC-113,CAT-010,18082.95,Operating,REG-06
BUD-202612-DEP-006-CC-119-CAT-014,2026,Q4,December,DEP-006,CC-119,CAT-014,22782.54,Operating,REG-03
BUD-202612-DEP-006-CC-113-CAT-005,2026,Q4,December,DEP-006,CC-113,CAT-005,23502.21,Departmental,REG-08
BUD-202612-DEP-006-CC-101-CAT-013,2026,Q4,December,DEP-006,CC-101,CAT-013,25842.32,Operating,REG-06
BUD-202612-DEP-006-CC-116-CAT-004,2026,Q4,December,DEP-006,CC-116,CAT-004,31939.06,Capital,REG-08
BUD-202612-DEP-006-CC-111-CAT-005,2026,Q4,December,DEP-006,CC-111,CAT-005,22354.7,Capital,REG-06
BUD-202612-DEP-006-CC-112-CAT-013,2026,Q4,December,DEP-006,CC-112,CAT-013,29643.57,Departmental,REG-03
BUD-202612-DEP-006-CC-115-CAT-006,2026,Q4,December,DEP-006,CC-115,CAT-006,29771.94,Operating,REG-05
BUD-202612-DEP-006-CC-101-CAT-015,2026,Q4,December,DEP-006,CC-101,CAT-015,27134.22,Operating,REG-04
BUD-202612-DEP-006-CC-106-CAT-001,2026,Q4,December,DEP-006,CC-106,CAT-001,27169.39,Operating,REG-07
BUD-202612-DEP-006-CC-109-CAT-006,2026,Q4,December,DEP-006,CC-109,CAT-006,25377.9,Operating,REG-01
BUD-202612-DEP-006-CC-116-CAT-005,2026,Q4,December,DEP-006,CC-116,CAT-005,23476.8,Project,REG-06
BUD-202612-DEP-006-CC-113-CAT-006,2026,Q4,December,DEP-006,CC-113,CAT-006,26166.9,Capital,REG-06
BUD-202612-DEP-006-CC-106-CAT-003,2026,Q4,December,DEP-006,CC-106,CAT-003,21936.1,Departmental,REG-06
BUD-202612-DEP-006-CC-113-CAT-003,2026,Q4,December,DEP-006,CC-113,CAT-003,22601.99,Project,REG-08
BUD-202612-DEP-006-CC-105-CAT-006,2026,Q4,December,DEP-006,CC-105,CAT-006,28550.67,Operating,REG-08
BUD-202612-DEP-006-CC-101-CAT-004,2026,Q4,December,DEP-006,CC-101,CAT-004,36672.22,Departmental,REG-05
BUD-202612-DEP-006-CC-113-CAT-001,2026,Q4,December,DEP-006,CC-113,CAT-001,31027.14,Operating,REG-02
BUD-202612-DEP-006-CC-113-CAT-012,2026,Q4,December,DEP-006,CC-113,CAT-012,18076.27,Capital,REG-07
BUD-202612-DEP-006-CC-113-CAT-012,2026,Q4,December,DEP-006,CC-113,CAT-012,19926.32,Operating,REG-04
BUD-202612-DEP-006-CC-116-CAT-013,2026,Q4,December,DEP-006,CC-116,CAT-013,31671.11,Capital,REG-07
BUD-202612-DEP-007-CC-114-CAT-002,2026,Q4,December,DEP-007,CC-114,CAT-002,29705.68,Operating,REG-06
BUD-202612-DEP-007-CC-116-CAT-013,2026,Q4,December,DEP-007,CC-116,CAT-013,48585.56,Operating,REG-04
BUD-202612-DEP-007-CC-108-CAT-015,2026,Q4,December,DEP-007,CC-108,CAT-015,43956.38,Operating,REG-01
BUD-202612-DEP-007-CC-116-CAT-008,2026,Q4,December,DEP-007,CC-116,CAT-008,59997.44,Operating,REG-06
BUD-202612-DEP-007-CC-108-CAT-001,2026,Q4,December,DEP-007,CC-108,CAT-001,57681.61,Operating,REG-05
BUD-202612-DEP-007-CC-111-CAT-006,2026,Q4,December,DEP-007,CC-111,CAT-006,44759.84,Operating,REG-05
BUD-202612-DEP-007-CC-105-CAT-005,2026,Q4,December,DEP-007,CC-105,CAT-005,36288.52,Operating,REG-05
BUD-202612-DEP-007-CC-101-CAT-001,2026,Q4,December,DEP-007,CC-101,CAT-001,52899.64,Departmental,REG-05
BUD-202612-DEP-007-CC-117-CAT-009,2026,Q4,December,DEP-007,CC-117,CAT-009,35406.69,Operating,REG-01
BUD-202612-DEP-007-CC-104-CAT-002,2026,Q4,December,DEP-007,CC-104,CAT-002,31502.88,Capital,REG-02
BUD-202612-DEP-007-CC-114-CAT-006,2026,Q4,December,DEP-007,CC-114,CAT-006,44645.73,Operating,REG-07
BUD-202612-DEP-007-CC-114-CAT-011,2026,Q4,December,DEP-007,CC-114,CAT-011,47204.29,Project,REG-06
BUD-202612-DEP-007-CC-108-CAT-009,2026,Q4,December,DEP-007,CC-108,CAT-009,37322.15,Operating,REG-07
BUD-202612-DEP-007-CC-118-CAT-012,2026,Q4,December,DEP-007,CC-118,CAT-012,31143.79,Operating,REG-02
BUD-202612-DEP-007-CC-120-CAT-010,2026,Q4,December,DEP-007,CC-120,CAT-010,33451.15,Operating,REG-05
BUD-202612-DEP-007-CC-113-CAT-012,2026,Q4,December,DEP-007,CC-113,CAT-012,31313.35,Capital,REG-05
BUD-202612-DEP-007-CC-117-CAT-012,2026,Q4,December,DEP-007,CC-117,CAT-012,35910.46,Operating,REG-06
BUD-202612-DEP-007-CC-101-CAT-001,2026,Q4,December,DEP-007,CC-101,CAT-001,56093.56,Project,REG-02
BUD-202612-DEP-007-CC-107-CAT-008,2026,Q4,December,DEP-007,CC-107,CAT-008,55160.29,Departmental,REG-03
BUD-202612-DEP-007-CC-116-CAT-008,2026,Q4,December,DEP-007,CC-116,CAT-008,51594.01,Departmental,REG-03
BUD-202612-DEP-007-CC-103-CAT-011,2026,Q4,December,DEP-007,CC-103,CAT-011,44176.68,Departmental,REG-01
BUD-202612-DEP-007-CC-106-CAT-011,2026,Q4,December,DEP-007,CC-106,CAT-011,48889.98,Departmental,REG-05
BUD-202612-DEP-007-CC-111-CAT-014,2026,Q4,December,DEP-007,CC-111,CAT-014,36121.82,Project,REG-02
BUD-202612-DEP-007-CC-112-CAT-015,2026,Q4,December,DEP-007,CC-112,CAT-015,48951.45,Operating,REG-06
BUD-202612-DEP-007-CC-107-CAT-002,2026,Q4,December,DEP-007,CC-107,CAT-002,31535.92,Operating,REG-06
BUD-202612-DEP-007-CC-112-CAT-012,2026,Q4,December,DEP-007,CC-112,CAT-012,34087.66,Capital,REG-06
BUD-202612-DEP-007-CC-117-CAT-013,2026,Q4,December,DEP-007,CC-117,CAT-013,49736.51,Departmental,REG-03
BUD-202612-DEP-007-CC-117-CAT-012,2026,Q4,December,DEP-007,CC-117,CAT-012,30111.03,Operating,REG-04
BUD-202612-DEP-007-CC-106-CAT-007,2026,Q4,December,DEP-007,CC-106,CAT-007,29027.79,Capital,REG-04
BUD-202612-DEP-007-CC-112-CAT-007,2026,Q4,December,DEP-007,CC-112,CAT-007,25120.46,Departmental,REG-05
BUD-202612-DEP-007-CC-116-CAT-009,2026,Q4,December,DEP-007,CC-116,CAT-009,40169.92,Departmental,REG-05
BUD-202612-DEP-007-CC-115-CAT-013,2026,Q4,December,DEP-007,CC-115,CAT-013,55107.58,Operating,REG-01
BUD-202612-DEP-007-CC-112-CAT-003,2026,Q4,December,DEP-007,CC-112,CAT-003,39720.18,Operating,REG-01
BUD-202612-DEP-007-CC-108-CAT-013,2026,Q4,December,DEP-007,CC-108,CAT-013,53214.33,Operating,REG-06
BUD-202612-DEP-007-CC-104-CAT-003,2026,Q4,December,DEP-007,CC-104,CAT-003,46352.46,Project,REG-07
BUD-202612-DEP-007-CC-107-CAT-007,2026,Q4,December,DEP-007,CC-107,CAT-007,24103.95,Operating,REG-07
BUD-202612-DEP-007-CC-119-CAT-006,2026,Q4,December,DEP-007,CC-119,CAT-006,50345.86,Operating,REG-02
BUD-202612-DEP-007-CC-110-CAT-001,2026,Q4,December,DEP-007,CC-110,CAT-001,48306.18,Departmental,REG-08
BUD-202612-DEP-007-CC-120-CAT-006,2026,Q4,December,DEP-007,CC-120,CAT-006,43026.27,Operating,REG-07
BUD-202612-DEP-008-CC-106-CAT-012,2026,Q4,December,DEP-008,CC-106,CAT-012,22461.6,Capital,REG-02
BUD-202612-DEP-008-CC-117-CAT-006,2026,Q4,December,DEP-008,CC-117,CAT-006,30425.78,Project,REG-03
BUD-202612-DEP-008-CC-103-CAT-004,2026,Q4,December,DEP-008,CC-103,CAT-004,41255.43,Operating,REG-04
BUD-202612-DEP-008-CC-106-CAT-015,2026,Q4,December,DEP-008,CC-106,CAT-015,27466.12,Operating,REG-04
BUD-202612-DEP-008-CC-120-CAT-011,2026,Q4,December,DEP-008,CC-120,CAT-011,31893.1,Operating,REG-01
BUD-202612-DEP-008-CC-105-CAT-009,2026,Q4,December,DEP-008,CC-105,CAT-009,28382.56,Project,REG-03
BUD-202612-DEP-008-CC-114-CAT-004,2026,Q4,December,DEP-008,CC-114,CAT-004,39729.6,Operating,REG-05
BUD-202612-DEP-008-CC-119-CAT-007,2026,Q4,December,DEP-008,CC-119,CAT-007,19432.94,Operating,REG-01
BUD-202612-DEP-008-CC-104-CAT-015,2026,Q4,December,DEP-008,CC-104,CAT-015,31455.41,Operating,REG-01
BUD-202612-DEP-008-CC-116-CAT-014,2026,Q4,December,DEP-008,CC-116,CAT-014,29273.39,Operating,REG-01
BUD-202612-DEP-008-CC-120-CAT-009,2026,Q4,December,DEP-008,CC-120,CAT-009,28301.31,Departmental,REG-05
BUD-202612-DEP-008-CC-107-CAT-006,2026,Q4,December,DEP-008,CC-107,CAT-006,32058.17,Departmental,REG-06
BUD-202612-DEP-008-CC-117-CAT-014,2026,Q4,December,DEP-008,CC-117,CAT-014,25924.76,Operating,REG-06
BUD-202612-DEP-008-CC-111-CAT-009,2026,Q4,December,DEP-008,CC-111,CAT-009,27568.37,Departmental,REG-01
BUD-202612-DEP-008-CC-105-CAT-011,2026,Q4,December,DEP-008,CC-105,CAT-011,30253.16,Operating,REG-07
BUD-202612-DEP-008-CC-119-CAT-014,2026,Q4,December,DEP-008,CC-119,CAT-014,28221.85,Operating,REG-02
BUD-202612-DEP-008-CC-109-CAT-015,2026,Q4,December,DEP-008,CC-109,CAT-015,28764.82,Operating,REG-03
BUD-202612-DEP-008-CC-119-CAT-001,2026,Q4,December,DEP-008,CC-119,CAT-001,33213.58,Capital,REG-02
BUD-202612-DEP-008-CC-119-CAT-010,2026,Q4,December,DEP-008,CC-119,CAT-010,22146.61,Operating,REG-04
BUD-202612-DEP-008-CC-113-CAT-007,2026,Q4,December,DEP-008,CC-113,CAT-007,19738.3,Operating,REG-06
BUD-202612-DEP-008-CC-109-CAT-003,2026,Q4,December,DEP-008,CC-109,CAT-003,32367.88,Capital,REG-04
BUD-202612-DEP-008-CC-106-CAT-006,2026,Q4,December,DEP-008,CC-106,CAT-006,29572.59,Project,REG-01
BUD-202612-DEP-008-CC-109-CAT-004,2026,Q4,December,DEP-008,CC-109,CAT-004,45949.45,Capital,REG-01
BUD-202612-DEP-008-CC-118-CAT-003,2026,Q4,December,DEP-008,CC-118,CAT-003,31505.65,Departmental,REG-08
BUD-202612-DEP-008-CC-120-CAT-007,2026,Q4,December,DEP-008,CC-120,CAT-007,18872.5,Operating,REG-02
BUD-202612-DEP-008-CC-107-CAT-012,2026,Q4,December,DEP-008,CC-107,CAT-012,20449.88,Departmental,REG-01
BUD-202612-DEP-008-CC-119-CAT-014,2026,Q4,December,DEP-008,CC-119,CAT-014,28877.16,Operating,REG-02
BUD-202612-DEP-008-CC-111-CAT-009,2026,Q4,December,DEP-008,CC-111,CAT-009,25969.57,Project,REG-06
BUD-202612-DEP-008-CC-107-CAT-001,2026,Q4,December,DEP-008,CC-107,CAT-001,32288.47,Operating,REG-01
BUD-202612-DEP-008-CC-110-CAT-009,2026,Q4,December,DEP-008,CC-110,CAT-009,29572.42,Operating,REG-04
BUD-202612-DEP-008-CC-119-CAT-013,2026,Q4,December,DEP-008,CC-119,CAT-013,35900.1,Operating,REG-02
BUD-202612-DEP-008-CC-101-CAT-003,2026,Q4,December,DEP-008,CC-101,CAT-003,25869.29,Operating,REG-02
BUD-202612-DEP-008-CC-104-CAT-008,2026,Q4,December,DEP-008,CC-104,CAT-008,38369.43,Capital,REG-08
BUD-202612-DEP-008-CC-120-CAT-010,2026,Q4,December,DEP-008,CC-120,CAT-010,22445.89,Operating,REG-04
BUD-202612-DEP-008-CC-115-CAT-008,2026,Q4,December,DEP-008,CC-115,CAT-008,38083.86,Operating,REG-06
BUD-202612-DEP-008-CC-109-CAT-013,2026,Q4,December,DEP-008,CC-109,CAT-013,37548.06,Project,REG-05
BUD-202612-DEP-008-CC-120-CAT-013,2026,Q4,December,DEP-008,CC-120,CAT-013,36591.01,Operating,REG-08
BUD-202612-DEP-008-CC-101-CAT-011,2026,Q4,December,DEP-008,CC-101,CAT-011,32450.86,Operating,REG-03
BUD-202612-DEP-008-CC-109-CAT-014,2026,Q4,December,DEP-008,CC-109,CAT-014,30430.58,Operating,REG-07
BUD-202612-DEP-008-CC-111-CAT-007,2026,Q4,December,DEP-008,CC-111,CAT-007,19290.07,Capital,REG-08
BUD-202612-DEP-008-CC-115-CAT-007,2026,Q4,December,DEP-008,CC-115,CAT-007,17184.45,Capital,REG-05
BUD-202612-DEP-008-CC-110-CAT-006,2026,Q4,December,DEP-008,CC-110,CAT-006,34954.51,Departmental,REG-02
BUD-202612-DEP-008-CC-103-CAT-010,2026,Q4,December,DEP-008,CC-103,CAT-010,22828.41,Capital,REG-06
BUD-202612-DEP-008-CC-115-CAT-004,2026,Q4,December,DEP-008,CC-115,CAT-004,44182.07,Operating,REG-02
BUD-202612-DEP-008-CC-107-CAT-008,2026,Q4,December,DEP-008,CC-107,CAT-008,39024.18,Capital,REG-07
BUD-202612-DEP-008-CC-108-CAT-009,2026,Q4,December,DEP-008,CC-108,CAT-009,25218.92,Operating,REG-01
BUD-202612-DEP-008-CC-113-CAT-012,2026,Q4,December,DEP-008,CC-113,CAT-012,23071.73,Operating,REG-01
BUD-202612-DEP-009-CC-119-CAT-002,2026,Q4,December,DEP-009,CC-119,CAT-002,32856.88,Capital,REG-04
BUD-202612-DEP-009-CC-104-CAT-007,2026,Q4,December,DEP-009,CC-104,CAT-007,29491.97,Operating,REG-02
BUD-202612-DEP-009-CC-114-CAT-013,2026,Q4,December,DEP-009,CC-114,CAT-013,60025.02,Operating,REG-03
BUD-202612-DEP-009-CC-109-CAT-001,2026,Q4,December,DEP-009,CC-109,CAT-001,62844.61,Operating,REG-07
BUD-202612-DEP-009-CC-103-CAT-011,2026,Q4,December,DEP-009,CC-103,CAT-011,50912.58,Operating,REG-08
BUD-202612-DEP-009-CC-109-CAT-009,2026,Q4,December,DEP-009,CC-109,CAT-009,50300.66,Capital,REG-07
BUD-202612-DEP-009-CC-119-CAT-013,2026,Q4,December,DEP-009,CC-119,CAT-013,61826.89,Departmental,REG-07
BUD-202612-DEP-009-CC-101-CAT-013,2026,Q4,December,DEP-009,CC-101,CAT-013,65864.18,Departmental,REG-07
BUD-202612-DEP-009-CC-103-CAT-002,2026,Q4,December,DEP-009,CC-103,CAT-002,40070.33,Operating,REG-03
BUD-202612-DEP-009-CC-116-CAT-004,2026,Q4,December,DEP-009,CC-116,CAT-004,71680.17,Operating,REG-05
BUD-202612-DEP-009-CC-111-CAT-011,2026,Q4,December,DEP-009,CC-111,CAT-011,60314.89,Operating,REG-03
BUD-202612-DEP-009-CC-115-CAT-005,2026,Q4,December,DEP-009,CC-115,CAT-005,45760.03,Departmental,REG-04
BUD-202612-DEP-009-CC-116-CAT-007,2026,Q4,December,DEP-009,CC-116,CAT-007,29838.2,Operating,REG-03
BUD-202612-DEP-009-CC-104-CAT-014,2026,Q4,December,DEP-009,CC-104,CAT-014,43684.54,Departmental,REG-06
BUD-202612-DEP-009-CC-120-CAT-015,2026,Q4,December,DEP-009,CC-120,CAT-015,53207.63,Capital,REG-07
BUD-202612-DEP-009-CC-113-CAT-014,2026,Q4,December,DEP-009,CC-113,CAT-014,46536.31,Operating,REG-04
BUD-202612-DEP-009-CC-109-CAT-015,2026,Q4,December,DEP-009,CC-109,CAT-015,52225.94,Project,REG-01
BUD-202612-DEP-009-CC-112-CAT-013,2026,Q4,December,DEP-009,CC-112,CAT-013,62021.27,Departmental,REG-05
BUD-202612-DEP-009-CC-109-CAT-011,2026,Q4,December,DEP-009,CC-109,CAT-011,53362.41,Operating,REG-01
BUD-202612-DEP-009-CC-119-CAT-007,2026,Q4,December,DEP-009,CC-119,CAT-007,33372.7,Operating,REG-07
BUD-202612-DEP-009-CC-107-CAT-014,2026,Q4,December,DEP-009,CC-107,CAT-014,42633.74,Operating,REG-01
BUD-202612-DEP-009-CC-103-CAT-007,2026,Q4,December,DEP-009,CC-103,CAT-007,30672.08,Capital,REG-01
BUD-202612-DEP-009-CC-106-CAT-011,2026,Q4,December,DEP-009,CC-106,CAT-011,58221.51,Operating,REG-06
BUD-202612-DEP-009-CC-120-CAT-009,2026,Q4,December,DEP-009,CC-120,CAT-009,46584.94,Operating,REG-04
BUD-202612-DEP-009-CC-116-CAT-004,2026,Q4,December,DEP-009,CC-116,CAT-004,68798.72,Departmental,REG-04
BUD-202612-DEP-009-CC-114-CAT-010,2026,Q4,December,DEP-009,CC-114,CAT-010,45027.34,Operating,REG-06
BUD-202612-DEP-009-CC-113-CAT-002,2026,Q4,December,DEP-009,CC-113,CAT-002,34667.09,Capital,REG-01
BUD-202612-DEP-009-CC-120-CAT-006,2026,Q4,December,DEP-009,CC-120,CAT-006,57480.8,Operating,REG-01
BUD-202612-DEP-009-CC-103-CAT-012,2026,Q4,December,DEP-009,CC-103,CAT-012,40884.32,Operating,REG-03
BUD-202612-DEP-009-CC-111-CAT-013,2026,Q4,December,DEP-009,CC-111,CAT-013,54652.56,Project,REG-01
BUD-202612-DEP-009-CC-104-CAT-013,2026,Q4,December,DEP-009,CC-104,CAT-013,55891.32,Operating,REG-03
BUD-202612-DEP-009-CC-114-CAT-014,2026,Q4,December,DEP-009,CC-114,CAT-014,49306.59,Departmental,REG-01
BUD-202612-DEP-009-CC-120-CAT-012,2026,Q4,December,DEP-009,CC-120,CAT-012,38508.46,Capital,REG-06
BUD-202612-DEP-009-CC-104-CAT-014,2026,Q4,December,DEP-009,CC-104,CAT-014,46067.97,Operating,REG-08
BUD-202612-DEP-009-CC-116-CAT-012,2026,Q4,December,DEP-009,CC-116,CAT-012,38333.89,Capital,REG-03
BUD-202612-DEP-009-CC-120-CAT-007,2026,Q4,December,DEP-009,CC-120,CAT-007,34581.58,Operating,REG-03
BUD-202612-DEP-009-CC-109-CAT-013,2026,Q4,December,DEP-009,CC-109,CAT-013,57773.15,Operating,REG-03
BUD-202612-DEP-009-CC-114-CAT-013,2026,Q4,December,DEP-009,CC-114,CAT-013,57568.49,Departmental,REG-07
BUD-202612-DEP-009-CC-108-CAT-007,2026,Q4,December,DEP-009,CC-108,CAT-007,28935.88,Departmental,REG-08
BUD-202612-DEP-009-CC-117-CAT-011,2026,Q4,December,DEP-009,CC-117,CAT-011,59568.82,Operating,REG-03
BUD-202612-DEP-009-CC-101-CAT-010,2026,Q4,December,DEP-009,CC-101,CAT-010,44261.68,Operating,REG-08
BUD-202612-DEP-009-CC-119-CAT-007,2026,Q4,December,DEP-009,CC-119,CAT-007,31859.16,Departmental,REG-06
BUD-202612-DEP-009-CC-107-CAT-011,2026,Q4,December,DEP-009,CC-107,CAT-011,54417.42,Operating,REG-05
BUD-202612-DEP-009-CC-116-CAT-011,2026,Q4,December,DEP-009,CC-116,CAT-011,60611.95,Capital,REG-04
BUD-202612-DEP-009-CC-116-CAT-014,2026,Q4,December,DEP-009,CC-116,CAT-014,49446.11,Operating,REG-06
BUD-202612-DEP-009-CC-116-CAT-015,2026,Q4,December,DEP-009,CC-116,CAT-015,56316.19,Capital,REG-07
BUD-202612-DEP-009-CC-118-CAT-013,2026,Q4,December,DEP-009,CC-118,CAT-013,62425.51,Departmental,REG-05
BUD-202612-DEP-010-CC-117-CAT-015,2026,Q4,December,DEP-010,CC-117,CAT-015,30483.32,Operating,REG-06
BUD-202612-DEP-010-CC-117-CAT-010,2026,Q4,December,DEP-010,CC-117,CAT-010,23588.99,Departmental,REG-02
BUD-202612-DEP-010-CC-105-CAT-007,2026,Q4,December,DEP-010,CC-105,CAT-007,19843.63,Operating,REG-07
BUD-202612-DEP-010-CC-118-CAT-007,2026,Q4,December,DEP-010,CC-118,CAT-007,19348.68,Operating,REG-05
BUD-202612-DEP-010-CC-104-CAT-015,2026,Q4,December,DEP-010,CC-104,CAT-015,35731.16,Operating,REG-04
BUD-202612-DEP-010-CC-116-CAT-002,2026,Q4,December,DEP-010,CC-116,CAT-002,23207.22,Operating,REG-02
BUD-202612-DEP-010-CC-120-CAT-004,2026,Q4,December,DEP-010,CC-120,CAT-004,52093.03,Project,REG-03
BUD-202612-DEP-010-CC-117-CAT-009,2026,Q4,December,DEP-010,CC-117,CAT-009,27353.15,Operating,REG-05
BUD-202612-DEP-010-CC-120-CAT-004,2026,Q4,December,DEP-010,CC-120,CAT-004,44590.1,Operating,REG-03
BUD-202612-DEP-010-CC-107-CAT-012,2026,Q4,December,DEP-010,CC-107,CAT-012,27259.88,Operating,REG-01
BUD-202612-DEP-010-CC-112-CAT-014,2026,Q4,December,DEP-010,CC-112,CAT-014,30787.51,Operating,REG-08
BUD-202612-DEP-010-CC-107-CAT-012,2026,Q4,December,DEP-010,CC-107,CAT-012,23508.6,Operating,REG-01
BUD-202612-DEP-010-CC-118-CAT-006,2026,Q4,December,DEP-010,CC-118,CAT-006,34394.18,Departmental,REG-01
BUD-202612-DEP-010-CC-101-CAT-013,2026,Q4,December,DEP-010,CC-101,CAT-013,35466.1,Operating,REG-02
BUD-202612-DEP-010-CC-109-CAT-007,2026,Q4,December,DEP-010,CC-109,CAT-007,18803.06,Departmental,REG-06
BUD-202612-DEP-010-CC-111-CAT-004,2026,Q4,December,DEP-010,CC-111,CAT-004,50170.73,Operating,REG-01
BUD-202612-DEP-010-CC-104-CAT-007,2026,Q4,December,DEP-010,CC-104,CAT-007,22269.78,Operating,REG-01
BUD-202612-DEP-010-CC-106-CAT-011,2026,Q4,December,DEP-010,CC-106,CAT-011,38109.56,Operating,REG-03
BUD-202612-DEP-010-CC-108-CAT-013,2026,Q4,December,DEP-010,CC-108,CAT-013,40707.96,Operating,REG-06
BUD-202612-DEP-010-CC-111-CAT-004,2026,Q4,December,DEP-010,CC-111,CAT-004,47117.91,Operating,REG-01
BUD-202612-DEP-010-CC-107-CAT-010,2026,Q4,December,DEP-010,CC-107,CAT-010,23421.54,Capital,REG-08
BUD-202612-DEP-010-CC-119-CAT-013,2026,Q4,December,DEP-010,CC-119,CAT-013,40783.88,Operating,REG-06
BUD-202612-DEP-010-CC-102-CAT-012,2026,Q4,December,DEP-010,CC-102,CAT-012,26008.2,Departmental,REG-03
BUD-202612-DEP-010-CC-105-CAT-013,2026,Q4,December,DEP-010,CC-105,CAT-013,34707.14,Operating,REG-07
BUD-202612-DEP-010-CC-115-CAT-004,2026,Q4,December,DEP-010,CC-115,CAT-004,48366.81,Project,REG-08
BUD-202612-DEP-010-CC-111-CAT-009,2026,Q4,December,DEP-010,CC-111,CAT-009,27156.98,Operating,REG-07
BUD-202612-DEP-010-CC-113-CAT-004,2026,Q4,December,DEP-010,CC-113,CAT-004,51416.89,Capital,REG-05
BUD-202612-DEP-010-CC-117-CAT-005,2026,Q4,December,DEP-010,CC-117,CAT-005,26557.06,Operating,REG-06
BUD-202612-DEP-010-CC-108-CAT-001,2026,Q4,December,DEP-010,CC-108,CAT-001,43306.6,Operating,REG-01
BUD-202612-DEP-010-CC-110-CAT-009,2026,Q4,December,DEP-010,CC-110,CAT-009,28488.22,Operating,REG-08
BUD-202612-DEP-010-CC-112-CAT-010,2026,Q4,December,DEP-010,CC-112,CAT-010,28218.46,Operating,REG-08
BUD-202612-DEP-010-CC-107-CAT-007,2026,Q4,December,DEP-010,CC-107,CAT-007,22836.79,Project,REG-03
BUD-202612-DEP-010-CC-117-CAT-011,2026,Q4,December,DEP-010,CC-117,CAT-011,35366.75,Operating,REG-04
BUD-202612-DEP-010-CC-115-CAT-009,2026,Q4,December,DEP-010,CC-115,CAT-009,30064.35,Operating,REG-05
BUD-202612-DEP-010-CC-107-CAT-003,2026,Q4,December,DEP-010,CC-107,CAT-003,28896.65,Departmental,REG-06
BUD-202612-DEP-010-CC-102-CAT-002,2026,Q4,December,DEP-010,CC-102,CAT-002,25946.04,Operating,REG-02
BUD-202612-DEP-010-CC-111-CAT-005,2026,Q4,December,DEP-010,CC-111,CAT-005,26886.37,Operating,REG-01
BUD-202612-DEP-010-CC-109-CAT-011,2026,Q4,December,DEP-010,CC-109,CAT-011,31749.86,Capital,REG-02
BUD-202612-DEP-010-CC-105-CAT-009,2026,Q4,December,DEP-010,CC-105,CAT-009,30650.76,Operating,REG-02
BUD-202602-DEP-001-CC-110-CAT-001,2026,Q1,February,DEP-001,CC-110,CAT-001,36076.73,Operating,REG-04
BUD-202602-DEP-001-CC-114-CAT-011,2026,Q1,February,DEP-001,CC-114,CAT-011,38121.5,Project,REG-07
BUD-202602-DEP-001-CC-117-CAT-008,2026,Q1,February,DEP-001,CC-117,CAT-008,40458.63,Operating,REG-02
BUD-202602-DEP-001-CC-108-CAT-012,2026,Q1,February,DEP-001,CC-108,CAT-012,26042.42,Capital,REG-07
BUD-202602-DEP-001-CC-108-CAT-010,2026,Q1,February,DEP-001,CC-108,CAT-010,24505.73,Operating,REG-05
BUD-202602-DEP-001-CC-107-CAT-015,2026,Q1,February,DEP-001,CC-107,CAT-015,31559.63,Departmental,REG-03
BUD-202602-DEP-001-CC-115-CAT-010,2026,Q1,February,DEP-001,CC-115,CAT-010,23262.65,Operating,REG-08
BUD-202602-DEP-001-CC-114-CAT-013,2026,Q1,February,DEP-001,CC-114,CAT-013,40033.76,Departmental,REG-08
BUD-202602-DEP-001-CC-104-CAT-008,2026,Q1,February,DEP-001,CC-104,CAT-008,46681.23,Operating,REG-03
BUD-202602-DEP-001-CC-105-CAT-010,2026,Q1,February,DEP-001,CC-105,CAT-010,26534.37,Operating,REG-05
BUD-202602-DEP-001-CC-103-CAT-004,2026,Q1,February,DEP-001,CC-103,CAT-004,48035.92,Operating,REG-03
BUD-202602-DEP-001-CC-104-CAT-015,2026,Q1,February,DEP-001,CC-104,CAT-015,36965.98,Operating,REG-05
BUD-202602-DEP-001-CC-110-CAT-004,2026,Q1,February,DEP-001,CC-110,CAT-004,44584.99,Project,REG-02
BUD-202602-DEP-001-CC-115-CAT-001,2026,Q1,February,DEP-001,CC-115,CAT-001,37190.71,Departmental,REG-02
BUD-202602-DEP-001-CC-103-CAT-003,2026,Q1,February,DEP-001,CC-103,CAT-003,27885.07,Capital,REG-01
BUD-202602-DEP-001-CC-107-CAT-010,2026,Q1,February,DEP-001,CC-107,CAT-010,23920.96,Operating,REG-02
BUD-202602-DEP-001-CC-117-CAT-008,2026,Q1,February,DEP-001,CC-117,CAT-008,46414.34,Operating,REG-08
BUD-202602-DEP-001-CC-120-CAT-012,2026,Q1,February,DEP-001,CC-120,CAT-012,23854.66,Operating,REG-07
BUD-202602-DEP-001-CC-115-CAT-013,2026,Q1,February,DEP-001,CC-115,CAT-013,41133.16,Project,REG-04
BUD-202602-DEP-001-CC-119-CAT-005,2026,Q1,February,DEP-001,CC-119,CAT-005,25174.06,Capital,REG-01
BUD-202602-DEP-001-CC-109-CAT-007,2026,Q1,February,DEP-001,CC-109,CAT-007,20459.56,Project,REG-05
BUD-202602-DEP-001-CC-101-CAT-005,2026,Q1,February,DEP-001,CC-101,CAT-005,25499.09,Project,REG-01
BUD-202602-DEP-001-CC-120-CAT-006,2026,Q1,February,DEP-001,CC-120,CAT-006,37495.17,Departmental,REG-06
BUD-202602-DEP-001-CC-114-CAT-008,2026,Q1,February,DEP-001,CC-114,CAT-008,39633.36,Operating,REG-03
BUD-202602-DEP-001-CC-104-CAT-002,2026,Q1,February,DEP-001,CC-104,CAT-002,20489.28,Capital,REG-04
BUD-202602-DEP-001-CC-120-CAT-005,2026,Q1,February,DEP-001,CC-120,CAT-005,28323.66,Operating,REG-04
BUD-202602-DEP-001-CC-116-CAT-011,2026,Q1,February,DEP-001,CC-116,CAT-011,36717.99,Operating,REG-06
BUD-202602-DEP-001-CC-112-CAT-001,2026,Q1,February,DEP-001,CC-112,CAT-001,40844.89,Project,REG-06
BUD-202602-DEP-001-CC-109-CAT-004,2026,Q1,February,DEP-001,CC-109,CAT-004,49913.09,Project,REG-02
BUD-202602-DEP-001-CC-109-CAT-009,2026,Q1,February,DEP-001,CC-109,CAT-009,25772.61,Operating,REG-04
BUD-202602-DEP-001-CC-112-CAT-011,2026,Q1,February,DEP-001,CC-112,CAT-011,34580.4,Operating,REG-08
BUD-202602-DEP-001-CC-117-CAT-012,2026,Q1,February,DEP-001,CC-117,CAT-012,26304.76,Project,REG-03
BUD-202602-DEP-001-CC-111-CAT-005,2026,Q1,February,DEP-001,CC-111,CAT-005,28703.25,Departmental,REG-06
BUD-202602-DEP-001-CC-106-CAT-012,2026,Q1,February,DEP-001,CC-106,CAT-012,24742.73,Operating,REG-01
BUD-202602-DEP-001-CC-115-CAT-009,2026,Q1,February,DEP-001,CC-115,CAT-009,29538.63,Operating,REG-06
BUD-202602-DEP-001-CC-115-CAT-010,2026,Q1,February,DEP-001,CC-115,CAT-010,25476.69,Capital,REG-02
BUD-202602-DEP-001-CC-103-CAT-007,2026,Q1,February,DEP-001,CC-103,CAT-007,21851.21,Operating,REG-02
BUD-202602-DEP-001-CC-119-CAT-010,2026,Q1,February,DEP-001,CC-119,CAT-010,26542.28,Project,REG-03
BUD-202602-DEP-001-CC-103-CAT-013,2026,Q1,February,DEP-001,CC-103,CAT-013,34578.08,Operating,REG-01
BUD-202602-DEP-001-CC-111-CAT-014,2026,Q1,February,DEP-001,CC-111,CAT-014,28014.51,Departmental,REG-03
BUD-202602-DEP-001-CC-106-CAT-010,2026,Q1,February,DEP-001,CC-106,CAT-010,27196.54,Operating,REG-02
BUD-202602-DEP-001-CC-108-CAT-007,2026,Q1,February,DEP-001,CC-108,CAT-007,22284.39,Operating,REG-05
BUD-202602-DEP-001-CC-115-CAT-014,2026,Q1,February,DEP-001,CC-115,CAT-014,26860.09,Capital,REG-04
BUD-202602-DEP-001-CC-104-CAT-002,2026,Q1,February,DEP-001,CC-104,CAT-002,23261.83,Project,REG-07
BUD-202602-DEP-001-CC-106-CAT-012,2026,Q1,February,DEP-001,CC-106,CAT-012,22928.92,Operating,REG-06
BUD-202602-DEP-001-CC-101-CAT-006,2026,Q1,February,DEP-001,CC-101,CAT-006,32402.42,Project,REG-07
BUD-202602-DEP-001-CC-107-CAT-002,2026,Q1,February,DEP-001,CC-107,CAT-002,22061.18,Project,REG-02
BUD-202602-DEP-002-CC-120-CAT-006,2026,Q1,February,DEP-002,CC-120,CAT-006,26042.02,Departmental,REG-06
BUD-202602-DEP-002-CC-117-CAT-014,2026,Q1,February,DEP-002,CC-117,CAT-014,22018.59,Capital,REG-04
BUD-202602-DEP-002-CC-113-CAT-002,2026,Q1,February,DEP-002,CC-113,CAT-002,17690.73,Capital,REG-05
BUD-202602-DEP-002-CC-112-CAT-002,2026,Q1,February,DEP-002,CC-112,CAT-002,15354.26,Operating,REG-01
BUD-202602-DEP-002-CC-114-CAT-014,2026,Q1,February,DEP-002,CC-114,CAT-014,20373.83,Operating,REG-07
BUD-202602-DEP-002-CC-109-CAT-007,2026,Q1,February,DEP-002,CC-109,CAT-007,14458.94,Operating,REG-06
BUD-202602-DEP-002-CC-106-CAT-011,2026,Q1,February,DEP-002,CC-106,CAT-011,25021.85,Departmental,REG-04
BUD-202602-DEP-002-CC-117-CAT-006,2026,Q1,February,DEP-002,CC-117,CAT-006,26161.95,Operating,REG-02
BUD-202602-DEP-002-CC-104-CAT-009,2026,Q1,February,DEP-002,CC-104,CAT-009,22358.69,Project,REG-07
BUD-202602-DEP-002-CC-120-CAT-014,2026,Q1,February,DEP-002,CC-120,CAT-014,22571.28,Operating,REG-01
BUD-202602-DEP-002-CC-106-CAT-005,2026,Q1,February,DEP-002,CC-106,CAT-005,18766.05,Operating,REG-04
BUD-202602-DEP-002-CC-103-CAT-001,2026,Q1,February,DEP-002,CC-103,CAT-001,29921.88,Operating,REG-01
BUD-202602-DEP-002-CC-102-CAT-010,2026,Q1,February,DEP-002,CC-102,CAT-010,16738.64,Capital,REG-05
BUD-202602-DEP-002-CC-110-CAT-005,2026,Q1,February,DEP-002,CC-110,CAT-005,19123.42,Capital,REG-04
BUD-202602-DEP-002-CC-120-CAT-003,2026,Q1,February,DEP-002,CC-120,CAT-003,23572.06,Operating,REG-06
BUD-202602-DEP-002-CC-104-CAT-007,2026,Q1,February,DEP-002,CC-104,CAT-007,14260.22,Operating,REG-07
BUD-202602-DEP-002-CC-105-CAT-010,2026,Q1,February,DEP-002,CC-105,CAT-010,19479.96,Operating,REG-08
BUD-202602-DEP-002-CC-117-CAT-015,2026,Q1,February,DEP-002,CC-117,CAT-015,26051.91,Capital,REG-07
BUD-202602-DEP-002-CC-112-CAT-003,2026,Q1,February,DEP-002,CC-112,CAT-003,21118.24,Operating,REG-05
BUD-202602-DEP-002-CC-117-CAT-006,2026,Q1,February,DEP-002,CC-117,CAT-006,24704.51,Departmental,REG-06
BUD-202602-DEP-002-CC-102-CAT-015,2026,Q1,February,DEP-002,CC-102,CAT-015,21725.9,Departmental,REG-01
BUD-202602-DEP-002-CC-115-CAT-015,2026,Q1,February,DEP-002,CC-115,CAT-015,26175.9,Departmental,REG-04
BUD-202602-DEP-002-CC-105-CAT-013,2026,Q1,February,DEP-002,CC-105,CAT-013,29601.33,Operating,REG-03
BUD-202602-DEP-002-CC-106-CAT-007,2026,Q1,February,DEP-002,CC-106,CAT-007,13883.08,Operating,REG-05
BUD-202602-DEP-002-CC-101-CAT-010,2026,Q1,February,DEP-002,CC-101,CAT-010,18253.96,Departmental,REG-06
BUD-202602-DEP-002-CC-114-CAT-011,2026,Q1,February,DEP-002,CC-114,CAT-011,22736.01,Operating,REG-05
BUD-202602-DEP-002-CC-116-CAT-007,2026,Q1,February,DEP-002,CC-116,CAT-007,15795.21,Operating,REG-01
BUD-202602-DEP-002-CC-114-CAT-007,2026,Q1,February,DEP-002,CC-114,CAT-007,12975.89,Project,REG-05
BUD-202602-DEP-002-CC-101-CAT-006,2026,Q1,February,DEP-002,CC-101,CAT-006,23620.91,Operating,REG-03
BUD-202602-DEP-002-CC-105-CAT-012,2026,Q1,February,DEP-002,CC-105,CAT-012,17567.08,Operating,REG-03
BUD-202602-DEP-003-CC-101-CAT-014,2026,Q1,February,DEP-003,CC-101,CAT-014,35651.82,Departmental,REG-06
BUD-202602-DEP-003-CC-116-CAT-005,2026,Q1,February,DEP-003,CC-116,CAT-005,28356.94,Operating,REG-01
BUD-202602-DEP-003-CC-105-CAT-001,2026,Q1,February,DEP-003,CC-105,CAT-001,44681.0,Capital,REG-02
BUD-202602-DEP-003-CC-104-CAT-009,2026,Q1,February,DEP-003,CC-104,CAT-009,32247.56,Departmental,REG-02
BUD-202602-DEP-003-CC-105-CAT-002,2026,Q1,February,DEP-003,CC-105,CAT-002,28078.0,Operating,REG-07
BUD-202602-DEP-003-CC-115-CAT-014,2026,Q1,February,DEP-003,CC-115,CAT-014,34737.82,Departmental,REG-07
BUD-202602-DEP-003-CC-110-CAT-009,2026,Q1,February,DEP-003,CC-110,CAT-009,36147.94,Project,REG-01
BUD-202602-DEP-003-CC-106-CAT-001,2026,Q1,February,DEP-003,CC-106,CAT-001,41490.93,Operating,REG-08
BUD-202602-DEP-003-CC-113-CAT-010,2026,Q1,February,DEP-003,CC-113,CAT-010,29423.15,Operating,REG-01
BUD-202602-DEP-003-CC-113-CAT-002,2026,Q1,February,DEP-003,CC-113,CAT-002,25227.65,Operating,REG-02
BUD-202602-DEP-003-CC-107-CAT-008,2026,Q1,February,DEP-003,CC-107,CAT-008,52265.54,Departmental,REG-05
BUD-202602-DEP-003-CC-103-CAT-004,2026,Q1,February,DEP-003,CC-103,CAT-004,52605.35,Capital,REG-02
BUD-202602-DEP-003-CC-117-CAT-007,2026,Q1,February,DEP-003,CC-117,CAT-007,23000.16,Capital,REG-02
BUD-202602-DEP-003-CC-105-CAT-013,2026,Q1,February,DEP-003,CC-105,CAT-013,47650.54,Operating,REG-02
BUD-202602-DEP-003-CC-101-CAT-003,2026,Q1,February,DEP-003,CC-101,CAT-003,35813.98,Project,REG-06
BUD-202602-DEP-003-CC-117-CAT-002,2026,Q1,February,DEP-003,CC-117,CAT-002,24035.26,Capital,REG-05
BUD-202602-DEP-003-CC-104-CAT-010,2026,Q1,February,DEP-003,CC-104,CAT-010,32948.91,Capital,REG-08
BUD-202602-DEP-003-CC-104-CAT-012,2026,Q1,February,DEP-003,CC-104,CAT-012,25388.24,Departmental,REG-06
BUD-202602-DEP-003-CC-113-CAT-006,2026,Q1,February,DEP-003,CC-113,CAT-006,42599.26,Project,REG-01
BUD-202602-DEP-003-CC-104-CAT-012,2026,Q1,February,DEP-003,CC-104,CAT-012,26295.3,Departmental,REG-03
BUD-202602-DEP-003-CC-107-CAT-013,2026,Q1,February,DEP-003,CC-107,CAT-013,40945.82,Departmental,REG-03
BUD-202602-DEP-003-CC-116-CAT-015,2026,Q1,February,DEP-003,CC-116,CAT-015,42539.28,Capital,REG-01
BUD-202602-DEP-003-CC-102-CAT-014,2026,Q1,February,DEP-003,CC-102,CAT-014,31114.73,Departmental,REG-01
BUD-202602-DEP-003-CC-103-CAT-008,2026,Q1,February,DEP-003,CC-103,CAT-008,54268.61,Project,REG-05
BUD-202602-DEP-003-CC-107-CAT-011,2026,Q1,February,DEP-003,CC-107,CAT-011,44743.3,Operating,REG-07
BUD-202602-DEP-003-CC-110-CAT-011,2026,Q1,February,DEP-003,CC-110,CAT-011,39923.64,Departmental,REG-03
BUD-202602-DEP-003-CC-116-CAT-012,2026,Q1,February,DEP-003,CC-116,CAT-012,29840.86,Operating,REG-07
BUD-202602-DEP-003-CC-119-CAT-005,2026,Q1,February,DEP-003,CC-119,CAT-005,28753.98,Capital,REG-05
BUD-202602-DEP-003-CC-118-CAT-011,2026,Q1,February,DEP-003,CC-118,CAT-011,42461.07,Departmental,REG-03
BUD-202602-DEP-003-CC-115-CAT-009,2026,Q1,February,DEP-003,CC-115,CAT-009,34777.45,Capital,REG-03
BUD-202602-DEP-003-CC-116-CAT-004,2026,Q1,February,DEP-003,CC-116,CAT-004,49636.53,Operating,REG-02
BUD-202602-DEP-003-CC-101-CAT-009,2026,Q1,February,DEP-003,CC-101,CAT-009,31945.02,Project,REG-07
BUD-202602-DEP-003-CC-112-CAT-008,2026,Q1,February,DEP-003,CC-112,CAT-008,46645.5,Operating,REG-04
BUD-202602-DEP-003-CC-114-CAT-007,2026,Q1,February,DEP-003,CC-114,CAT-007,23898.67,Project,REG-02
BUD-202602-DEP-003-CC-110-CAT-002,2026,Q1,February,DEP-003,CC-110,CAT-002,24032.76,Capital,REG-07
BUD-202602-DEP-003-CC-115-CAT-015,2026,Q1,February,DEP-003,CC-115,CAT-015,40447.04,Operating,REG-06
BUD-202602-DEP-003-CC-120-CAT-013,2026,Q1,February,DEP-003,CC-120,CAT-013,46915.37,Operating,REG-04
BUD-202602-DEP-003-CC-120-CAT-001,2026,Q1,February,DEP-003,CC-120,CAT-001,50263.39,Operating,REG-05
BUD-202602-DEP-003-CC-115-CAT-011,2026,Q1,February,DEP-003,CC-115,CAT-011,37137.49,Operating,REG-08
BUD-202602-DEP-004-CC-110-CAT-005,2026,Q1,February,DEP-004,CC-110,CAT-005,21584.89,Operating,REG-04
BUD-202602-DEP-004-CC-117-CAT-005,2026,Q1,February,DEP-004,CC-117,CAT-005,24140.98,Operating,REG-03
BUD-202602-DEP-004-CC-114-CAT-001,2026,Q1,February,DEP-004,CC-114,CAT-001,28685.17,Capital,REG-02
BUD-202602-DEP-004-CC-117-CAT-011,2026,Q1,February,DEP-004,CC-117,CAT-011,26463.29,Operating,REG-05
BUD-202602-DEP-004-CC-109-CAT-001,2026,Q1,February,DEP-004,CC-109,CAT-001,27910.99,Operating,REG-04
BUD-202602-DEP-004-CC-109-CAT-013,2026,Q1,February,DEP-004,CC-109,CAT-013,28166.53,Operating,REG-02
BUD-202602-DEP-004-CC-111-CAT-004,2026,Q1,February,DEP-004,CC-111,CAT-004,34976.73,Operating,REG-06
BUD-202602-DEP-004-CC-102-CAT-003,2026,Q1,February,DEP-004,CC-102,CAT-003,23484.51,Departmental,REG-06
BUD-202602-DEP-004-CC-106-CAT-008,2026,Q1,February,DEP-004,CC-106,CAT-008,30687.86,Capital,REG-02
BUD-202602-DEP-004-CC-112-CAT-008,2026,Q1,February,DEP-004,CC-112,CAT-008,29450.49,Operating,REG-02
BUD-202602-DEP-004-CC-109-CAT-015,2026,Q1,February,DEP-004,CC-109,CAT-015,24484.81,Operating,REG-01
BUD-202602-DEP-004-CC-103-CAT-004,2026,Q1,February,DEP-004,CC-103,CAT-004,36745.66,Project,REG-04
BUD-202602-DEP-004-CC-112-CAT-014,2026,Q1,February,DEP-004,CC-112,CAT-014,24216.16,Operating,REG-05
BUD-202602-DEP-004-CC-111-CAT-015,2026,Q1,February,DEP-004,CC-111,CAT-015,23396.52,Departmental,REG-03
BUD-202602-DEP-004-CC-107-CAT-011,2026,Q1,February,DEP-004,CC-107,CAT-011,25574.02,Capital,REG-01
BUD-202602-DEP-004-CC-117-CAT-012,2026,Q1,February,DEP-004,CC-117,CAT-012,18782.55,Operating,REG-02
BUD-202602-DEP-004-CC-107-CAT-008,2026,Q1,February,DEP-004,CC-107,CAT-008,36146.37,Operating,REG-06
BUD-202602-DEP-004-CC-113-CAT-006,2026,Q1,February,DEP-004,CC-113,CAT-006,29129.06,Departmental,REG-08
BUD-202602-DEP-004-CC-105-CAT-009,2026,Q1,February,DEP-004,CC-105,CAT-009,23522.0,Operating,REG-08
BUD-202602-DEP-004-CC-116-CAT-001,2026,Q1,February,DEP-004,CC-116,CAT-001,28396.49,Departmental,REG-07
BUD-202602-DEP-004-CC-113-CAT-003,2026,Q1,February,DEP-004,CC-113,CAT-003,26659.79,Operating,REG-01
BUD-202602-DEP-004-CC-115-CAT-009,2026,Q1,February,DEP-004,CC-115,CAT-009,23020.32,Operating,REG-08
BUD-202602-DEP-004-CC-112-CAT-008,2026,Q1,February,DEP-004,CC-112,CAT-008,32698.21,Operating,REG-07
BUD-202602-DEP-004-CC-117-CAT-014,2026,Q1,February,DEP-004,CC-117,CAT-014,22131.58,Operating,REG-07
BUD-202602-DEP-004-CC-112-CAT-008,2026,Q1,February,DEP-004,CC-112,CAT-008,36462.59,Operating,REG-07
BUD-202602-DEP-004-CC-101-CAT-006,2026,Q1,February,DEP-004,CC-101,CAT-006,27579.97,Operating,REG-07
BUD-202602-DEP-004-CC-106-CAT-010,2026,Q1,February,DEP-004,CC-106,CAT-010,21636.62,Operating,REG-02
BUD-202602-DEP-004-CC-106-CAT-014,2026,Q1,February,DEP-004,CC-106,CAT-014,24605.84,Project,REG-02
BUD-202602-DEP-004-CC-117-CAT-008,2026,Q1,February,DEP-004,CC-117,CAT-008,32779.98,Operating,REG-05
BUD-202602-DEP-004-CC-117-CAT-007,2026,Q1,February,DEP-004,CC-117,CAT-007,16386.89,Operating,REG-03
BUD-202602-DEP-004-CC-101-CAT-014,2026,Q1,February,DEP-004,CC-101,CAT-014,22678.98,Operating,REG-02
BUD-202602-DEP-004-CC-114-CAT-009,2026,Q1,February,DEP-004,CC-114,CAT-009,23919.98,Operating,REG-08
BUD-202602-DEP-004-CC-104-CAT-013,2026,Q1,February,DEP-004,CC-104,CAT-013,26523.86,Departmental,REG-07
BUD-202602-DEP-004-CC-103-CAT-005,2026,Q1,February,DEP-004,CC-103,CAT-005,23580.03,Operating,REG-03
BUD-202602-DEP-004-CC-107-CAT-014,2026,Q1,February,DEP-004,CC-107,CAT-014,23181.16,Operating,REG-06
BUD-202602-DEP-004-CC-104-CAT-007,2026,Q1,February,DEP-004,CC-104,CAT-007,14914.58,Capital,REG-08
BUD-202602-DEP-004-CC-117-CAT-007,2026,Q1,February,DEP-004,CC-117,CAT-007,17728.33,Operating,REG-07
BUD-202602-DEP-004-CC-101-CAT-002,2026,Q1,February,DEP-004,CC-101,CAT-002,17320.81,Operating,REG-02
BUD-202602-DEP-005-CC-106-CAT-005,2026,Q1,February,DEP-005,CC-106,CAT-005,22890.33,Operating,REG-04
BUD-202602-DEP-005-CC-111-CAT-001,2026,Q1,February,DEP-005,CC-111,CAT-001,37451.22,Operating,REG-06
BUD-202602-DEP-005-CC-105-CAT-012,2026,Q1,February,DEP-005,CC-105,CAT-012,20943.17,Project,REG-04
BUD-202602-DEP-005-CC-118-CAT-009,2026,Q1,February,DEP-005,CC-118,CAT-009,25036.4,Capital,REG-08
BUD-202602-DEP-005-CC-117-CAT-011,2026,Q1,February,DEP-005,CC-117,CAT-011,35163.26,Capital,REG-03
BUD-202602-DEP-005-CC-119-CAT-006,2026,Q1,February,DEP-005,CC-119,CAT-006,31266.69,Capital,REG-08
BUD-202602-DEP-005-CC-115-CAT-008,2026,Q1,February,DEP-005,CC-115,CAT-008,34949.26,Operating,REG-01
BUD-202602-DEP-005-CC-105-CAT-003,2026,Q1,February,DEP-005,CC-105,CAT-003,29525.79,Departmental,REG-07
BUD-202602-DEP-005-CC-116-CAT-008,2026,Q1,February,DEP-005,CC-116,CAT-008,38759.11,Operating,REG-01
BUD-202602-DEP-005-CC-104-CAT-007,2026,Q1,February,DEP-005,CC-104,CAT-007,17254.83,Operating,REG-02
BUD-202602-DEP-005-CC-103-CAT-014,2026,Q1,February,DEP-005,CC-103,CAT-014,26491.66,Operating,REG-02
BUD-202602-DEP-005-CC-103-CAT-010,2026,Q1,February,DEP-005,CC-103,CAT-010,22496.32,Operating,REG-01
BUD-202602-DEP-005-CC-101-CAT-010,2026,Q1,February,DEP-005,CC-101,CAT-010,26239.16,Project,REG-05
BUD-202602-DEP-005-CC-108-CAT-003,2026,Q1,February,DEP-005,CC-108,CAT-003,27338.43,Operating,REG-08
BUD-202602-DEP-005-CC-105-CAT-010,2026,Q1,February,DEP-005,CC-105,CAT-010,25301.88,Capital,REG-08
BUD-202602-DEP-005-CC-118-CAT-002,2026,Q1,February,DEP-005,CC-118,CAT-002,23555.36,Operating,REG-02
BUD-202602-DEP-005-CC-101-CAT-009,2026,Q1,February,DEP-005,CC-101,CAT-009,25125.21,Operating,REG-07
BUD-202602-DEP-005-CC-116-CAT-003,2026,Q1,February,DEP-005,CC-116,CAT-003,30070.42,Capital,REG-04
BUD-202602-DEP-005-CC-111-CAT-002,2026,Q1,February,DEP-005,CC-111,CAT-002,22602.89,Project,REG-07
BUD-202602-DEP-005-CC-103-CAT-010,2026,Q1,February,DEP-005,CC-103,CAT-010,22269.23,Capital,REG-05
BUD-202602-DEP-005-CC-116-CAT-012,2026,Q1,February,DEP-005,CC-116,CAT-012,20527.81,Operating,REG-04
BUD-202602-DEP-005-CC-111-CAT-009,2026,Q1,February,DEP-005,CC-111,CAT-009,23568.39,Capital,REG-06
BUD-202602-DEP-005-CC-107-CAT-003,2026,Q1,February,DEP-005,CC-107,CAT-003,27128.45,Operating,REG-05
BUD-202602-DEP-005-CC-103-CAT-001,2026,Q1,February,DEP-005,CC-103,CAT-001,31537.21,Operating,REG-08
BUD-202602-DEP-005-CC-104-CAT-009,2026,Q1,February,DEP-005,CC-104,CAT-009,26490.46,Operating,REG-02
BUD-202602-DEP-005-CC-104-CAT-008,2026,Q1,February,DEP-005,CC-104,CAT-008,38105.66,Departmental,REG-01
BUD-202602-DEP-005-CC-109-CAT-011,2026,Q1,February,DEP-005,CC-109,CAT-011,35398.94,Project,REG-06
BUD-202602-DEP-005-CC-119-CAT-011,2026,Q1,February,DEP-005,CC-119,CAT-011,33529.44,Capital,REG-01
BUD-202602-DEP-005-CC-103-CAT-011,2026,Q1,February,DEP-005,CC-103,CAT-011,34948.38,Project,REG-08
BUD-202602-DEP-005-CC-108-CAT-015,2026,Q1,February,DEP-005,CC-108,CAT-015,30428.07,Departmental,REG-08
BUD-202602-DEP-005-CC-105-CAT-011,2026,Q1,February,DEP-005,CC-105,CAT-011,31454.78,Operating,REG-01
BUD-202602-DEP-005-CC-101-CAT-006,2026,Q1,February,DEP-005,CC-101,CAT-006,32368.56,Operating,REG-06
BUD-202602-DEP-005-CC-101-CAT-002,2026,Q1,February,DEP-005,CC-101,CAT-002,19919.3,Capital,REG-07
BUD-202602-DEP-005-CC-113-CAT-008,2026,Q1,February,DEP-005,CC-113,CAT-008,38561.89,Capital,REG-06
BUD-202602-DEP-005-CC-112-CAT-005,2026,Q1,February,DEP-005,CC-112,CAT-005,25739.21,Departmental,REG-03
BUD-202602-DEP-005-CC-113-CAT-003,2026,Q1,February,DEP-005,CC-113,CAT-003,25775.02,Operating,REG-06
BUD-202602-DEP-005-CC-102-CAT-003,2026,Q1,February,DEP-005,CC-102,CAT-003,31497.09,Operating,REG-01
BUD-202602-DEP-005-CC-112-CAT-008,2026,Q1,February,DEP-005,CC-112,CAT-008,39352.47,Operating,REG-08
BUD-202602-DEP-005-CC-108-CAT-001,2026,Q1,February,DEP-005,CC-108,CAT-001,38126.85,Operating,REG-02
BUD-202602-DEP-005-CC-112-CAT-007,2026,Q1,February,DEP-005,CC-112,CAT-007,19320.5,Operating,REG-04
BUD-202602-DEP-005-CC-111-CAT-008,2026,Q1,February,DEP-005,CC-111,CAT-008,38471.39,Operating,REG-01
BUD-202602-DEP-005-CC-106-CAT-014,2026,Q1,February,DEP-005,CC-106,CAT-014,25351.94,Operating,REG-07
BUD-202602-DEP-005-CC-110-CAT-001,2026,Q1,February,DEP-005,CC-110,CAT-001,37372.36,Operating,REG-06
BUD-202602-DEP-006-CC-116-CAT-005,2026,Q1,February,DEP-006,CC-116,CAT-005,17967.6,Operating,REG-03
BUD-202602-DEP-006-CC-113-CAT-001,2026,Q1,February,DEP-006,CC-113,CAT-001,24482.36,Operating,REG-02
BUD-202602-DEP-006-CC-109-CAT-011,2026,Q1,February,DEP-006,CC-109,CAT-011,19990.96,Departmental,REG-04
BUD-202602-DEP-006-CC-110-CAT-006,2026,Q1,February,DEP-006,CC-110,CAT-006,22717.56,Capital,REG-07
BUD-202602-DEP-006-CC-102-CAT-007,2026,Q1,February,DEP-006,CC-102,CAT-007,12742.11,Operating,REG-02
BUD-202602-DEP-006-CC-102-CAT-013,2026,Q1,February,DEP-006,CC-102,CAT-013,21770.76,Project,REG-06
BUD-202602-DEP-006-CC-117-CAT-008,2026,Q1,February,DEP-006,CC-117,CAT-008,27084.5,Operating,REG-04
BUD-202602-DEP-006-CC-113-CAT-001,2026,Q1,February,DEP-006,CC-113,CAT-001,26589.18,Operating,REG-04
BUD-202602-DEP-006-CC-103-CAT-005,2026,Q1,February,DEP-006,CC-103,CAT-005,18110.42,Operating,REG-05
BUD-202602-DEP-006-CC-116-CAT-005,2026,Q1,February,DEP-006,CC-116,CAT-005,18011.44,Operating,REG-03
BUD-202602-DEP-006-CC-120-CAT-010,2026,Q1,February,DEP-006,CC-120,CAT-010,16057.06,Operating,REG-01
BUD-202602-DEP-006-CC-103-CAT-011,2026,Q1,February,DEP-006,CC-103,CAT-011,23631.19,Operating,REG-01
BUD-202602-DEP-006-CC-113-CAT-008,2026,Q1,February,DEP-006,CC-113,CAT-008,25933.16,Departmental,REG-01
BUD-202602-DEP-006-CC-107-CAT-013,2026,Q1,February,DEP-006,CC-107,CAT-013,20907.8,Operating,REG-03
BUD-202602-DEP-006-CC-119-CAT-002,2026,Q1,February,DEP-006,CC-119,CAT-002,13102.77,Operating,REG-02
BUD-202602-DEP-006-CC-114-CAT-009,2026,Q1,February,DEP-006,CC-114,CAT-009,17255.87,Capital,REG-01
BUD-202602-DEP-006-CC-119-CAT-012,2026,Q1,February,DEP-006,CC-119,CAT-012,16614.65,Capital,REG-06
BUD-202602-DEP-006-CC-104-CAT-008,2026,Q1,February,DEP-006,CC-104,CAT-008,23600.71,Operating,REG-01
BUD-202602-DEP-006-CC-112-CAT-001,2026,Q1,February,DEP-006,CC-112,CAT-001,25447.51,Departmental,REG-08
BUD-202602-DEP-006-CC-120-CAT-010,2026,Q1,February,DEP-006,CC-120,CAT-010,14918.17,Operating,REG-03
BUD-202602-DEP-006-CC-114-CAT-003,2026,Q1,February,DEP-006,CC-114,CAT-003,18189.66,Project,REG-05
BUD-202602-DEP-006-CC-117-CAT-008,2026,Q1,February,DEP-006,CC-117,CAT-008,29097.69,Operating,REG-06
BUD-202602-DEP-006-CC-114-CAT-012,2026,Q1,February,DEP-006,CC-114,CAT-012,15709.99,Operating,REG-07
BUD-202602-DEP-006-CC-104-CAT-014,2026,Q1,February,DEP-006,CC-104,CAT-014,17353.09,Operating,REG-04
BUD-202602-DEP-006-CC-108-CAT-003,2026,Q1,February,DEP-006,CC-108,CAT-003,20158.31,Capital,REG-05
BUD-202602-DEP-006-CC-111-CAT-004,2026,Q1,February,DEP-006,CC-111,CAT-004,26794.05,Operating,REG-08
BUD-202602-DEP-006-CC-120-CAT-013,2026,Q1,February,DEP-006,CC-120,CAT-013,23986.72,Project,REG-03
BUD-202602-DEP-006-CC-104-CAT-008,2026,Q1,February,DEP-006,CC-104,CAT-008,23894.76,Capital,REG-07
BUD-202602-DEP-006-CC-111-CAT-012,2026,Q1,February,DEP-006,CC-111,CAT-012,16936.26,Departmental,REG-06
BUD-202602-DEP-006-CC-102-CAT-003,2026,Q1,February,DEP-006,CC-102,CAT-003,18108.72,Departmental,REG-05
BUD-202602-DEP-006-CC-114-CAT-006,2026,Q1,February,DEP-006,CC-114,CAT-006,20156.56,Departmental,REG-07
BUD-202602-DEP-006-CC-104-CAT-003,2026,Q1,February,DEP-006,CC-104,CAT-003,17683.45,Operating,REG-06
BUD-202602-DEP-006-CC-120-CAT-009,2026,Q1,February,DEP-006,CC-120,CAT-009,16624.41,Operating,REG-01
BUD-202602-DEP-006-CC-114-CAT-011,2026,Q1,February,DEP-006,CC-114,CAT-011,21376.48,Project,REG-06
BUD-202602-DEP-006-CC-120-CAT-011,2026,Q1,February,DEP-006,CC-120,CAT-011,23955.42,Operating,REG-08
BUD-202602-DEP-006-CC-105-CAT-011,2026,Q1,February,DEP-006,CC-105,CAT-011,22952.81,Operating,REG-03
BUD-202602-DEP-006-CC-111-CAT-014,2026,Q1,February,DEP-006,CC-111,CAT-014,17227.89,Capital,REG-06
BUD-202602-DEP-006-CC-102-CAT-009,2026,Q1,February,DEP-006,CC-102,CAT-009,18630.11,Operating,REG-02
BUD-202602-DEP-006-CC-107-CAT-012,2026,Q1,February,DEP-006,CC-107,CAT-012,14273.73,Operating,REG-04
BUD-202602-DEP-006-CC-108-CAT-004,2026,Q1,February,DEP-006,CC-108,CAT-004,25498.32,Operating,REG-01
BUD-202602-DEP-006-CC-107-CAT-015,2026,Q1,February,DEP-006,CC-107,CAT-015,22316.69,Operating,REG-03
BUD-202602-DEP-006-CC-108-CAT-012,2026,Q1,February,DEP-006,CC-108,CAT-012,16145.9,Operating,REG-06
BUD-202602-DEP-007-CC-117-CAT-001,2026,Q1,February,DEP-007,CC-117,CAT-001,44384.49,Operating,REG-06
BUD-202602-DEP-007-CC-116-CAT-001,2026,Q1,February,DEP-007,CC-116,CAT-001,42270.94,Operating,REG-04
BUD-202602-DEP-007-CC-101-CAT-002,2026,Q1,February,DEP-007,CC-101,CAT-002,22939.57,Operating,REG-05
BUD-202602-DEP-007-CC-118-CAT-005,2026,Q1,February,DEP-007,CC-118,CAT-005,30820.76,Departmental,REG-03
BUD-202602-DEP-007-CC-115-CAT-007,2026,Q1,February,DEP-007,CC-115,CAT-007,19908.46,Project,REG-06
BUD-202602-DEP-007-CC-102-CAT-013,2026,Q1,February,DEP-007,CC-102,CAT-013,45341.85,Operating,REG-08
BUD-202602-DEP-007-CC-108-CAT-013,2026,Q1,February,DEP-007,CC-108,CAT-013,42784.1,Operating,REG-06
BUD-202602-DEP-007-CC-105-CAT-013,2026,Q1,February,DEP-007,CC-105,CAT-013,45073.57,Project,REG-06
BUD-202602-DEP-007-CC-102-CAT-009,2026,Q1,February,DEP-007,CC-102,CAT-009,32268.35,Departmental,REG-01
BUD-202602-DEP-007-CC-105-CAT-015,2026,Q1,February,DEP-007,CC-105,CAT-015,36268.33,Departmental,REG-03
BUD-202602-DEP-007-CC-107-CAT-005,2026,Q1,February,DEP-007,CC-107,CAT-005,30565.32,Capital,REG-07
BUD-202602-DEP-007-CC-118-CAT-005,2026,Q1,February,DEP-007,CC-118,CAT-005,29873.72,Departmental,REG-06
BUD-202602-DEP-007-CC-104-CAT-001,2026,Q1,February,DEP-007,CC-104,CAT-001,39775.7,Operating,REG-08
BUD-202602-DEP-007-CC-109-CAT-011,2026,Q1,February,DEP-007,CC-109,CAT-011,35172.65,Project,REG-03
BUD-202602-DEP-007-CC-114-CAT-004,2026,Q1,February,DEP-007,CC-114,CAT-004,48854.7,Departmental,REG-03
BUD-202602-DEP-007-CC-117-CAT-004,2026,Q1,February,DEP-007,CC-117,CAT-004,49560.37,Operating,REG-04
BUD-202602-DEP-007-CC-119-CAT-001,2026,Q1,February,DEP-007,CC-119,CAT-001,38208.2,Operating,REG-02
BUD-202602-DEP-007-CC-109-CAT-014,2026,Q1,February,DEP-007,CC-109,CAT-014,35641.21,Capital,REG-06
BUD-202602-DEP-007-CC-105-CAT-015,2026,Q1,February,DEP-007,CC-105,CAT-015,33569.73,Operating,REG-08
BUD-202602-DEP-007-CC-105-CAT-003,2026,Q1,February,DEP-007,CC-105,CAT-003,35218.4,Operating,REG-02
BUD-202602-DEP-007-CC-105-CAT-003,2026,Q1,February,DEP-007,CC-105,CAT-003,33979.19,Operating,REG-03
BUD-202602-DEP-007-CC-111-CAT-007,2026,Q1,February,DEP-007,CC-111,CAT-007,23375.0,Operating,REG-02
BUD-202602-DEP-007-CC-119-CAT-010,2026,Q1,February,DEP-007,CC-119,CAT-010,31354.64,Operating,REG-08
BUD-202602-DEP-007-CC-105-CAT-009,2026,Q1,February,DEP-007,CC-105,CAT-009,34352.89,Operating,REG-02
BUD-202602-DEP-007-CC-109-CAT-003,2026,Q1,February,DEP-007,CC-109,CAT-003,35735.09,Operating,REG-08
BUD-202602-DEP-007-CC-115-CAT-006,2026,Q1,February,DEP-007,CC-115,CAT-006,42835.73,Operating,REG-03
BUD-202602-DEP-007-CC-109-CAT-007,2026,Q1,February,DEP-007,CC-109,CAT-007,22989.61,Operating,REG-05
BUD-202602-DEP-007-CC-107-CAT-006,2026,Q1,February,DEP-007,CC-107,CAT-006,37897.23,Operating,REG-03
BUD-202602-DEP-008-CC-104-CAT-008,2026,Q1,February,DEP-008,CC-104,CAT-008,30642.58,Capital,REG-04
BUD-202602-DEP-008-CC-107-CAT-003,2026,Q1,February,DEP-008,CC-107,CAT-003,20923.71,Operating,REG-06
BUD-202602-DEP-008-CC-118-CAT-015,2026,Q1,February,DEP-008,CC-118,CAT-015,25797.99,Operating,REG-07
BUD-202602-DEP-008-CC-116-CAT-015,2026,Q1,February,DEP-008,CC-116,CAT-015,24797.9,Operating,REG-04
BUD-202602-DEP-008-CC-102-CAT-006,2026,Q1,February,DEP-008,CC-102,CAT-006,26908.0,Operating,REG-06
BUD-202602-DEP-008-CC-102-CAT-006,2026,Q1,February,DEP-008,CC-102,CAT-006,25988.81,Operating,REG-08
BUD-202602-DEP-008-CC-105-CAT-006,2026,Q1,February,DEP-008,CC-105,CAT-006,24285.43,Operating,REG-06
BUD-202602-DEP-008-CC-112-CAT-007,2026,Q1,February,DEP-008,CC-112,CAT-007,15641.24,Operating,REG-06
BUD-202602-DEP-008-CC-111-CAT-002,2026,Q1,February,DEP-008,CC-111,CAT-002,17616.68,Operating,REG-02
BUD-202602-DEP-008-CC-114-CAT-005,2026,Q1,February,DEP-008,CC-114,CAT-005,19002.71,Operating,REG-02
BUD-202602-DEP-008-CC-102-CAT-013,2026,Q1,February,DEP-008,CC-102,CAT-013,27816.37,Capital,REG-02
BUD-202602-DEP-008-CC-120-CAT-005,2026,Q1,February,DEP-008,CC-120,CAT-005,18398.31,Operating,REG-07
BUD-202602-DEP-008-CC-118-CAT-001,2026,Q1,February,DEP-008,CC-118,CAT-001,30614.85,Project,REG-05
BUD-202602-DEP-008-CC-113-CAT-014,2026,Q1,February,DEP-008,CC-113,CAT-014,21232.69,Operating,REG-02
BUD-202602-DEP-008-CC-113-CAT-008,2026,Q1,February,DEP-008,CC-113,CAT-008,33907.15,Operating,REG-01
BUD-202602-DEP-008-CC-116-CAT-006,2026,Q1,February,DEP-008,CC-116,CAT-006,27427.71,Project,REG-08
BUD-202602-DEP-008-CC-115-CAT-001,2026,Q1,February,DEP-008,CC-115,CAT-001,31832.75,Operating,REG-06
BUD-202602-DEP-008-CC-114-CAT-015,2026,Q1,February,DEP-008,CC-114,CAT-015,24610.81,Capital,REG-04
BUD-202602-DEP-008-CC-114-CAT-015,2026,Q1,February,DEP-008,CC-114,CAT-015,21976.1,Departmental,REG-08
BUD-202602-DEP-008-CC-101-CAT-008,2026,Q1,February,DEP-008,CC-101,CAT-008,28408.61,Operating,REG-02
BUD-202602-DEP-008-CC-101-CAT-010,2026,Q1,February,DEP-008,CC-101,CAT-010,17377.01,Operating,REG-06
BUD-202602-DEP-008-CC-111-CAT-013,2026,Q1,February,DEP-008,CC-111,CAT-013,26292.77,Operating,REG-02
BUD-202602-DEP-008-CC-118-CAT-011,2026,Q1,February,DEP-008,CC-118,CAT-011,27219.59,Departmental,REG-02
BUD-202602-DEP-008-CC-110-CAT-007,2026,Q1,February,DEP-008,CC-110,CAT-007,16646.64,Departmental,REG-07
BUD-202602-DEP-008-CC-104-CAT-013,2026,Q1,February,DEP-008,CC-104,CAT-013,29561.2,Operating,REG-06
BUD-202602-DEP-008-CC-115-CAT-007,2026,Q1,February,DEP-008,CC-115,CAT-007,16222.46,Operating,REG-08
BUD-202602-DEP-008-CC-113-CAT-014,2026,Q1,February,DEP-008,CC-113,CAT-014,21516.79,Project,REG-08
BUD-202602-DEP-008-CC-107-CAT-010,2026,Q1,February,DEP-008,CC-107,CAT-010,20902.91,Capital,REG-01
BUD-202602-DEP-008-CC-113-CAT-013,2026,Q1,February,DEP-008,CC-113,CAT-013,28777.61,Operating,REG-02
BUD-202602-DEP-008-CC-109-CAT-001,2026,Q1,February,DEP-008,CC-109,CAT-001,29538.68,Operating,REG-05
BUD-202602-DEP-008-CC-101-CAT-001,2026,Q1,February,DEP-008,CC-101,CAT-001,27315.1,Project,REG-02
BUD-202602-DEP-008-CC-116-CAT-006,2026,Q1,February,DEP-008,CC-116,CAT-006,25251.35,Departmental,REG-06
BUD-202602-DEP-008-CC-109-CAT-015,2026,Q1,February,DEP-008,CC-109,CAT-015,24177.84,Project,REG-02
BUD-202602-DEP-008-CC-117-CAT-003,2026,Q1,February,DEP-008,CC-117,CAT-003,24808.86,Capital,REG-05
BUD-202602-DEP-008-CC-111-CAT-002,2026,Q1,February,DEP-008,CC-111,CAT-002,18222.94,Operating,REG-02
BUD-202602-DEP-008-CC-115-CAT-010,2026,Q1,February,DEP-008,CC-115,CAT-010,20964.39,Capital,REG-08
BUD-202602-DEP-008-CC-101-CAT-010,2026,Q1,February,DEP-008,CC-101,CAT-010,18527.56,Operating,REG-05
BUD-202602-DEP-009-CC-113-CAT-014,2026,Q1,February,DEP-009,CC-113,CAT-014,41590.84,Operating,REG-04
BUD-202602-DEP-009-CC-115-CAT-001,2026,Q1,February,DEP-009,CC-115,CAT-001,55797.94,Project,REG-07
BUD-202602-DEP-009-CC-120-CAT-015,2026,Q1,February,DEP-009,CC-120,CAT-015,44075.14,Operating,REG-04
BUD-202602-DEP-009-CC-120-CAT-004,2026,Q1,February,DEP-009,CC-120,CAT-004,53454.22,Operating,REG-08
BUD-202602-DEP-009-CC-110-CAT-004,2026,Q1,February,DEP-009,CC-110,CAT-004,60432.87,Departmental,REG-04
BUD-202602-DEP-009-CC-108-CAT-002,2026,Q1,February,DEP-009,CC-108,CAT-002,32254.34,Operating,REG-06
BUD-202602-DEP-009-CC-109-CAT-013,2026,Q1,February,DEP-009,CC-109,CAT-013,48559.61,Operating,REG-05
BUD-202602-DEP-009-CC-107-CAT-012,2026,Q1,February,DEP-009,CC-107,CAT-012,33642.46,Operating,REG-02
BUD-202602-DEP-009-CC-113-CAT-015,2026,Q1,February,DEP-009,CC-113,CAT-015,45144.58,Project,REG-02
BUD-202602-DEP-009-CC-117-CAT-007,2026,Q1,February,DEP-009,CC-117,CAT-007,26497.35,Project,REG-01
BUD-202602-DEP-009-CC-104-CAT-012,2026,Q1,February,DEP-009,CC-104,CAT-012,31403.79,Operating,REG-02
BUD-202602-DEP-009-CC-116-CAT-004,2026,Q1,February,DEP-009,CC-116,CAT-004,63125.27,Operating,REG-07
BUD-202602-DEP-009-CC-104-CAT-008,2026,Q1,February,DEP-009,CC-104,CAT-008,57253.08,Departmental,REG-08
BUD-202602-DEP-009-CC-116-CAT-009,2026,Q1,February,DEP-009,CC-116,CAT-009,35490.93,Operating,REG-06
BUD-202602-DEP-009-CC-102-CAT-015,2026,Q1,February,DEP-009,CC-102,CAT-015,42945.08,Operating,REG-05
BUD-202602-DEP-009-CC-104-CAT-005,2026,Q1,February,DEP-009,CC-104,CAT-005,32371.6,Operating,REG-02
BUD-202602-DEP-009-CC-106-CAT-001,2026,Q1,February,DEP-009,CC-106,CAT-001,55963.07,Departmental,REG-08
BUD-202602-DEP-009-CC-112-CAT-013,2026,Q1,February,DEP-009,CC-112,CAT-013,44782.54,Capital,REG-06
BUD-202602-DEP-009-CC-116-CAT-005,2026,Q1,February,DEP-009,CC-116,CAT-005,39370.8,Project,REG-02
BUD-202602-DEP-009-CC-109-CAT-015,2026,Q1,February,DEP-009,CC-109,CAT-015,38080.53,Project,REG-06
BUD-202602-DEP-009-CC-112-CAT-004,2026,Q1,February,DEP-009,CC-112,CAT-004,54031.0,Operating,REG-07
BUD-202602-DEP-009-CC-111-CAT-012,2026,Q1,February,DEP-009,CC-111,CAT-012,28586.76,Operating,REG-07
BUD-202602-DEP-009-CC-101-CAT-005,2026,Q1,February,DEP-009,CC-101,CAT-005,36127.41,Operating,REG-08
BUD-202602-DEP-009-CC-109-CAT-007,2026,Q1,February,DEP-009,CC-109,CAT-007,25105.46,Operating,REG-05
BUD-202602-DEP-009-CC-118-CAT-013,2026,Q1,February,DEP-009,CC-118,CAT-013,52390.58,Departmental,REG-04
BUD-202602-DEP-009-CC-116-CAT-010,2026,Q1,February,DEP-009,CC-116,CAT-010,32992.9,Operating,REG-06
BUD-202602-DEP-009-CC-114-CAT-004,2026,Q1,February,DEP-009,CC-114,CAT-004,61049.94,Capital,REG-08
BUD-202602-DEP-009-CC-108-CAT-005,2026,Q1,February,DEP-009,CC-108,CAT-005,31874.5,Departmental,REG-05
BUD-202602-DEP-009-CC-120-CAT-014,2026,Q1,February,DEP-009,CC-120,CAT-014,38071.4,Operating,REG-07
BUD-202602-DEP-009-CC-105-CAT-013,2026,Q1,February,DEP-009,CC-105,CAT-013,45357.11,Departmental,REG-02
BUD-202602-DEP-009-CC-116-CAT-010,2026,Q1,February,DEP-009,CC-116,CAT-010,35080.64,Capital,REG-01
BUD-202602-DEP-009-CC-120-CAT-002,2026,Q1,February,DEP-009,CC-120,CAT-002,31295.25,Operating,REG-01
BUD-202602-DEP-009-CC-103-CAT-001,2026,Q1,February,DEP-009,CC-103,CAT-001,48871.19,Operating,REG-07
BUD-202602-DEP-009-CC-113-CAT-001,2026,Q1,February,DEP-009,CC-113,CAT-001,44962.85,Project,REG-01
BUD-202602-DEP-009-CC-110-CAT-011,2026,Q1,February,DEP-009,CC-110,CAT-011,48345.15,Operating,REG-08
BUD-202602-DEP-009-CC-106-CAT-015,2026,Q1,February,DEP-009,CC-106,CAT-015,41038.69,Departmental,REG-01
BUD-202602-DEP-009-CC-102-CAT-007,2026,Q1,February,DEP-009,CC-102,CAT-007,24035.68,Operating,REG-01
BUD-202602-DEP-009-CC-104-CAT-007,2026,Q1,February,DEP-009,CC-104,CAT-007,24241.38,Project,REG-02
BUD-202602-DEP-009-CC-113-CAT-015,2026,Q1,February,DEP-009,CC-113,CAT-015,42711.74,Operating,REG-06
BUD-202602-DEP-009-CC-101-CAT-007,2026,Q1,February,DEP-009,CC-101,CAT-007,26396.75,Operating,REG-04
BUD-202602-DEP-009-CC-112-CAT-011,2026,Q1,February,DEP-009,CC-112,CAT-011,46581.87,Operating,REG-04
BUD-202602-DEP-009-CC-118-CAT-008,2026,Q1,February,DEP-009,CC-118,CAT-008,47499.05,Capital,REG-04
BUD-202602-DEP-009-CC-118-CAT-009,2026,Q1,February,DEP-009,CC-118,CAT-009,34842.79,Project,REG-02
BUD-202602-DEP-009-CC-117-CAT-006,2026,Q1,February,DEP-009,CC-117,CAT-006,47391.38,Project,REG-03
BUD-202602-DEP-009-CC-105-CAT-001,2026,Q1,February,DEP-009,CC-105,CAT-001,44536.65,Departmental,REG-08
BUD-202602-DEP-009-CC-108-CAT-009,2026,Q1,February,DEP-009,CC-108,CAT-009,39350.39,Project,REG-04
BUD-202602-DEP-009-CC-115-CAT-007,2026,Q1,February,DEP-009,CC-115,CAT-007,24352.03,Operating,REG-07
BUD-202602-DEP-009-CC-119-CAT-006,2026,Q1,February,DEP-009,CC-119,CAT-006,42713.08,Operating,REG-05
BUD-202602-DEP-009-CC-117-CAT-007,2026,Q1,February,DEP-009,CC-117,CAT-007,28306.82,Operating,REG-06
BUD-202602-DEP-010-CC-104-CAT-009,2026,Q1,February,DEP-010,CC-104,CAT-009,21952.78,Operating,REG-05
BUD-202602-DEP-010-CC-117-CAT-003,2026,Q1,February,DEP-010,CC-117,CAT-003,29543.81,Capital,REG-07
BUD-202602-DEP-010-CC-120-CAT-011,2026,Q1,February,DEP-010,CC-120,CAT-011,25363.06,Operating,REG-08
BUD-202602-DEP-010-CC-104-CAT-005,2026,Q1,February,DEP-010,CC-104,CAT-005,24436.78,Capital,REG-04
BUD-202602-DEP-010-CC-111-CAT-003,2026,Q1,February,DEP-010,CC-111,CAT-003,27713.67,Operating,REG-03
BUD-202602-DEP-010-CC-107-CAT-006,2026,Q1,February,DEP-010,CC-107,CAT-006,30748.98,Operating,REG-01
BUD-202602-DEP-010-CC-107-CAT-015,2026,Q1,February,DEP-010,CC-107,CAT-015,26363.93,Departmental,REG-05
BUD-202602-DEP-010-CC-103-CAT-010,2026,Q1,February,DEP-010,CC-103,CAT-010,20825.55,Capital,REG-04
BUD-202602-DEP-010-CC-112-CAT-008,2026,Q1,February,DEP-010,CC-112,CAT-008,33754.82,Operating,REG-04
BUD-202602-DEP-010-CC-107-CAT-003,2026,Q1,February,DEP-010,CC-107,CAT-003,25177.83,Operating,REG-07
BUD-202602-DEP-010-CC-112-CAT-014,2026,Q1,February,DEP-010,CC-112,CAT-014,25707.39,Capital,REG-01
BUD-202602-DEP-010-CC-109-CAT-012,2026,Q1,February,DEP-010,CC-109,CAT-012,22617.8,Project,REG-05
BUD-202602-DEP-010-CC-113-CAT-009,2026,Q1,February,DEP-010,CC-113,CAT-009,24980.09,Operating,REG-03
BUD-202602-DEP-010-CC-111-CAT-015,2026,Q1,February,DEP-010,CC-111,CAT-015,28667.35,Capital,REG-02
BUD-202602-DEP-010-CC-103-CAT-010,2026,Q1,February,DEP-010,CC-103,CAT-010,23112.37,Capital,REG-04
BUD-202602-DEP-010-CC-117-CAT-015,2026,Q1,February,DEP-010,CC-117,CAT-015,28058.34,Operating,REG-07
BUD-202602-DEP-010-CC-105-CAT-005,2026,Q1,February,DEP-010,CC-105,CAT-005,20743.17,Operating,REG-06
BUD-202602-DEP-010-CC-114-CAT-009,2026,Q1,February,DEP-010,CC-114,CAT-009,24731.87,Capital,REG-04
BUD-202602-DEP-010-CC-113-CAT-011,2026,Q1,February,DEP-010,CC-113,CAT-011,31732.66,Operating,REG-05
BUD-202602-DEP-010-CC-106-CAT-004,2026,Q1,February,DEP-010,CC-106,CAT-004,34949.69,Operating,REG-08
BUD-202602-DEP-010-CC-113-CAT-014,2026,Q1,February,DEP-010,CC-113,CAT-014,22385.22,Operating,REG-04
BUD-202602-DEP-010-CC-115-CAT-007,2026,Q1,February,DEP-010,CC-115,CAT-007,15302.29,Project,REG-01
BUD-202602-DEP-010-CC-115-CAT-006,2026,Q1,February,DEP-010,CC-115,CAT-006,27635.03,Operating,REG-06
BUD-202602-DEP-010-CC-113-CAT-006,2026,Q1,February,DEP-010,CC-113,CAT-006,27766.65,Project,REG-01
BUD-202602-DEP-010-CC-111-CAT-010,2026,Q1,February,DEP-010,CC-111,CAT-010,19450.86,Operating,REG-06
BUD-202602-DEP-010-CC-111-CAT-008,2026,Q1,February,DEP-010,CC-111,CAT-008,36322.19,Operating,REG-06
BUD-202602-DEP-010-CC-118-CAT-002,2026,Q1,February,DEP-010,CC-118,CAT-002,17789.78,Operating,REG-04
BUD-202602-DEP-010-CC-114-CAT-015,2026,Q1,February,DEP-010,CC-114,CAT-015,28934.45,Capital,REG-07
BUD-202602-DEP-010-CC-109-CAT-010,2026,Q1,February,DEP-010,CC-109,CAT-010,20380.08,Departmental,REG-06
BUD-202602-DEP-010-CC-110-CAT-015,2026,Q1,February,DEP-010,CC-110,CAT-015,27000.64,Operating,REG-04
BUD-202602-DEP-010-CC-114-CAT-001,2026,Q1,February,DEP-010,CC-114,CAT-001,31374.25,Operating,REG-03
BUD-202602-DEP-010-CC-111-CAT-005,2026,Q1,February,DEP-010,CC-111,CAT-005,23088.3,Capital,REG-06
BUD-202602-DEP-010-CC-116-CAT-011,2026,Q1,February,DEP-010,CC-116,CAT-011,27189.2,Operating,REG-04
BUD-202602-DEP-010-CC-108-CAT-006,2026,Q1,February,DEP-010,CC-108,CAT-006,30378.74,Operating,REG-01
BUD-202602-DEP-010-CC-106-CAT-010,2026,Q1,February,DEP-010,CC-106,CAT-010,20547.31,Operating,REG-05
BUD-202602-DEP-010-CC-119-CAT-011,2026,Q1,February,DEP-010,CC-119,CAT-011,26725.37,Operating,REG-03
BUD-202602-DEP-010-CC-106-CAT-010,2026,Q1,February,DEP-010,CC-106,CAT-010,21964.37,Project,REG-02
BUD-202602-DEP-010-CC-113-CAT-015,2026,Q1,February,DEP-010,CC-113,CAT-015,27888.03,Capital,REG-06
BUD-202602-DEP-010-CC-112-CAT-008,2026,Q1,February,DEP-010,CC-112,CAT-008,37987.67,Operating,REG-02
BUD-202602-DEP-010-CC-118-CAT-002,2026,Q1,February,DEP-010,CC-118,CAT-002,17311.59,Operating,REG-05
BUD-202602-DEP-010-CC-114-CAT-012,2026,Q1,February,DEP-010,CC-114,CAT-012,19314.55,Operating,REG-07
BUD-202602-DEP-010-CC-104-CAT-003,2026,Q1,February,DEP-010,CC-104,CAT-003,23489.65,Project,REG-02
BUD-202602-DEP-010-CC-117-CAT-004,2026,Q1,February,DEP-010,CC-117,CAT-004,41463.06,Operating,REG-08
BUD-202602-DEP-010-CC-119-CAT-007,2026,Q1,February,DEP-010,CC-119,CAT-007,17975.56,Operating,REG-06
BUD-202602-DEP-010-CC-118-CAT-005,2026,Q1,February,DEP-010,CC-118,CAT-005,21907.0,Capital,REG-08
BUD-202602-DEP-010-CC-117-CAT-010,2026,Q1,February,DEP-010,CC-117,CAT-010,21642.72,Departmental,REG-02
BUD-202602-DEP-010-CC-106-CAT-001,2026,Q1,February,DEP-010,CC-106,CAT-001,33834.81,Capital,REG-03
BUD-202602-DEP-010-CC-112-CAT-011,2026,Q1,February,DEP-010,CC-112,CAT-011,28022.31,Operating,REG-08
BUD-202602-DEP-010-CC-116-CAT-001,2026,Q1,February,DEP-010,CC-116,CAT-001,32780.0,Capital,REG-05
BUD-202602-DEP-010-CC-107-CAT-001,2026,Q1,February,DEP-010,CC-107,CAT-001,31485.5,Departmental,REG-01
BUD-202602-DEP-010-CC-106-CAT-012,2026,Q1,February,DEP-010,CC-106,CAT-012,21267.57,Operating,REG-02
BUD-202601-DEP-001-CC-109-CAT-001,2026,Q1,January,DEP-001,CC-109,CAT-001,39844.1,Departmental,REG-05
BUD-202601-DEP-001-CC-113-CAT-001,2026,Q1,January,DEP-001,CC-113,CAT-001,36287.87,Operating,REG-04
BUD-202601-DEP-001-CC-112-CAT-009,2026,Q1,January,DEP-001,CC-112,CAT-009,28290.26,Capital,REG-02
BUD-202601-DEP-001-CC-102-CAT-003,2026,Q1,January,DEP-001,CC-102,CAT-003,31546.39,Capital,REG-05
BUD-202601-DEP-001-CC-102-CAT-001,2026,Q1,January,DEP-001,CC-102,CAT-001,39184.87,Project,REG-05
BUD-202601-DEP-001-CC-102-CAT-004,2026,Q1,January,DEP-001,CC-102,CAT-004,47127.15,Operating,REG-04
BUD-202601-DEP-001-CC-102-CAT-011,2026,Q1,January,DEP-001,CC-102,CAT-011,31339.67,Operating,REG-05
BUD-202601-DEP-001-CC-114-CAT-012,2026,Q1,January,DEP-001,CC-114,CAT-012,23473.46,Capital,REG-06
BUD-202601-DEP-001-CC-106-CAT-010,2026,Q1,January,DEP-001,CC-106,CAT-010,22902.59,Departmental,REG-05
BUD-202601-DEP-001-CC-102-CAT-009,2026,Q1,January,DEP-001,CC-102,CAT-009,30672.4,Operating,REG-03
BUD-202601-DEP-001-CC-113-CAT-010,2026,Q1,January,DEP-001,CC-113,CAT-010,25781.3,Operating,REG-08
BUD-202601-DEP-001-CC-108-CAT-008,2026,Q1,January,DEP-001,CC-108,CAT-008,37340.26,Capital,REG-05
BUD-202601-DEP-001-CC-103-CAT-008,2026,Q1,January,DEP-001,CC-103,CAT-008,43688.13,Operating,REG-03
BUD-202601-DEP-001-CC-117-CAT-008,2026,Q1,January,DEP-001,CC-117,CAT-008,37809.05,Project,REG-04
BUD-202601-DEP-001-CC-101-CAT-001,2026,Q1,January,DEP-001,CC-101,CAT-001,36763.05,Departmental,REG-06
BUD-202601-DEP-001-CC-113-CAT-005,2026,Q1,January,DEP-001,CC-113,CAT-005,27204.17,Capital,REG-08
BUD-202601-DEP-001-CC-115-CAT-006,2026,Q1,January,DEP-001,CC-115,CAT-006,37260.76,Project,REG-04
BUD-202601-DEP-001-CC-120-CAT-003,2026,Q1,January,DEP-001,CC-120,CAT-003,33693.39,Project,REG-01
BUD-202601-DEP-001-CC-113-CAT-010,2026,Q1,January,DEP-001,CC-113,CAT-010,24572.83,Operating,REG-08
BUD-202601-DEP-001-CC-103-CAT-001,2026,Q1,January,DEP-001,CC-103,CAT-001,40477.19,Departmental,REG-08
BUD-202601-DEP-001-CC-106-CAT-003,2026,Q1,January,DEP-001,CC-106,CAT-003,31662.94,Capital,REG-03
BUD-202601-DEP-001-CC-120-CAT-007,2026,Q1,January,DEP-001,CC-120,CAT-007,18203.48,Operating,REG-02
BUD-202601-DEP-001-CC-116-CAT-001,2026,Q1,January,DEP-001,CC-116,CAT-001,33402.69,Operating,REG-02
BUD-202601-DEP-001-CC-120-CAT-007,2026,Q1,January,DEP-001,CC-120,CAT-007,19213.3,Operating,REG-08
BUD-202601-DEP-001-CC-102-CAT-011,2026,Q1,January,DEP-001,CC-102,CAT-011,33846.9,Departmental,REG-03
BUD-202601-DEP-001-CC-117-CAT-014,2026,Q1,January,DEP-001,CC-117,CAT-014,31252.99,Departmental,REG-05
BUD-202601-DEP-001-CC-108-CAT-006,2026,Q1,January,DEP-001,CC-108,CAT-006,38021.25,Operating,REG-06
BUD-202601-DEP-001-CC-118-CAT-013,2026,Q1,January,DEP-001,CC-118,CAT-013,39352.7,Operating,REG-04
BUD-202601-DEP-001-CC-114-CAT-011,2026,Q1,January,DEP-001,CC-114,CAT-011,30762.51,Departmental,REG-07
BUD-202601-DEP-001-CC-116-CAT-004,2026,Q1,January,DEP-001,CC-116,CAT-004,40604.72,Capital,REG-04
BUD-202601-DEP-001-CC-105-CAT-012,2026,Q1,January,DEP-001,CC-105,CAT-012,24040.27,Project,REG-03
BUD-202601-DEP-001-CC-118-CAT-003,2026,Q1,January,DEP-001,CC-118,CAT-003,31080.66,Operating,REG-07
BUD-202601-DEP-001-CC-118-CAT-004,2026,Q1,January,DEP-001,CC-118,CAT-004,40801.41,Project,REG-01
BUD-202601-DEP-001-CC-112-CAT-009,2026,Q1,January,DEP-001,CC-112,CAT-009,24881.45,Operating,REG-04
BUD-202601-DEP-002-CC-101-CAT-011,2026,Q1,January,DEP-002,CC-101,CAT-011,24793.6,Operating,REG-08
BUD-202601-DEP-002-CC-120-CAT-013,2026,Q1,January,DEP-002,CC-120,CAT-013,22577.31,Capital,REG-07
BUD-202601-DEP-002-CC-115-CAT-011,2026,Q1,January,DEP-002,CC-115,CAT-011,21815.57,Capital,REG-01
BUD-202601-DEP-002-CC-111-CAT-004,2026,Q1,January,DEP-002,CC-111,CAT-004,34024.82,Project,REG-05
BUD-202601-DEP-002-CC-108-CAT-009,2026,Q1,January,DEP-002,CC-108,CAT-009,17231.28,Operating,REG-08
BUD-202601-DEP-002-CC-103-CAT-006,2026,Q1,January,DEP-002,CC-103,CAT-006,23507.09,Project,REG-06
BUD-202601-DEP-002-CC-118-CAT-006,2026,Q1,January,DEP-002,CC-118,CAT-006,24029.1,Operating,REG-06
BUD-202601-DEP-002-CC-120-CAT-011,2026,Q1,January,DEP-002,CC-120,CAT-011,26164.57,Project,REG-03
BUD-202601-DEP-002-CC-110-CAT-008,2026,Q1,January,DEP-002,CC-110,CAT-008,26792.4,Capital,REG-07
BUD-202601-DEP-002-CC-104-CAT-014,2026,Q1,January,DEP-002,CC-104,CAT-014,19868.01,Operating,REG-04
BUD-202601-DEP-002-CC-114-CAT-015,2026,Q1,January,DEP-002,CC-114,CAT-015,24483.58,Operating,REG-01
BUD-202601-DEP-002-CC-111-CAT-001,2026,Q1,January,DEP-002,CC-111,CAT-001,25155.57,Capital,REG-04
BUD-202601-DEP-002-CC-101-CAT-006,2026,Q1,January,DEP-002,CC-101,CAT-006,21520.39,Operating,REG-02
BUD-202601-DEP-002-CC-101-CAT-014,2026,Q1,January,DEP-002,CC-101,CAT-014,21429.28,Capital,REG-04
BUD-202601-DEP-002-CC-104-CAT-006,2026,Q1,January,DEP-002,CC-104,CAT-006,24400.43,Operating,REG-06
BUD-202601-DEP-002-CC-101-CAT-011,2026,Q1,January,DEP-002,CC-101,CAT-011,22350.4,Operating,REG-05
BUD-202601-DEP-002-CC-119-CAT-015,2026,Q1,January,DEP-002,CC-119,CAT-015,23457.05,Operating,REG-04
BUD-202601-DEP-002-CC-107-CAT-009,2026,Q1,January,DEP-002,CC-107,CAT-009,17495.72,Operating,REG-06
BUD-202601-DEP-002-CC-106-CAT-008,2026,Q1,January,DEP-002,CC-106,CAT-008,28026.32,Operating,REG-04
BUD-202601-DEP-002-CC-108-CAT-002,2026,Q1,January,DEP-002,CC-108,CAT-002,15131.29,Operating,REG-08
BUD-202601-DEP-002-CC-119-CAT-010,2026,Q1,January,DEP-002,CC-119,CAT-010,18760.54,Operating,REG-02
BUD-202601-DEP-002-CC-114-CAT-001,2026,Q1,January,DEP-002,CC-114,CAT-001,29322.38,Project,REG-02
BUD-202601-DEP-002-CC-105-CAT-001,2026,Q1,January,DEP-002,CC-105,CAT-001,27286.79,Operating,REG-03
BUD-202601-DEP-002-CC-116-CAT-012,2026,Q1,January,DEP-002,CC-116,CAT-012,17937.2,Operating,REG-06
BUD-202601-DEP-002-CC-108-CAT-005,2026,Q1,January,DEP-002,CC-108,CAT-005,17428.28,Capital,REG-07
BUD-202601-DEP-002-CC-107-CAT-005,2026,Q1,January,DEP-002,CC-107,CAT-005,16702.54,Capital,REG-02
BUD-202601-DEP-002-CC-114-CAT-015,2026,Q1,January,DEP-002,CC-114,CAT-015,23857.55,Operating,REG-01
BUD-202601-DEP-002-CC-118-CAT-012,2026,Q1,January,DEP-002,CC-118,CAT-012,16469.1,Capital,REG-06
BUD-202601-DEP-002-CC-113-CAT-015,2026,Q1,January,DEP-002,CC-113,CAT-015,20292.8,Operating,REG-06
BUD-202601-DEP-002-CC-118-CAT-011,2026,Q1,January,DEP-002,CC-118,CAT-011,21212.44,Capital,REG-01
BUD-202601-DEP-003-CC-113-CAT-003,2026,Q1,January,DEP-003,CC-113,CAT-003,39420.49,Operating,REG-03
BUD-202601-DEP-003-CC-102-CAT-008,2026,Q1,January,DEP-003,CC-102,CAT-008,51472.71,Operating,REG-05
BUD-202601-DEP-003-CC-107-CAT-009,2026,Q1,January,DEP-003,CC-107,CAT-009,33672.51,Operating,REG-05
BUD-202601-DEP-003-CC-118-CAT-011,2026,Q1,January,DEP-003,CC-118,CAT-011,38727.89,Project,REG-04
BUD-202601-DEP-003-CC-120-CAT-012,2026,Q1,January,DEP-003,CC-120,CAT-012,26864.1,Capital,REG-01
BUD-202601-DEP-003-CC-110-CAT-015,2026,Q1,January,DEP-003,CC-110,CAT-015,36829.04,Operating,REG-05
BUD-202601-DEP-003-CC-103-CAT-013,2026,Q1,January,DEP-003,CC-103,CAT-013,46609.22,Operating,REG-03
BUD-202601-DEP-003-CC-118-CAT-008,2026,Q1,January,DEP-003,CC-118,CAT-008,47340.62,Departmental,REG-06
BUD-202601-DEP-003-CC-112-CAT-006,2026,Q1,January,DEP-003,CC-112,CAT-006,39438.53,Operating,REG-04
BUD-202601-DEP-003-CC-112-CAT-007,2026,Q1,January,DEP-003,CC-112,CAT-007,22886.25,Operating,REG-05
BUD-202601-DEP-003-CC-118-CAT-014,2026,Q1,January,DEP-003,CC-118,CAT-014,37046.7,Operating,REG-01
BUD-202601-DEP-003-CC-118-CAT-012,2026,Q1,January,DEP-003,CC-118,CAT-012,29437.42,Operating,REG-04
BUD-202601-DEP-003-CC-112-CAT-011,2026,Q1,January,DEP-003,CC-112,CAT-011,37741.74,Operating,REG-01
BUD-202601-DEP-003-CC-116-CAT-004,2026,Q1,January,DEP-003,CC-116,CAT-004,57673.29,Project,REG-04
BUD-202601-DEP-003-CC-112-CAT-001,2026,Q1,January,DEP-003,CC-112,CAT-001,48125.87,Operating,REG-08
BUD-202601-DEP-003-CC-113-CAT-008,2026,Q1,January,DEP-003,CC-113,CAT-008,50124.26,Project,REG-01
BUD-202601-DEP-003-CC-107-CAT-002,2026,Q1,January,DEP-003,CC-107,CAT-002,27846.32,Departmental,REG-04
BUD-202601-DEP-003-CC-119-CAT-005,2026,Q1,January,DEP-003,CC-119,CAT-005,33691.63,Operating,REG-04
BUD-202601-DEP-003-CC-101-CAT-010,2026,Q1,January,DEP-003,CC-101,CAT-010,31056.36,Departmental,REG-02
BUD-202601-DEP-003-CC-102-CAT-004,2026,Q1,January,DEP-003,CC-102,CAT-004,48985.24,Project,REG-03
BUD-202601-DEP-003-CC-103-CAT-015,2026,Q1,January,DEP-003,CC-103,CAT-015,32688.92,Operating,REG-02
BUD-202601-DEP-003-CC-118-CAT-011,2026,Q1,January,DEP-003,CC-118,CAT-011,36993.19,Operating,REG-05
BUD-202601-DEP-003-CC-110-CAT-003,2026,Q1,January,DEP-003,CC-110,CAT-003,38787.65,Project,REG-08
BUD-202601-DEP-003-CC-103-CAT-003,2026,Q1,January,DEP-003,CC-103,CAT-003,33823.52,Capital,REG-06
BUD-202601-DEP-003-CC-117-CAT-015,2026,Q1,January,DEP-003,CC-117,CAT-015,37309.54,Departmental,REG-06
BUD-202601-DEP-003-CC-120-CAT-012,2026,Q1,January,DEP-003,CC-120,CAT-012,25022.81,Departmental,REG-02
BUD-202601-DEP-003-CC-120-CAT-007,2026,Q1,January,DEP-003,CC-120,CAT-007,22888.0,Operating,REG-08
BUD-202601-DEP-003-CC-109-CAT-002,2026,Q1,January,DEP-003,CC-109,CAT-002,23566.47,Operating,REG-05
BUD-202601-DEP-003-CC-105-CAT-010,2026,Q1,January,DEP-003,CC-105,CAT-010,28404.41,Capital,REG-07
BUD-202601-DEP-003-CC-107-CAT-005,2026,Q1,January,DEP-003,CC-107,CAT-005,30743.98,Departmental,REG-01
BUD-202601-DEP-003-CC-101-CAT-001,2026,Q1,January,DEP-003,CC-101,CAT-001,42085.46,Operating,REG-08
BUD-202601-DEP-003-CC-116-CAT-012,2026,Q1,January,DEP-003,CC-116,CAT-012,29420.95,Operating,REG-05
BUD-202601-DEP-003-CC-114-CAT-003,2026,Q1,January,DEP-003,CC-114,CAT-003,36981.47,Capital,REG-02
BUD-202601-DEP-003-CC-115-CAT-007,2026,Q1,January,DEP-003,CC-115,CAT-007,24840.76,Capital,REG-06
BUD-202601-DEP-003-CC-116-CAT-008,2026,Q1,January,DEP-003,CC-116,CAT-008,44880.36,Operating,REG-02
BUD-202601-DEP-003-CC-117-CAT-011,2026,Q1,January,DEP-003,CC-117,CAT-011,39722.72,Project,REG-02
BUD-202601-DEP-003-CC-104-CAT-003,2026,Q1,January,DEP-003,CC-104,CAT-003,37845.67,Operating,REG-05
BUD-202601-DEP-003-CC-111-CAT-015,2026,Q1,January,DEP-003,CC-111,CAT-015,36552.89,Operating,REG-02
BUD-202601-DEP-003-CC-111-CAT-007,2026,Q1,January,DEP-003,CC-111,CAT-007,22519.66,Operating,REG-05
BUD-202601-DEP-003-CC-104-CAT-004,2026,Q1,January,DEP-003,CC-104,CAT-004,56680.6,Operating,REG-01
BUD-202601-DEP-003-CC-120-CAT-005,2026,Q1,January,DEP-003,CC-120,CAT-005,30208.0,Operating,REG-06
BUD-202601-DEP-004-CC-114-CAT-002,2026,Q1,January,DEP-004,CC-114,CAT-002,17654.08,Operating,REG-06
BUD-202601-DEP-004-CC-112-CAT-012,2026,Q1,January,DEP-004,CC-112,CAT-012,18937.27,Operating,REG-06
BUD-202601-DEP-004-CC-103-CAT-008,2026,Q1,January,DEP-004,CC-103,CAT-008,28897.03,Departmental,REG-03
BUD-202601-DEP-004-CC-106-CAT-015,2026,Q1,January,DEP-004,CC-106,CAT-015,24697.58,Operating,REG-03
BUD-202601-DEP-004-CC-120-CAT-005,2026,Q1,January,DEP-004,CC-120,CAT-005,22006.25,Operating,REG-05
BUD-202601-DEP-004-CC-113-CAT-007,2026,Q1,January,DEP-004,CC-113,CAT-007,14030.06,Operating,REG-07
BUD-202601-DEP-004-CC-106-CAT-010,2026,Q1,January,DEP-004,CC-106,CAT-010,20035.93,Operating,REG-06
BUD-202601-DEP-004-CC-101-CAT-010,2026,Q1,January,DEP-004,CC-101,CAT-010,19937.23,Operating,REG-07
BUD-202601-DEP-004-CC-102-CAT-015,2026,Q1,January,DEP-004,CC-102,CAT-015,27533.08,Operating,REG-01
BUD-202601-DEP-004-CC-111-CAT-009,2026,Q1,January,DEP-004,CC-111,CAT-009,20263.44,Operating,REG-04
BUD-202601-DEP-004-CC-119-CAT-005,2026,Q1,January,DEP-004,CC-119,CAT-005,22380.07,Project,REG-02
BUD-202601-DEP-004-CC-104-CAT-009,2026,Q1,January,DEP-004,CC-104,CAT-009,22858.46,Operating,REG-03
BUD-202601-DEP-004-CC-117-CAT-001,2026,Q1,January,DEP-004,CC-117,CAT-001,30630.94,Operating,REG-08
BUD-202601-DEP-004-CC-107-CAT-014,2026,Q1,January,DEP-004,CC-107,CAT-014,25680.42,Operating,REG-01
BUD-202601-DEP-004-CC-104-CAT-004,2026,Q1,January,DEP-004,CC-104,CAT-004,35513.99,Operating,REG-06
BUD-202601-DEP-004-CC-114-CAT-010,2026,Q1,January,DEP-004,CC-114,CAT-010,21532.19,Operating,REG-05
BUD-202601-DEP-004-CC-118-CAT-011,2026,Q1,January,DEP-004,CC-118,CAT-011,27073.51,Capital,REG-04
BUD-202601-DEP-004-CC-120-CAT-015,2026,Q1,January,DEP-004,CC-120,CAT-015,26709.58,Operating,REG-04
BUD-202601-DEP-004-CC-106-CAT-005,2026,Q1,January,DEP-004,CC-106,CAT-005,20726.86,Project,REG-01
BUD-202601-DEP-004-CC-120-CAT-006,2026,Q1,January,DEP-004,CC-120,CAT-006,24459.11,Operating,REG-01
BUD-202601-DEP-004-CC-119-CAT-011,2026,Q1,January,DEP-004,CC-119,CAT-011,26782.88,Operating,REG-05
BUD-202601-DEP-004-CC-104-CAT-007,2026,Q1,January,DEP-004,CC-104,CAT-007,14745.78,Operating,REG-02
BUD-202601-DEP-004-CC-115-CAT-010,2026,Q1,January,DEP-004,CC-115,CAT-010,17784.51,Operating,REG-06
BUD-202601-DEP-004-CC-108-CAT-003,2026,Q1,January,DEP-004,CC-108,CAT-003,26782.84,Operating,REG-01
BUD-202601-DEP-004-CC-108-CAT-009,2026,Q1,January,DEP-004,CC-108,CAT-009,22104.97,Capital,REG-01
BUD-202601-DEP-004-CC-103-CAT-011,2026,Q1,January,DEP-004,CC-103,CAT-011,25680.77,Departmental,REG-05
BUD-202601-DEP-004-CC-107-CAT-009,2026,Q1,January,DEP-004,CC-107,CAT-009,22317.42,Operating,REG-01
BUD-202601-DEP-004-CC-102-CAT-011,2026,Q1,January,DEP-004,CC-102,CAT-011,28380.39,Operating,REG-02
BUD-202601-DEP-004-CC-118-CAT-015,2026,Q1,January,DEP-004,CC-118,CAT-015,23391.53,Operating,REG-08
BUD-202601-DEP-004-CC-101-CAT-005,2026,Q1,January,DEP-004,CC-101,CAT-005,23169.84,Departmental,REG-04
BUD-202601-DEP-004-CC-107-CAT-015,2026,Q1,January,DEP-004,CC-107,CAT-015,23846.64,Operating,REG-07
BUD-202601-DEP-004-CC-115-CAT-005,2026,Q1,January,DEP-004,CC-115,CAT-005,21309.44,Departmental,REG-02
BUD-202601-DEP-004-CC-107-CAT-004,2026,Q1,January,DEP-004,CC-107,CAT-004,34477.3,Departmental,REG-01
BUD-202601-DEP-004-CC-102-CAT-009,2026,Q1,January,DEP-004,CC-102,CAT-009,20163.38,Operating,REG-08
BUD-202601-DEP-004-CC-107-CAT-009,2026,Q1,January,DEP-004,CC-107,CAT-009,21243.45,Project,REG-06
BUD-202601-DEP-004-CC-102-CAT-006,2026,Q1,January,DEP-004,CC-102,CAT-006,26104.72,Project,REG-07
BUD-202601-DEP-004-CC-102-CAT-009,2026,Q1,January,DEP-004,CC-102,CAT-009,23349.49,Capital,REG-06
BUD-202601-DEP-004-CC-115-CAT-006,2026,Q1,January,DEP-004,CC-115,CAT-006,25077.79,Capital,REG-01
BUD-202601-DEP-005-CC-104-CAT-005,2026,Q1,January,DEP-005,CC-104,CAT-005,23816.29,Operating,REG-06
BUD-202601-DEP-005-CC-109-CAT-011,2026,Q1,January,DEP-005,CC-109,CAT-011,33230.45,Operating,REG-01
BUD-202601-DEP-005-CC-101-CAT-008,2026,Q1,January,DEP-005,CC-101,CAT-008,33019.87,Departmental,REG-02
BUD-202601-DEP-005-CC-101-CAT-011,2026,Q1,January,DEP-005,CC-101,CAT-011,28204.15,Project,REG-04
BUD-202601-DEP-005-CC-118-CAT-008,2026,Q1,January,DEP-005,CC-118,CAT-008,32766.45,Capital,REG-07
BUD-202601-DEP-005-CC-107-CAT-002,2026,Q1,January,DEP-005,CC-107,CAT-002,20856.3,Operating,REG-08
BUD-202601-DEP-005-CC-107-CAT-006,2026,Q1,January,DEP-005,CC-107,CAT-006,28617.97,Project,REG-05
BUD-202601-DEP-005-CC-108-CAT-001,2026,Q1,January,DEP-005,CC-108,CAT-001,32421.2,Departmental,REG-03
BUD-202601-DEP-005-CC-102-CAT-005,2026,Q1,January,DEP-005,CC-102,CAT-005,26643.36,Operating,REG-01
BUD-202601-DEP-005-CC-112-CAT-010,2026,Q1,January,DEP-005,CC-112,CAT-010,25340.83,Departmental,REG-02
BUD-202601-DEP-005-CC-119-CAT-001,2026,Q1,January,DEP-005,CC-119,CAT-001,35573.73,Operating,REG-06
BUD-202601-DEP-005-CC-113-CAT-013,2026,Q1,January,DEP-005,CC-113,CAT-013,35837.84,Operating,REG-02
BUD-202601-DEP-005-CC-107-CAT-002,2026,Q1,January,DEP-005,CC-107,CAT-002,21394.35,Operating,REG-04
BUD-202601-DEP-005-CC-111-CAT-005,2026,Q1,January,DEP-005,CC-111,CAT-005,21157.18,Operating,REG-02
BUD-202601-DEP-005-CC-119-CAT-012,2026,Q1,January,DEP-005,CC-119,CAT-012,21968.57,Operating,REG-06
BUD-202601-DEP-005-CC-118-CAT-001,2026,Q1,January,DEP-005,CC-118,CAT-001,31577.47,Operating,REG-08
BUD-202601-DEP-005-CC-102-CAT-008,2026,Q1,January,DEP-005,CC-102,CAT-008,34363.35,Departmental,REG-07
BUD-202601-DEP-005-CC-116-CAT-011,2026,Q1,January,DEP-005,CC-116,CAT-011,29642.7,Departmental,REG-08
BUD-202601-DEP-005-CC-101-CAT-012,2026,Q1,January,DEP-005,CC-101,CAT-012,21362.18,Departmental,REG-01
BUD-202601-DEP-005-CC-120-CAT-009,2026,Q1,January,DEP-005,CC-120,CAT-009,22466.17,Operating,REG-04
BUD-202601-DEP-005-CC-118-CAT-005,2026,Q1,January,DEP-005,CC-118,CAT-005,23766.87,Operating,REG-07
BUD-202601-DEP-005-CC-104-CAT-010,2026,Q1,January,DEP-005,CC-104,CAT-010,21093.15,Departmental,REG-06
BUD-202601-DEP-005-CC-106-CAT-007,2026,Q1,January,DEP-005,CC-106,CAT-007,18891.69,Project,REG-06
BUD-202601-DEP-005-CC-102-CAT-013,2026,Q1,January,DEP-005,CC-102,CAT-013,32665.0,Operating,REG-04
BUD-202601-DEP-005-CC-108-CAT-009,2026,Q1,January,DEP-005,CC-108,CAT-009,27441.57,Operating,REG-02
BUD-202601-DEP-005-CC-110-CAT-008,2026,Q1,January,DEP-005,CC-110,CAT-008,33492.89,Departmental,REG-03
BUD-202601-DEP-005-CC-106-CAT-002,2026,Q1,January,DEP-005,CC-106,CAT-002,18274.77,Operating,REG-01
BUD-202601-DEP-005-CC-105-CAT-013,2026,Q1,January,DEP-005,CC-105,CAT-013,32967.0,Operating,REG-05
BUD-202601-DEP-005-CC-101-CAT-011,2026,Q1,January,DEP-005,CC-101,CAT-011,29198.19,Operating,REG-02
BUD-202601-DEP-005-CC-101-CAT-012,2026,Q1,January,DEP-005,CC-101,CAT-012,19872.57,Operating,REG-06
BUD-202601-DEP-005-CC-104-CAT-007,2026,Q1,January,DEP-005,CC-104,CAT-007,15917.88,Project,REG-04
BUD-202601-DEP-005-CC-117-CAT-009,2026,Q1,January,DEP-005,CC-117,CAT-009,23739.25,Operating,REG-01
BUD-202601-DEP-005-CC-115-CAT-006,2026,Q1,January,DEP-005,CC-115,CAT-006,31672.79,Operating,REG-07
BUD-202601-DEP-005-CC-116-CAT-004,2026,Q1,January,DEP-005,CC-116,CAT-004,45252.61,Operating,REG-07
BUD-202601-DEP-005-CC-109-CAT-009,2026,Q1,January,DEP-005,CC-109,CAT-009,28178.21,Operating,REG-05
BUD-202601-DEP-005-CC-101-CAT-004,2026,Q1,January,DEP-005,CC-101,CAT-004,38006.04,Operating,REG-08
BUD-202601-DEP-005-CC-104-CAT-012,2026,Q1,January,DEP-005,CC-104,CAT-012,19229.13,Operating,REG-03
BUD-202601-DEP-005-CC-105-CAT-006,2026,Q1,January,DEP-005,CC-105,CAT-006,32208.5,Capital,REG-04
BUD-202601-DEP-005-CC-114-CAT-011,2026,Q1,January,DEP-005,CC-114,CAT-011,32556.28,Project,REG-02
BUD-202601-DEP-005-CC-109-CAT-006,2026,Q1,January,DEP-005,CC-109,CAT-006,28892.15,Operating,REG-07
BUD-202601-DEP-005-CC-117-CAT-010,2026,Q1,January,DEP-005,CC-117,CAT-010,24141.43,Operating,REG-06
BUD-202601-DEP-005-CC-104-CAT-011,2026,Q1,January,DEP-005,CC-104,CAT-011,33433.53,Operating,REG-07
BUD-202601-DEP-005-CC-119-CAT-013,2026,Q1,January,DEP-005,CC-119,CAT-013,33772.49,Capital,REG-04
BUD-202601-DEP-005-CC-101-CAT-007,2026,Q1,January,DEP-005,CC-101,CAT-007,16336.64,Project,REG-03
BUD-202601-DEP-005-CC-118-CAT-004,2026,Q1,January,DEP-005,CC-118,CAT-004,38204.31,Capital,REG-04
BUD-202601-DEP-005-CC-109-CAT-014,2026,Q1,January,DEP-005,CC-109,CAT-014,27101.95,Capital,REG-07
BUD-202601-DEP-005-CC-113-CAT-011,2026,Q1,January,DEP-005,CC-113,CAT-011,27802.68,Operating,REG-05
BUD-202601-DEP-005-CC-109-CAT-009,2026,Q1,January,DEP-005,CC-109,CAT-009,25415.04,Operating,REG-04
BUD-202601-DEP-006-CC-112-CAT-012,2026,Q1,January,DEP-006,CC-112,CAT-012,13527.61,Operating,REG-08
BUD-202601-DEP-006-CC-119-CAT-015,2026,Q1,January,DEP-006,CC-119,CAT-015,21032.65,Departmental,REG-05
BUD-202601-DEP-006-CC-114-CAT-013,2026,Q1,January,DEP-006,CC-114,CAT-013,20462.93,Operating,REG-05
BUD-202601-DEP-006-CC-119-CAT-001,2026,Q1,January,DEP-006,CC-119,CAT-001,25346.46,Project,REG-01
BUD-202601-DEP-006-CC-104-CAT-005,2026,Q1,January,DEP-006,CC-104,CAT-005,15262.97,Operating,REG-01
BUD-202601-DEP-006-CC-113-CAT-012,2026,Q1,January,DEP-006,CC-113,CAT-012,13059.35,Capital,REG-02
BUD-202601-DEP-006-CC-120-CAT-013,2026,Q1,January,DEP-006,CC-120,CAT-013,23512.8,Operating,REG-07
BUD-202601-DEP-006-CC-109-CAT-007,2026,Q1,January,DEP-006,CC-109,CAT-007,11553.16,Operating,REG-03
BUD-202601-DEP-006-CC-118-CAT-001,2026,Q1,January,DEP-006,CC-118,CAT-001,25472.87,Operating,REG-03
BUD-202601-DEP-006-CC-106-CAT-002,2026,Q1,January,DEP-006,CC-106,CAT-002,14099.41,Departmental,REG-01
BUD-202601-DEP-006-CC-109-CAT-014,2026,Q1,January,DEP-006,CC-109,CAT-014,18447.4,Operating,REG-03
BUD-202601-DEP-006-CC-116-CAT-002,2026,Q1,January,DEP-006,CC-116,CAT-002,14358.88,Project,REG-05
BUD-202601-DEP-006-CC-115-CAT-009,2026,Q1,January,DEP-006,CC-115,CAT-009,17286.53,Capital,REG-03
BUD-202601-DEP-006-CC-112-CAT-014,2026,Q1,January,DEP-006,CC-112,CAT-014,16561.55,Departmental,REG-07
BUD-202601-DEP-006-CC-115-CAT-015,2026,Q1,January,DEP-006,CC-115,CAT-015,18945.57,Project,REG-07
BUD-202601-DEP-006-CC-109-CAT-006,2026,Q1,January,DEP-006,CC-109,CAT-006,19845.58,Operating,REG-02
BUD-202601-DEP-006-CC-116-CAT-005,2026,Q1,January,DEP-006,CC-116,CAT-005,16295.66,Project,REG-06
BUD-202601-DEP-006-CC-119-CAT-005,2026,Q1,January,DEP-006,CC-119,CAT-005,16533.76,Capital,REG-07
BUD-202601-DEP-006-CC-119-CAT-009,2026,Q1,January,DEP-006,CC-119,CAT-009,16894.61,Operating,REG-01
BUD-202601-DEP-006-CC-101-CAT-006,2026,Q1,January,DEP-006,CC-101,CAT-006,21280.39,Operating,REG-05
BUD-202601-DEP-006-CC-104-CAT-010,2026,Q1,January,DEP-006,CC-104,CAT-010,16192.22,Operating,REG-03
BUD-202601-DEP-006-CC-116-CAT-013,2026,Q1,January,DEP-006,CC-116,CAT-013,19954.6,Departmental,REG-06
BUD-202601-DEP-006-CC-112-CAT-003,2026,Q1,January,DEP-006,CC-112,CAT-003,17896.29,Operating,REG-07
BUD-202601-DEP-006-CC-104-CAT-014,2026,Q1,January,DEP-006,CC-104,CAT-014,17696.37,Project,REG-05
BUD-202601-DEP-006-CC-112-CAT-011,2026,Q1,January,DEP-006,CC-112,CAT-011,19125.47,Operating,REG-08
BUD-202601-DEP-006-CC-105-CAT-005,2026,Q1,January,DEP-006,CC-105,CAT-005,16580.39,Project,REG-05
BUD-202601-DEP-006-CC-102-CAT-012,2026,Q1,January,DEP-006,CC-102,CAT-012,15365.57,Project,REG-03
BUD-202601-DEP-006-CC-116-CAT-009,2026,Q1,January,DEP-006,CC-116,CAT-009,17855.14,Operating,REG-01
BUD-202601-DEP-006-CC-115-CAT-009,2026,Q1,January,DEP-006,CC-115,CAT-009,16029.69,Project,REG-01
BUD-202601-DEP-006-CC-105-CAT-002,2026,Q1,January,DEP-006,CC-105,CAT-002,15367.31,Capital,REG-07
BUD-202601-DEP-006-CC-114-CAT-007,2026,Q1,January,DEP-006,CC-114,CAT-007,12073.06,Capital,REG-01
BUD-202601-DEP-006-CC-119-CAT-013,2026,Q1,January,DEP-006,CC-119,CAT-013,21111.13,Operating,REG-05
BUD-202601-DEP-006-CC-118-CAT-013,2026,Q1,January,DEP-006,CC-118,CAT-013,22208.72,Capital,REG-06
BUD-202601-DEP-006-CC-116-CAT-015,2026,Q1,January,DEP-006,CC-116,CAT-015,20145.92,Capital,REG-07
BUD-202601-DEP-006-CC-111-CAT-009,2026,Q1,January,DEP-006,CC-111,CAT-009,15522.66,Capital,REG-05
BUD-202601-DEP-006-CC-119-CAT-006,2026,Q1,January,DEP-006,CC-119,CAT-006,23598.59,Operating,REG-07
BUD-202601-DEP-006-CC-114-CAT-013,2026,Q1,January,DEP-006,CC-114,CAT-013,20773.06,Capital,REG-06
BUD-202601-DEP-006-CC-119-CAT-010,2026,Q1,January,DEP-006,CC-119,CAT-010,14493.6,Capital,REG-03
BUD-202601-DEP-006-CC-102-CAT-010,2026,Q1,January,DEP-006,CC-102,CAT-010,14654.56,Operating,REG-05
BUD-202601-DEP-006-CC-109-CAT-009,2026,Q1,January,DEP-006,CC-109,CAT-009,18027.52,Capital,REG-08
BUD-202601-DEP-006-CC-116-CAT-009,2026,Q1,January,DEP-006,CC-116,CAT-009,18583.53,Project,REG-01
BUD-202601-DEP-006-CC-117-CAT-010,2026,Q1,January,DEP-006,CC-117,CAT-010,14762.28,Project,REG-07
BUD-202601-DEP-006-CC-116-CAT-007,2026,Q1,January,DEP-006,CC-116,CAT-007,11532.33,Departmental,REG-05
BUD-202601-DEP-006-CC-108-CAT-014,2026,Q1,January,DEP-006,CC-108,CAT-014,19774.59,Operating,REG-05
BUD-202601-DEP-006-CC-118-CAT-010,2026,Q1,January,DEP-006,CC-118,CAT-010,16863.65,Operating,REG-06
BUD-202601-DEP-007-CC-115-CAT-003,2026,Q1,January,DEP-007,CC-115,CAT-003,31757.76,Operating,REG-01
BUD-202601-DEP-007-CC-107-CAT-015,2026,Q1,January,DEP-007,CC-107,CAT-015,33322.38,Project,REG-06
BUD-202601-DEP-007-CC-103-CAT-015,2026,Q1,January,DEP-007,CC-103,CAT-015,38137.91,Operating,REG-05
BUD-202601-DEP-007-CC-118-CAT-010,2026,Q1,January,DEP-007,CC-118,CAT-010,26066.07,Departmental,REG-05
BUD-202601-DEP-007-CC-110-CAT-004,2026,Q1,January,DEP-007,CC-110,CAT-004,48412.4,Departmental,REG-01
BUD-202601-DEP-007-CC-113-CAT-010,2026,Q1,January,DEP-007,CC-113,CAT-010,25818.74,Project,REG-01
BUD-202601-DEP-007-CC-104-CAT-008,2026,Q1,January,DEP-007,CC-104,CAT-008,44312.69,Operating,REG-01
BUD-202601-DEP-007-CC-112-CAT-014,2026,Q1,January,DEP-007,CC-112,CAT-014,28280.42,Operating,REG-05
BUD-202601-DEP-007-CC-101-CAT-002,2026,Q1,January,DEP-007,CC-101,CAT-002,22500.03,Operating,REG-08
BUD-202601-DEP-007-CC-110-CAT-001,2026,Q1,January,DEP-007,CC-110,CAT-001,44762.54,Capital,REG-03
BUD-202601-DEP-007-CC-113-CAT-014,2026,Q1,January,DEP-007,CC-113,CAT-014,32500.68,Operating,REG-08
BUD-202601-DEP-007-CC-109-CAT-014,2026,Q1,January,DEP-007,CC-109,CAT-014,33759.53,Operating,REG-01
BUD-202601-DEP-007-CC-110-CAT-011,2026,Q1,January,DEP-007,CC-110,CAT-011,38694.19,Departmental,REG-04
BUD-202601-DEP-007-CC-116-CAT-012,2026,Q1,January,DEP-007,CC-116,CAT-012,25270.68,Operating,REG-02
BUD-202601-DEP-007-CC-114-CAT-004,2026,Q1,January,DEP-007,CC-114,CAT-004,48831.16,Operating,REG-06
BUD-202601-DEP-007-CC-103-CAT-010,2026,Q1,January,DEP-007,CC-103,CAT-010,29888.25,Operating,REG-03
BUD-202601-DEP-007-CC-107-CAT-001,2026,Q1,January,DEP-007,CC-107,CAT-001,42518.28,Departmental,REG-06
BUD-202601-DEP-007-CC-101-CAT-005,2026,Q1,January,DEP-007,CC-101,CAT-005,26654.32,Project,REG-08
BUD-202601-DEP-007-CC-113-CAT-014,2026,Q1,January,DEP-007,CC-113,CAT-014,29734.25,Project,REG-01
BUD-202601-DEP-007-CC-101-CAT-011,2026,Q1,January,DEP-007,CC-101,CAT-011,37399.11,Departmental,REG-03
BUD-202601-DEP-007-CC-102-CAT-010,2026,Q1,January,DEP-007,CC-102,CAT-010,26905.41,Project,REG-07
BUD-202601-DEP-007-CC-113-CAT-013,2026,Q1,January,DEP-007,CC-113,CAT-013,35521.18,Operating,REG-03
BUD-202601-DEP-007-CC-118-CAT-001,2026,Q1,January,DEP-007,CC-118,CAT-001,40472.19,Operating,REG-08
BUD-202601-DEP-007-CC-112-CAT-003,2026,Q1,January,DEP-007,CC-112,CAT-003,36559.62,Operating,REG-04
BUD-202601-DEP-007-CC-114-CAT-006,2026,Q1,January,DEP-007,CC-114,CAT-006,36184.32,Operating,REG-08
BUD-202601-DEP-007-CC-106-CAT-009,2026,Q1,January,DEP-007,CC-106,CAT-009,30925.97,Capital,REG-05
BUD-202601-DEP-007-CC-103-CAT-010,2026,Q1,January,DEP-007,CC-103,CAT-010,28955.01,Capital,REG-02
BUD-202601-DEP-007-CC-119-CAT-007,2026,Q1,January,DEP-007,CC-119,CAT-007,18523.38,Operating,REG-05
BUD-202601-DEP-007-CC-102-CAT-006,2026,Q1,January,DEP-007,CC-102,CAT-006,33577.76,Operating,REG-04
BUD-202601-DEP-007-CC-117-CAT-007,2026,Q1,January,DEP-007,CC-117,CAT-007,18955.11,Capital,REG-06
BUD-202601-DEP-007-CC-102-CAT-014,2026,Q1,January,DEP-007,CC-102,CAT-014,29509.65,Capital,REG-01
BUD-202601-DEP-007-CC-114-CAT-008,2026,Q1,January,DEP-007,CC-114,CAT-008,48128.03,Project,REG-02
BUD-202601-DEP-007-CC-115-CAT-006,2026,Q1,January,DEP-007,CC-115,CAT-006,35962.39,Operating,REG-01
BUD-202601-DEP-007-CC-108-CAT-006,2026,Q1,January,DEP-007,CC-108,CAT-006,34770.93,Project,REG-01
BUD-202601-DEP-007-CC-113-CAT-012,2026,Q1,January,DEP-007,CC-113,CAT-012,23162.05,Operating,REG-01
BUD-202601-DEP-007-CC-118-CAT-014,2026,Q1,January,DEP-007,CC-118,CAT-014,31145.77,Operating,REG-08
BUD-202601-DEP-007-CC-110-CAT-003,2026,Q1,January,DEP-007,CC-110,CAT-003,30833.0,Capital,REG-02
BUD-202601-DEP-007-CC-107-CAT-003,2026,Q1,January,DEP-007,CC-107,CAT-003,33245.4,Departmental,REG-07
BUD-202601-DEP-007-CC-108-CAT-009,2026,Q1,January,DEP-007,CC-108,CAT-009,32198.26,Operating,REG-02
BUD-202601-DEP-007-CC-103-CAT-006,2026,Q1,January,DEP-007,CC-103,CAT-006,37144.77,Capital,REG-05
BUD-202601-DEP-008-CC-107-CAT-015,2026,Q1,January,DEP-008,CC-107,CAT-015,22891.84,Project,REG-01
BUD-202601-DEP-008-CC-120-CAT-002,2026,Q1,January,DEP-008,CC-120,CAT-002,16791.59,Operating,REG-03
BUD-202601-DEP-008-CC-120-CAT-010,2026,Q1,January,DEP-008,CC-120,CAT-010,19030.61,Departmental,REG-02
BUD-202601-DEP-008-CC-116-CAT-002,2026,Q1,January,DEP-008,CC-116,CAT-002,17213.77,Operating,REG-07
BUD-202601-DEP-008-CC-108-CAT-011,2026,Q1,January,DEP-008,CC-108,CAT-011,25911.97,Operating,REG-07
BUD-202601-DEP-008-CC-112-CAT-004,2026,Q1,January,DEP-008,CC-112,CAT-004,31168.59,Project,REG-04
BUD-202601-DEP-008-CC-102-CAT-010,2026,Q1,January,DEP-008,CC-102,CAT-010,18821.09,Capital,REG-06
BUD-202601-DEP-008-CC-108-CAT-014,2026,Q1,January,DEP-008,CC-108,CAT-014,24126.0,Operating,REG-07
BUD-202601-DEP-008-CC-110-CAT-005,2026,Q1,January,DEP-008,CC-110,CAT-005,20466.57,Operating,REG-03
BUD-202601-DEP-008-CC-101-CAT-002,2026,Q1,January,DEP-008,CC-101,CAT-002,17223.64,Operating,REG-03
BUD-202601-DEP-008-CC-107-CAT-015,2026,Q1,January,DEP-008,CC-107,CAT-015,23193.19,Project,REG-01
BUD-202601-DEP-008-CC-119-CAT-002,2026,Q1,January,DEP-008,CC-119,CAT-002,18297.52,Operating,REG-02
BUD-202601-DEP-008-CC-109-CAT-007,2026,Q1,January,DEP-008,CC-109,CAT-007,15699.22,Operating,REG-08
BUD-202601-DEP-008-CC-101-CAT-013,2026,Q1,January,DEP-008,CC-101,CAT-013,24165.06,Operating,REG-08
BUD-202601-DEP-008-CC-113-CAT-002,2026,Q1,January,DEP-008,CC-113,CAT-002,18268.41,Project,REG-08
BUD-202601-DEP-008-CC-117-CAT-004,2026,Q1,January,DEP-008,CC-117,CAT-004,30979.13,Departmental,REG-03
BUD-202601-DEP-008-CC-110-CAT-005,2026,Q1,January,DEP-008,CC-110,CAT-005,21176.8,Operating,REG-07
BUD-202601-DEP-008-CC-103-CAT-004,2026,Q1,January,DEP-008,CC-103,CAT-004,36150.16,Project,REG-04
BUD-202601-DEP-008-CC-119-CAT-012,2026,Q1,January,DEP-008,CC-119,CAT-012,17528.67,Operating,REG-03
BUD-202601-DEP-008-CC-119-CAT-014,2026,Q1,January,DEP-008,CC-119,CAT-014,21153.94,Operating,REG-01
BUD-202601-DEP-008-CC-112-CAT-011,2026,Q1,January,DEP-008,CC-112,CAT-011,23103.05,Operating,REG-01
BUD-202601-DEP-008-CC-107-CAT-012,2026,Q1,January,DEP-008,CC-107,CAT-012,17198.67,Departmental,REG-03
BUD-202601-DEP-008-CC-116-CAT-013,2026,Q1,January,DEP-008,CC-116,CAT-013,28095.03,Operating,REG-08
BUD-202601-DEP-008-CC-111-CAT-004,2026,Q1,January,DEP-008,CC-111,CAT-004,32303.67,Capital,REG-03
BUD-202601-DEP-008-CC-103-CAT-009,2026,Q1,January,DEP-008,CC-103,CAT-009,21535.5,Operating,REG-03
BUD-202601-DEP-008-CC-103-CAT-010,2026,Q1,January,DEP-008,CC-103,CAT-010,20507.46,Departmental,REG-01
BUD-202601-DEP-008-CC-117-CAT-005,2026,Q1,January,DEP-008,CC-117,CAT-005,18375.13,Capital,REG-06
BUD-202601-DEP-008-CC-119-CAT-003,2026,Q1,January,DEP-008,CC-119,CAT-003,24902.35,Operating,REG-05
BUD-202601-DEP-008-CC-111-CAT-008,2026,Q1,January,DEP-008,CC-111,CAT-008,28216.82,Project,REG-05
BUD-202601-DEP-008-CC-101-CAT-015,2026,Q1,January,DEP-008,CC-101,CAT-015,23818.59,Operating,REG-07
BUD-202601-DEP-008-CC-117-CAT-001,2026,Q1,January,DEP-008,CC-117,CAT-001,29503.96,Operating,REG-01
BUD-202601-DEP-008-CC-118-CAT-004,2026,Q1,January,DEP-008,CC-118,CAT-004,32267.98,Operating,REG-07
BUD-202601-DEP-008-CC-115-CAT-006,2026,Q1,January,DEP-008,CC-115,CAT-006,28819.42,Operating,REG-07
BUD-202601-DEP-008-CC-118-CAT-002,2026,Q1,January,DEP-008,CC-118,CAT-002,18025.94,Operating,REG-04
BUD-202601-DEP-008-CC-112-CAT-001,2026,Q1,January,DEP-008,CC-112,CAT-001,27340.99,Project,REG-02
BUD-202601-DEP-008-CC-119-CAT-009,2026,Q1,January,DEP-008,CC-119,CAT-009,18522.23,Operating,REG-02
BUD-202601-DEP-008-CC-116-CAT-004,2026,Q1,January,DEP-008,CC-116,CAT-004,32007.8,Operating,REG-02
BUD-202601-DEP-008-CC-107-CAT-003,2026,Q1,January,DEP-008,CC-107,CAT-003,20784.5,Operating,REG-06
BUD-202601-DEP-008-CC-116-CAT-003,2026,Q1,January,DEP-008,CC-116,CAT-003,22964.42,Operating,REG-03
BUD-202601-DEP-008-CC-109-CAT-011,2026,Q1,January,DEP-008,CC-109,CAT-011,25474.15,Operating,REG-05
BUD-202601-DEP-008-CC-110-CAT-009,2026,Q1,January,DEP-008,CC-110,CAT-009,20197.46,Departmental,REG-04
BUD-202601-DEP-008-CC-114-CAT-012,2026,Q1,January,DEP-008,CC-114,CAT-012,17777.48,Operating,REG-07
BUD-202601-DEP-008-CC-106-CAT-003,2026,Q1,January,DEP-008,CC-106,CAT-003,21965.49,Operating,REG-07
BUD-202601-DEP-008-CC-115-CAT-015,2026,Q1,January,DEP-008,CC-115,CAT-015,23283.0,Operating,REG-08
BUD-202601-DEP-008-CC-117-CAT-004,2026,Q1,January,DEP-008,CC-117,CAT-004,34056.79,Operating,REG-04
BUD-202601-DEP-009-CC-109-CAT-006,2026,Q1,January,DEP-009,CC-109,CAT-006,40535.06,Departmental,REG-03
BUD-202601-DEP-009-CC-118-CAT-014,2026,Q1,January,DEP-009,CC-118,CAT-014,34529.02,Operating,REG-01
BUD-202601-DEP-009-CC-115-CAT-005,2026,Q1,January,DEP-009,CC-115,CAT-005,34602.55,Project,REG-08
BUD-202601-DEP-009-CC-101-CAT-013,2026,Q1,January,DEP-009,CC-101,CAT-013,48615.63,Operating,REG-01
BUD-202601-DEP-009-CC-110-CAT-013,2026,Q1,January,DEP-009,CC-110,CAT-013,47205.09,Operating,REG-01
BUD-202601-DEP-009-CC-116-CAT-008,2026,Q1,January,DEP-009,CC-116,CAT-008,57736.22,Departmental,REG-07
BUD-202601-DEP-009-CC-106-CAT-002,2026,Q1,January,DEP-009,CC-106,CAT-002,26465.91,Operating,REG-01
BUD-202601-DEP-009-CC-105-CAT-001,2026,Q1,January,DEP-009,CC-105,CAT-001,50673.7,Capital,REG-05
BUD-202601-DEP-009-CC-118-CAT-006,2026,Q1,January,DEP-009,CC-118,CAT-006,42251.64,Departmental,REG-01
BUD-202601-DEP-009-CC-113-CAT-003,2026,Q1,January,DEP-009,CC-113,CAT-003,39793.54,Operating,REG-01
BUD-202601-DEP-009-CC-117-CAT-010,2026,Q1,January,DEP-009,CC-117,CAT-010,33339.45,Operating,REG-02
BUD-202601-DEP-009-CC-108-CAT-014,2026,Q1,January,DEP-009,CC-108,CAT-014,40648.28,Operating,REG-05
BUD-202601-DEP-009-CC-108-CAT-008,2026,Q1,January,DEP-009,CC-108,CAT-008,46665.6,Project,REG-05
BUD-202601-DEP-009-CC-105-CAT-012,2026,Q1,January,DEP-009,CC-105,CAT-012,27013.32,Project,REG-03
BUD-202601-DEP-009-CC-116-CAT-012,2026,Q1,January,DEP-009,CC-116,CAT-012,31558.16,Operating,REG-05
BUD-202601-DEP-009-CC-105-CAT-011,2026,Q1,January,DEP-009,CC-105,CAT-011,42643.29,Project,REG-05
BUD-202601-DEP-009-CC-106-CAT-010,2026,Q1,January,DEP-009,CC-106,CAT-010,35908.39,Operating,REG-02
BUD-202601-DEP-009-CC-104-CAT-014,2026,Q1,January,DEP-009,CC-104,CAT-014,38537.49,Operating,REG-03
BUD-202601-DEP-009-CC-109-CAT-015,2026,Q1,January,DEP-009,CC-109,CAT-015,44467.76,Departmental,REG-02
BUD-202601-DEP-009-CC-105-CAT-002,2026,Q1,January,DEP-009,CC-105,CAT-002,27418.03,Departmental,REG-04
BUD-202601-DEP-009-CC-113-CAT-008,2026,Q1,January,DEP-009,CC-113,CAT-008,56645.56,Capital,REG-05
BUD-202601-DEP-009-CC-113-CAT-012,2026,Q1,January,DEP-009,CC-113,CAT-012,31936.25,Operating,REG-01
BUD-202601-DEP-009-CC-120-CAT-001,2026,Q1,January,DEP-009,CC-120,CAT-001,45389.89,Operating,REG-03
BUD-202601-DEP-009-CC-114-CAT-012,2026,Q1,January,DEP-009,CC-114,CAT-012,28673.21,Operating,REG-06
BUD-202601-DEP-009-CC-117-CAT-005,2026,Q1,January,DEP-009,CC-117,CAT-005,34301.76,Operating,REG-07
BUD-202601-DEP-009-CC-106-CAT-007,2026,Q1,January,DEP-009,CC-106,CAT-007,23848.65,Operating,REG-07
BUD-202601-DEP-009-CC-119-CAT-004,2026,Q1,January,DEP-009,CC-119,CAT-004,51961.57,Capital,REG-08
BUD-202601-DEP-009-CC-111-CAT-005,2026,Q1,January,DEP-009,CC-111,CAT-005,34782.82,Departmental,REG-08
BUD-202601-DEP-009-CC-117-CAT-014,2026,Q1,January,DEP-009,CC-117,CAT-014,41172.03,Operating,REG-03
BUD-202601-DEP-009-CC-115-CAT-015,2026,Q1,January,DEP-009,CC-115,CAT-015,42013.66,Operating,REG-02
BUD-202601-DEP-009-CC-109-CAT-001,2026,Q1,January,DEP-009,CC-109,CAT-001,47817.63,Operating,REG-07
BUD-202601-DEP-009-CC-101-CAT-003,2026,Q1,January,DEP-009,CC-101,CAT-003,36209.43,Operating,REG-06
BUD-202601-DEP-009-CC-104-CAT-002,2026,Q1,January,DEP-009,CC-104,CAT-002,31605.32,Operating,REG-03
BUD-202601-DEP-009-CC-113-CAT-002,2026,Q1,January,DEP-009,CC-113,CAT-002,29044.6,Operating,REG-06
BUD-202601-DEP-009-CC-106-CAT-005,2026,Q1,January,DEP-009,CC-106,CAT-005,37421.69,Operating,REG-04
BUD-202601-DEP-009-CC-116-CAT-012,2026,Q1,January,DEP-009,CC-116,CAT-012,26898.86,Operating,REG-07
BUD-202601-DEP-009-CC-112-CAT-001,2026,Q1,January,DEP-009,CC-112,CAT-001,50906.18,Capital,REG-04
BUD-202601-DEP-009-CC-116-CAT-006,2026,Q1,January,DEP-009,CC-116,CAT-006,43595.47,Operating,REG-07
BUD-202601-DEP-009-CC-109-CAT-001,2026,Q1,January,DEP-009,CC-109,CAT-001,43786.96,Operating,REG-05
BUD-202601-DEP-009-CC-115-CAT-011,2026,Q1,January,DEP-009,CC-115,CAT-011,40181.89,Operating,REG-04
BUD-202601-DEP-009-CC-111-CAT-005,2026,Q1,January,DEP-009,CC-111,CAT-005,31738.33,Operating,REG-01
BUD-202601-DEP-009-CC-110-CAT-015,2026,Q1,January,DEP-009,CC-110,CAT-015,37661.62,Departmental,REG-07
BUD-202601-DEP-009-CC-116-CAT-004,2026,Q1,January,DEP-009,CC-116,CAT-004,60461.62,Project,REG-01
BUD-202601-DEP-009-CC-109-CAT-001,2026,Q1,January,DEP-009,CC-109,CAT-001,44566.87,Operating,REG-05
BUD-202601-DEP-009-CC-104-CAT-004,2026,Q1,January,DEP-009,CC-104,CAT-004,59309.04,Operating,REG-03
BUD-202601-DEP-010-CC-114-CAT-001,2026,Q1,January,DEP-010,CC-114,CAT-001,34093.03,Departmental,REG-05
BUD-202601-DEP-010-CC-114-CAT-009,2026,Q1,January,DEP-010,CC-114,CAT-009,22604.0,Operating,REG-07
BUD-202601-DEP-010-CC-102-CAT-013,2026,Q1,January,DEP-010,CC-102,CAT-013,27208.55,Operating,REG-03
BUD-202601-DEP-010-CC-118-CAT-002,2026,Q1,January,DEP-010,CC-118,CAT-002,17802.15,Departmental,REG-05
BUD-202601-DEP-010-CC-109-CAT-003,2026,Q1,January,DEP-010,CC-109,CAT-003,24481.96,Operating,REG-01
BUD-202601-DEP-010-CC-120-CAT-004,2026,Q1,January,DEP-010,CC-120,CAT-004,39494.17,Operating,REG-06
BUD-202601-DEP-010-CC-109-CAT-014,2026,Q1,January,DEP-010,CC-109,CAT-014,23857.78,Operating,REG-07
BUD-202601-DEP-010-CC-120-CAT-013,2026,Q1,January,DEP-010,CC-120,CAT-013,31506.91,Operating,REG-02
BUD-202601-DEP-010-CC-108-CAT-002,2026,Q1,January,DEP-010,CC-108,CAT-002,19446.1,Operating,REG-01
BUD-202601-DEP-010-CC-101-CAT-003,2026,Q1,January,DEP-010,CC-101,CAT-003,27547.06,Operating,REG-06
BUD-202601-DEP-010-CC-118-CAT-013,2026,Q1,January,DEP-010,CC-118,CAT-013,33175.12,Operating,REG-06
BUD-202601-DEP-010-CC-107-CAT-004,2026,Q1,January,DEP-010,CC-107,CAT-004,39391.9,Capital,REG-04
BUD-202601-DEP-010-CC-102-CAT-015,2026,Q1,January,DEP-010,CC-102,CAT-015,25063.39,Operating,REG-08
BUD-202601-DEP-010-CC-110-CAT-005,2026,Q1,January,DEP-010,CC-110,CAT-005,20040.72,Departmental,REG-07
BUD-202601-DEP-010-CC-106-CAT-004,2026,Q1,January,DEP-010,CC-106,CAT-004,33060.65,Departmental,REG-02
BUD-202601-DEP-010-CC-103-CAT-008,2026,Q1,January,DEP-010,CC-103,CAT-008,32085.55,Capital,REG-07
BUD-202601-DEP-010-CC-119-CAT-005,2026,Q1,January,DEP-010,CC-119,CAT-005,21846.32,Operating,REG-08
BUD-202601-DEP-010-CC-106-CAT-009,2026,Q1,January,DEP-010,CC-106,CAT-009,24171.73,Departmental,REG-01
BUD-202601-DEP-010-CC-105-CAT-007,2026,Q1,January,DEP-010,CC-105,CAT-007,17540.99,Operating,REG-02
BUD-202601-DEP-010-CC-117-CAT-008,2026,Q1,January,DEP-010,CC-117,CAT-008,34911.55,Departmental,REG-06
BUD-202601-DEP-010-CC-108-CAT-004,2026,Q1,January,DEP-010,CC-108,CAT-004,37061.75,Capital,REG-01
BUD-202601-DEP-010-CC-102-CAT-001,2026,Q1,January,DEP-010,CC-102,CAT-001,29136.92,Operating,REG-06
BUD-202601-DEP-010-CC-110-CAT-001,2026,Q1,January,DEP-010,CC-110,CAT-001,30211.09,Capital,REG-02
BUD-202601-DEP-010-CC-106-CAT-003,2026,Q1,January,DEP-010,CC-106,CAT-003,27607.22,Operating,REG-02
BUD-202601-DEP-010-CC-115-CAT-015,2026,Q1,January,DEP-010,CC-115,CAT-015,26951.83,Operating,REG-08
BUD-202601-DEP-010-CC-118-CAT-002,2026,Q1,January,DEP-010,CC-118,CAT-002,18142.12,Departmental,REG-03
BUD-202601-DEP-010-CC-102-CAT-006,2026,Q1,January,DEP-010,CC-102,CAT-006,30966.67,Operating,REG-01
BUD-202601-DEP-010-CC-103-CAT-006,2026,Q1,January,DEP-010,CC-103,CAT-006,27091.92,Operating,REG-06
BUD-202601-DEP-010-CC-115-CAT-011,2026,Q1,January,DEP-010,CC-115,CAT-011,29526.47,Operating,REG-04
BUD-202601-DEP-010-CC-112-CAT-015,2026,Q1,January,DEP-010,CC-112,CAT-015,27113.37,Operating,REG-05
BUD-202601-DEP-010-CC-108-CAT-001,2026,Q1,January,DEP-010,CC-108,CAT-001,31901.37,Operating,REG-06
BUD-202601-DEP-010-CC-111-CAT-015,2026,Q1,January,DEP-010,CC-111,CAT-015,28470.46,Departmental,REG-08
BUD-202601-DEP-010-CC-105-CAT-014,2026,Q1,January,DEP-010,CC-105,CAT-014,26718.3,Operating,REG-08
BUD-202601-DEP-010-CC-104-CAT-006,2026,Q1,January,DEP-010,CC-104,CAT-006,26154.81,Capital,REG-02
BUD-202601-DEP-010-CC-111-CAT-014,2026,Q1,January,DEP-010,CC-111,CAT-014,22451.98,Capital,REG-06
BUD-202607-DEP-001-CC-117-CAT-009,2026,Q3,July,DEP-001,CC-117,CAT-009,33247.19,Operating,REG-07
BUD-202607-DEP-001-CC-112-CAT-008,2026,Q3,July,DEP-001,CC-112,CAT-008,46002.63,Operating,REG-08
BUD-202607-DEP-001-CC-120-CAT-009,2026,Q3,July,DEP-001,CC-120,CAT-009,29879.08,Operating,REG-01
BUD-202607-DEP-001-CC-103-CAT-002,2026,Q3,July,DEP-001,CC-103,CAT-002,27176.79,Departmental,REG-07
BUD-202607-DEP-001-CC-120-CAT-007,2026,Q3,July,DEP-001,CC-120,CAT-007,22603.29,Operating,REG-06
BUD-202607-DEP-001-CC-101-CAT-013,2026,Q3,July,DEP-001,CC-101,CAT-013,39420.77,Operating,REG-07
BUD-202607-DEP-001-CC-117-CAT-001,2026,Q3,July,DEP-001,CC-117,CAT-001,44516.08,Capital,REG-07
BUD-202607-DEP-001-CC-105-CAT-008,2026,Q3,July,DEP-001,CC-105,CAT-008,45506.89,Capital,REG-07
BUD-202607-DEP-001-CC-120-CAT-013,2026,Q3,July,DEP-001,CC-120,CAT-013,48002.63,Operating,REG-05
BUD-202607-DEP-001-CC-114-CAT-003,2026,Q3,July,DEP-001,CC-114,CAT-003,40934.97,Operating,REG-03
BUD-202607-DEP-001-CC-115-CAT-012,2026,Q3,July,DEP-001,CC-115,CAT-012,28437.81,Project,REG-06
BUD-202607-DEP-001-CC-106-CAT-007,2026,Q3,July,DEP-001,CC-106,CAT-007,24586.58,Capital,REG-04
BUD-202607-DEP-001-CC-104-CAT-001,2026,Q3,July,DEP-001,CC-104,CAT-001,47459.79,Capital,REG-02
BUD-202607-DEP-001-CC-113-CAT-012,2026,Q3,July,DEP-001,CC-113,CAT-012,25802.13,Operating,REG-03
BUD-202607-DEP-001-CC-111-CAT-002,2026,Q3,July,DEP-001,CC-111,CAT-002,27469.68,Operating,REG-06
BUD-202607-DEP-001-CC-112-CAT-001,2026,Q3,July,DEP-001,CC-112,CAT-001,45337.33,Departmental,REG-04
BUD-202607-DEP-001-CC-115-CAT-003,2026,Q3,July,DEP-001,CC-115,CAT-003,35570.86,Operating,REG-03
BUD-202607-DEP-001-CC-110-CAT-009,2026,Q3,July,DEP-001,CC-110,CAT-009,29759.54,Operating,REG-05
BUD-202607-DEP-001-CC-103-CAT-011,2026,Q3,July,DEP-001,CC-103,CAT-011,37350.49,Departmental,REG-06
BUD-202607-DEP-001-CC-101-CAT-014,2026,Q3,July,DEP-001,CC-101,CAT-014,38943.48,Departmental,REG-01
BUD-202607-DEP-001-CC-116-CAT-001,2026,Q3,July,DEP-001,CC-116,CAT-001,47652.31,Project,REG-07
BUD-202607-DEP-001-CC-102-CAT-012,2026,Q3,July,DEP-001,CC-102,CAT-012,31192.92,Project,REG-01
BUD-202607-DEP-001-CC-110-CAT-009,2026,Q3,July,DEP-001,CC-110,CAT-009,30806.14,Operating,REG-01
BUD-202607-DEP-001-CC-109-CAT-013,2026,Q3,July,DEP-001,CC-109,CAT-013,45953.02,Operating,REG-03
BUD-202607-DEP-001-CC-106-CAT-014,2026,Q3,July,DEP-001,CC-106,CAT-014,31813.65,Operating,REG-07
BUD-202607-DEP-001-CC-116-CAT-015,2026,Q3,July,DEP-001,CC-116,CAT-015,40561.66,Departmental,REG-07
BUD-202607-DEP-001-CC-108-CAT-007,2026,Q3,July,DEP-001,CC-108,CAT-007,25299.8,Project,REG-01
BUD-202607-DEP-001-CC-116-CAT-002,2026,Q3,July,DEP-001,CC-116,CAT-002,26947.18,Departmental,REG-08
BUD-202607-DEP-001-CC-118-CAT-002,2026,Q3,July,DEP-001,CC-118,CAT-002,26272.01,Operating,REG-01
BUD-202607-DEP-001-CC-116-CAT-004,2026,Q3,July,DEP-001,CC-116,CAT-004,53118.14,Operating,REG-02
BUD-202607-DEP-001-CC-111-CAT-007,2026,Q3,July,DEP-001,CC-111,CAT-007,21552.16,Operating,REG-08
BUD-202607-DEP-001-CC-108-CAT-002,2026,Q3,July,DEP-001,CC-108,CAT-002,29495.03,Project,REG-08
BUD-202607-DEP-001-CC-109-CAT-011,2026,Q3,July,DEP-001,CC-109,CAT-011,40031.64,Operating,REG-07
BUD-202607-DEP-001-CC-111-CAT-010,2026,Q3,July,DEP-001,CC-111,CAT-010,27461.52,Operating,REG-07
BUD-202607-DEP-001-CC-113-CAT-007,2026,Q3,July,DEP-001,CC-113,CAT-007,25221.23,Operating,REG-05
BUD-202607-DEP-001-CC-109-CAT-007,2026,Q3,July,DEP-001,CC-109,CAT-007,26244.44,Operating,REG-03
BUD-202607-DEP-001-CC-117-CAT-003,2026,Q3,July,DEP-001,CC-117,CAT-003,38572.35,Operating,REG-01
BUD-202607-DEP-001-CC-117-CAT-007,2026,Q3,July,DEP-001,CC-117,CAT-007,23637.66,Operating,REG-02
BUD-202607-DEP-001-CC-107-CAT-009,2026,Q3,July,DEP-001,CC-107,CAT-009,35536.5,Departmental,REG-05
BUD-202607-DEP-001-CC-111-CAT-012,2026,Q3,July,DEP-001,CC-111,CAT-012,27686.1,Operating,REG-03
BUD-202607-DEP-001-CC-120-CAT-003,2026,Q3,July,DEP-001,CC-120,CAT-003,33697.46,Operating,REG-01
BUD-202607-DEP-001-CC-111-CAT-008,2026,Q3,July,DEP-001,CC-111,CAT-008,46039.24,Capital,REG-04
BUD-202607-DEP-001-CC-110-CAT-014,2026,Q3,July,DEP-001,CC-110,CAT-014,34044.34,Capital,REG-05
BUD-202607-DEP-001-CC-114-CAT-006,2026,Q3,July,DEP-001,CC-114,CAT-006,39940.05,Capital,REG-02
BUD-202607-DEP-001-CC-118-CAT-013,2026,Q3,July,DEP-001,CC-118,CAT-013,44085.23,Departmental,REG-08
BUD-202607-DEP-001-CC-105-CAT-008,2026,Q3,July,DEP-001,CC-105,CAT-008,47953.49,Departmental,REG-07
BUD-202607-DEP-001-CC-116-CAT-014,2026,Q3,July,DEP-001,CC-116,CAT-014,37836.89,Departmental,REG-03
BUD-202607-DEP-001-CC-116-CAT-003,2026,Q3,July,DEP-001,CC-116,CAT-003,39029.41,Operating,REG-03
BUD-202607-DEP-001-CC-120-CAT-006,2026,Q3,July,DEP-001,CC-120,CAT-006,39482.73,Operating,REG-06
BUD-202607-DEP-001-CC-101-CAT-004,2026,Q3,July,DEP-001,CC-101,CAT-004,48212.2,Project,REG-07
BUD-202607-DEP-001-CC-101-CAT-014,2026,Q3,July,DEP-001,CC-101,CAT-014,36443.24,Departmental,REG-04
BUD-202607-DEP-001-CC-113-CAT-012,2026,Q3,July,DEP-001,CC-113,CAT-012,27641.95,Capital,REG-08
BUD-202607-DEP-001-CC-117-CAT-011,2026,Q3,July,DEP-001,CC-117,CAT-011,36310.56,Operating,REG-05
BUD-202607-DEP-001-CC-116-CAT-003,2026,Q3,July,DEP-001,CC-116,CAT-003,35281.57,Operating,REG-04
BUD-202607-DEP-001-CC-102-CAT-007,2026,Q3,July,DEP-001,CC-102,CAT-007,21008.58,Project,REG-07
BUD-202607-DEP-001-CC-108-CAT-004,2026,Q3,July,DEP-001,CC-108,CAT-004,52128.46,Operating,REG-08
BUD-202607-DEP-001-CC-105-CAT-014,2026,Q3,July,DEP-001,CC-105,CAT-014,39278.74,Operating,REG-05
BUD-202607-DEP-001-CC-114-CAT-014,2026,Q3,July,DEP-001,CC-114,CAT-014,37132.9,Operating,REG-08
BUD-202607-DEP-001-CC-107-CAT-014,2026,Q3,July,DEP-001,CC-107,CAT-014,36099.41,Capital,REG-08
BUD-202607-DEP-001-CC-103-CAT-011,2026,Q3,July,DEP-001,CC-103,CAT-011,36665.94,Capital,REG-01
BUD-202607-DEP-001-CC-115-CAT-001,2026,Q3,July,DEP-001,CC-115,CAT-001,40491.56,Capital,REG-07
BUD-202607-DEP-001-CC-118-CAT-006,2026,Q3,July,DEP-001,CC-118,CAT-006,41370.08,Operating,REG-05
BUD-202607-DEP-001-CC-104-CAT-001,2026,Q3,July,DEP-001,CC-104,CAT-001,44497.43,Project,REG-05
BUD-202607-DEP-002-CC-102-CAT-012,2026,Q3,July,DEP-002,CC-102,CAT-012,22191.83,Project,REG-08
BUD-202607-DEP-002-CC-114-CAT-015,2026,Q3,July,DEP-002,CC-114,CAT-015,30139.17,Operating,REG-05
BUD-202607-DEP-002-CC-119-CAT-010,2026,Q3,July,DEP-002,CC-119,CAT-010,23857.78,Departmental,REG-01
BUD-202607-DEP-002-CC-108-CAT-007,2026,Q3,July,DEP-002,CC-108,CAT-007,14757.69,Departmental,REG-04
BUD-202607-DEP-002-CC-102-CAT-011,2026,Q3,July,DEP-002,CC-102,CAT-011,30299.31,Operating,REG-05
BUD-202607-DEP-002-CC-118-CAT-014,2026,Q3,July,DEP-002,CC-118,CAT-014,27744.12,Operating,REG-01
BUD-202607-DEP-002-CC-107-CAT-008,2026,Q3,July,DEP-002,CC-107,CAT-008,35232.24,Departmental,REG-02
BUD-202607-DEP-002-CC-101-CAT-011,2026,Q3,July,DEP-002,CC-101,CAT-011,27152.17,Project,REG-02
BUD-202607-DEP-002-CC-115-CAT-007,2026,Q3,July,DEP-002,CC-115,CAT-007,18334.5,Operating,REG-07
BUD-202607-DEP-002-CC-112-CAT-003,2026,Q3,July,DEP-002,CC-112,CAT-003,23572.79,Project,REG-01
BUD-202607-DEP-002-CC-108-CAT-005,2026,Q3,July,DEP-002,CC-108,CAT-005,23225.05,Operating,REG-02
BUD-202607-DEP-002-CC-115-CAT-002,2026,Q3,July,DEP-002,CC-115,CAT-002,18977.44,Operating,REG-03
BUD-202607-DEP-002-CC-115-CAT-013,2026,Q3,July,DEP-002,CC-115,CAT-013,30756.63,Departmental,REG-06
BUD-202607-DEP-002-CC-113-CAT-008,2026,Q3,July,DEP-002,CC-113,CAT-008,37625.38,Departmental,REG-08
BUD-202607-DEP-002-CC-118-CAT-006,2026,Q3,July,DEP-002,CC-118,CAT-006,30490.58,Capital,REG-04
BUD-202607-DEP-002-CC-103-CAT-011,2026,Q3,July,DEP-002,CC-103,CAT-011,27903.81,Operating,REG-06
BUD-202607-DEP-002-CC-116-CAT-005,2026,Q3,July,DEP-002,CC-116,CAT-005,21953.76,Departmental,REG-04
BUD-202607-DEP-002-CC-109-CAT-007,2026,Q3,July,DEP-002,CC-109,CAT-007,15847.7,Departmental,REG-04
BUD-202607-DEP-002-CC-106-CAT-012,2026,Q3,July,DEP-002,CC-106,CAT-012,21424.54,Operating,REG-07
BUD-202607-DEP-002-CC-108-CAT-013,2026,Q3,July,DEP-002,CC-108,CAT-013,28273.55,Project,REG-06
BUD-202607-DEP-002-CC-104-CAT-012,2026,Q3,July,DEP-002,CC-104,CAT-012,22188.9,Operating,REG-02
BUD-202607-DEP-002-CC-107-CAT-004,2026,Q3,July,DEP-002,CC-107,CAT-004,36729.15,Operating,REG-07
BUD-202607-DEP-002-CC-113-CAT-009,2026,Q3,July,DEP-002,CC-113,CAT-009,25935.97,Departmental,REG-01
BUD-202607-DEP-002-CC-104-CAT-015,2026,Q3,July,DEP-002,CC-104,CAT-015,25377.94,Operating,REG-05
BUD-202607-DEP-002-CC-101-CAT-010,2026,Q3,July,DEP-002,CC-101,CAT-010,23830.94,Operating,REG-04
BUD-202607-DEP-002-CC-104-CAT-008,2026,Q3,July,DEP-002,CC-104,CAT-008,34104.92,Operating,REG-01
BUD-202607-DEP-002-CC-118-CAT-015,2026,Q3,July,DEP-002,CC-118,CAT-015,29734.44,Operating,REG-04
BUD-202607-DEP-002-CC-102-CAT-009,2026,Q3,July,DEP-002,CC-102,CAT-009,22832.01,Operating,REG-07
BUD-202607-DEP-002-CC-101-CAT-006,2026,Q3,July,DEP-002,CC-101,CAT-006,31362.61,Departmental,REG-08
BUD-202607-DEP-002-CC-114-CAT-006,2026,Q3,July,DEP-002,CC-114,CAT-006,28187.77,Operating,REG-01
BUD-202607-DEP-002-CC-113-CAT-014,2026,Q3,July,DEP-002,CC-113,CAT-014,26710.82,Capital,REG-03
BUD-202607-DEP-002-CC-110-CAT-001,2026,Q3,July,DEP-002,CC-110,CAT-001,29597.0,Capital,REG-05
BUD-202607-DEP-002-CC-119-CAT-015,2026,Q3,July,DEP-002,CC-119,CAT-015,25099.59,Project,REG-03
BUD-202607-DEP-002-CC-107-CAT-002,2026,Q3,July,DEP-002,CC-107,CAT-002,20910.33,Operating,REG-02
BUD-202607-DEP-002-CC-104-CAT-003,2026,Q3,July,DEP-002,CC-104,CAT-003,29105.59,Operating,REG-06
BUD-202607-DEP-002-CC-116-CAT-013,2026,Q3,July,DEP-002,CC-116,CAT-013,33114.36,Operating,REG-08
BUD-202607-DEP-002-CC-102-CAT-008,2026,Q3,July,DEP-002,CC-102,CAT-008,34389.15,Project,REG-05
BUD-202607-DEP-002-CC-106-CAT-008,2026,Q3,July,DEP-002,CC-106,CAT-008,35988.03,Operating,REG-04
BUD-202607-DEP-002-CC-106-CAT-009,2026,Q3,July,DEP-002,CC-106,CAT-009,25731.85,Operating,REG-04
BUD-202607-DEP-002-CC-112-CAT-013,2026,Q3,July,DEP-002,CC-112,CAT-013,31155.08,Operating,REG-04
BUD-202607-DEP-002-CC-117-CAT-006,2026,Q3,July,DEP-002,CC-117,CAT-006,31557.66,Operating,REG-04
BUD-202607-DEP-002-CC-103-CAT-007,2026,Q3,July,DEP-002,CC-103,CAT-007,17239.27,Capital,REG-05
BUD-202607-DEP-002-CC-110-CAT-013,2026,Q3,July,DEP-002,CC-110,CAT-013,28588.53,Operating,REG-01
BUD-202607-DEP-002-CC-114-CAT-009,2026,Q3,July,DEP-002,CC-114,CAT-009,26144.08,Operating,REG-01
BUD-202607-DEP-002-CC-109-CAT-007,2026,Q3,July,DEP-002,CC-109,CAT-007,16719.64,Operating,REG-01
BUD-202607-DEP-002-CC-113-CAT-012,2026,Q3,July,DEP-002,CC-113,CAT-012,21349.79,Operating,REG-06
BUD-202607-DEP-002-CC-114-CAT-011,2026,Q3,July,DEP-002,CC-114,CAT-011,28799.36,Capital,REG-01
BUD-202607-DEP-002-CC-106-CAT-014,2026,Q3,July,DEP-002,CC-106,CAT-014,26785.99,Operating,REG-08
BUD-202607-DEP-003-CC-117-CAT-006,2026,Q3,July,DEP-003,CC-117,CAT-006,50192.72,Project,REG-08
BUD-202607-DEP-003-CC-108-CAT-006,2026,Q3,July,DEP-003,CC-108,CAT-006,54774.06,Capital,REG-04
BUD-202607-DEP-003-CC-115-CAT-011,2026,Q3,July,DEP-003,CC-115,CAT-011,49377.06,Operating,REG-01
BUD-202607-DEP-003-CC-110-CAT-010,2026,Q3,July,DEP-003,CC-110,CAT-010,32366.29,Capital,REG-05
BUD-202607-DEP-003-CC-113-CAT-003,2026,Q3,July,DEP-003,CC-113,CAT-003,41556.96,Operating,REG-04
BUD-202607-DEP-003-CC-101-CAT-006,2026,Q3,July,DEP-003,CC-101,CAT-006,44246.27,Departmental,REG-01
BUD-202607-DEP-003-CC-104-CAT-005,2026,Q3,July,DEP-003,CC-104,CAT-005,32957.19,Departmental,REG-08
BUD-202607-DEP-003-CC-120-CAT-013,2026,Q3,July,DEP-003,CC-120,CAT-013,46096.27,Operating,REG-06
BUD-202607-DEP-003-CC-106-CAT-014,2026,Q3,July,DEP-003,CC-106,CAT-014,40409.79,Operating,REG-04
BUD-202607-DEP-003-CC-115-CAT-001,2026,Q3,July,DEP-003,CC-115,CAT-001,51741.1,Departmental,REG-06
BUD-202607-DEP-003-CC-109-CAT-010,2026,Q3,July,DEP-003,CC-109,CAT-010,39395.04,Operating,REG-01
BUD-202607-DEP-003-CC-118-CAT-013,2026,Q3,July,DEP-003,CC-118,CAT-013,50388.09,Capital,REG-05
BUD-202607-DEP-003-CC-109-CAT-013,2026,Q3,July,DEP-003,CC-109,CAT-013,51362.72,Departmental,REG-02
BUD-202607-DEP-003-CC-105-CAT-015,2026,Q3,July,DEP-003,CC-105,CAT-015,40123.95,Capital,REG-06
BUD-202607-DEP-003-CC-108-CAT-014,2026,Q3,July,DEP-003,CC-108,CAT-014,41792.69,Capital,REG-01
BUD-202607-DEP-003-CC-101-CAT-009,2026,Q3,July,DEP-003,CC-101,CAT-009,40127.89,Capital,REG-07
BUD-202607-DEP-003-CC-103-CAT-008,2026,Q3,July,DEP-003,CC-103,CAT-008,60002.43,Operating,REG-04
BUD-202607-DEP-003-CC-119-CAT-006,2026,Q3,July,DEP-003,CC-119,CAT-006,53602.29,Project,REG-01
BUD-202607-DEP-003-CC-105-CAT-002,2026,Q3,July,DEP-003,CC-105,CAT-002,34866.1,Operating,REG-04
BUD-202607-DEP-003-CC-112-CAT-015,2026,Q3,July,DEP-003,CC-112,CAT-015,44505.53,Capital,REG-06
BUD-202607-DEP-003-CC-109-CAT-008,2026,Q3,July,DEP-003,CC-109,CAT-008,57940.51,Project,REG-05
BUD-202607-DEP-003-CC-112-CAT-013,2026,Q3,July,DEP-003,CC-112,CAT-013,48734.45,Operating,REG-06
BUD-202607-DEP-003-CC-113-CAT-015,2026,Q3,July,DEP-003,CC-113,CAT-015,41989.64,Operating,REG-02
BUD-202607-DEP-003-CC-107-CAT-007,2026,Q3,July,DEP-003,CC-107,CAT-007,28598.95,Departmental,REG-02
BUD-202607-DEP-003-CC-111-CAT-012,2026,Q3,July,DEP-003,CC-111,CAT-012,34014.28,Departmental,REG-03
BUD-202607-DEP-003-CC-111-CAT-014,2026,Q3,July,DEP-003,CC-111,CAT-014,44653.31,Operating,REG-03
BUD-202607-DEP-003-CC-115-CAT-003,2026,Q3,July,DEP-003,CC-115,CAT-003,45780.57,Capital,REG-05
BUD-202607-DEP-003-CC-102-CAT-014,2026,Q3,July,DEP-003,CC-102,CAT-014,43932.3,Operating,REG-07
BUD-202607-DEP-003-CC-105-CAT-012,2026,Q3,July,DEP-003,CC-105,CAT-012,29879.86,Capital,REG-03
BUD-202607-DEP-003-CC-101-CAT-007,2026,Q3,July,DEP-003,CC-101,CAT-007,27350.99,Capital,REG-03
BUD-202607-DEP-003-CC-109-CAT-004,2026,Q3,July,DEP-003,CC-109,CAT-004,56891.89,Project,REG-05
BUD-202607-DEP-003-CC-118-CAT-009,2026,Q3,July,DEP-003,CC-118,CAT-009,41879.59,Departmental,REG-06
BUD-202607-DEP-003-CC-106-CAT-008,2026,Q3,July,DEP-003,CC-106,CAT-008,55279.06,Capital,REG-08
BUD-202607-DEP-003-CC-106-CAT-013,2026,Q3,July,DEP-003,CC-106,CAT-013,55287.23,Project,REG-02
BUD-202607-DEP-003-CC-102-CAT-011,2026,Q3,July,DEP-003,CC-102,CAT-011,45603.1,Operating,REG-02
BUD-202607-DEP-003-CC-110-CAT-001,2026,Q3,July,DEP-003,CC-110,CAT-001,51129.85,Operating,REG-01
BUD-202607-DEP-003-CC-115-CAT-015,2026,Q3,July,DEP-003,CC-115,CAT-015,42006.41,Operating,REG-07
BUD-202607-DEP-003-CC-113-CAT-015,2026,Q3,July,DEP-003,CC-113,CAT-015,43438.99,Operating,REG-08
BUD-202607-DEP-003-CC-105-CAT-005,2026,Q3,July,DEP-003,CC-105,CAT-005,36948.49,Operating,REG-07
BUD-202607-DEP-003-CC-109-CAT-010,2026,Q3,July,DEP-003,CC-109,CAT-010,36728.62,Project,REG-08
BUD-202607-DEP-003-CC-104-CAT-015,2026,Q3,July,DEP-003,CC-104,CAT-015,45925.62,Capital,REG-04
BUD-202607-DEP-003-CC-107-CAT-002,2026,Q3,July,DEP-003,CC-107,CAT-002,31597.89,Capital,REG-05
BUD-202607-DEP-003-CC-108-CAT-013,2026,Q3,July,DEP-003,CC-108,CAT-013,56931.37,Operating,REG-06
BUD-202607-DEP-003-CC-119-CAT-001,2026,Q3,July,DEP-003,CC-119,CAT-001,50311.18,Departmental,REG-01
BUD-202607-DEP-003-CC-114-CAT-007,2026,Q3,July,DEP-003,CC-114,CAT-007,29018.41,Operating,REG-08
BUD-202607-DEP-003-CC-118-CAT-004,2026,Q3,July,DEP-003,CC-118,CAT-004,63636.06,Operating,REG-06
BUD-202607-DEP-003-CC-102-CAT-009,2026,Q3,July,DEP-003,CC-102,CAT-009,39538.27,Operating,REG-03
BUD-202607-DEP-003-CC-103-CAT-004,2026,Q3,July,DEP-003,CC-103,CAT-004,60537.8,Project,REG-02
BUD-202607-DEP-003-CC-109-CAT-001,2026,Q3,July,DEP-003,CC-109,CAT-001,53633.94,Operating,REG-05
BUD-202607-DEP-003-CC-118-CAT-006,2026,Q3,July,DEP-003,CC-118,CAT-006,47055.24,Operating,REG-05
BUD-202607-DEP-003-CC-109-CAT-008,2026,Q3,July,DEP-003,CC-109,CAT-008,53861.5,Operating,REG-04
BUD-202607-DEP-004-CC-109-CAT-011,2026,Q3,July,DEP-004,CC-109,CAT-011,30970.69,Operating,REG-08
BUD-202607-DEP-004-CC-113-CAT-006,2026,Q3,July,DEP-004,CC-113,CAT-006,33760.32,Operating,REG-08
BUD-202607-DEP-004-CC-114-CAT-013,2026,Q3,July,DEP-004,CC-114,CAT-013,33709.21,Project,REG-06
BUD-202607-DEP-004-CC-110-CAT-011,2026,Q3,July,DEP-004,CC-110,CAT-011,30590.93,Operating,REG-01
BUD-202607-DEP-004-CC-114-CAT-014,2026,Q3,July,DEP-004,CC-114,CAT-014,30734.73,Operating,REG-07
BUD-202607-DEP-004-CC-102-CAT-003,2026,Q3,July,DEP-004,CC-102,CAT-003,29678.56,Operating,REG-04
BUD-202607-DEP-004-CC-103-CAT-006,2026,Q3,July,DEP-004,CC-103,CAT-006,31813.82,Operating,REG-07
BUD-202607-DEP-004-CC-108-CAT-009,2026,Q3,July,DEP-004,CC-108,CAT-009,25890.25,Operating,REG-02
BUD-202607-DEP-004-CC-103-CAT-005,2026,Q3,July,DEP-004,CC-103,CAT-005,26591.22,Departmental,REG-02
BUD-202607-DEP-004-CC-119-CAT-008,2026,Q3,July,DEP-004,CC-119,CAT-008,40041.59,Project,REG-01
BUD-202607-DEP-004-CC-120-CAT-005,2026,Q3,July,DEP-004,CC-120,CAT-005,27386.28,Departmental,REG-03
BUD-202607-DEP-004-CC-101-CAT-015,2026,Q3,July,DEP-004,CC-101,CAT-015,31958.15,Operating,REG-04
BUD-202607-DEP-004-CC-105-CAT-002,2026,Q3,July,DEP-004,CC-105,CAT-002,22594.98,Departmental,REG-03
BUD-202607-DEP-004-CC-117-CAT-006,2026,Q3,July,DEP-004,CC-117,CAT-006,33379.69,Operating,REG-07
BUD-202607-DEP-004-CC-102-CAT-013,2026,Q3,July,DEP-004,CC-102,CAT-013,33565.81,Operating,REG-05
BUD-202607-DEP-004-CC-110-CAT-004,2026,Q3,July,DEP-004,CC-110,CAT-004,47486.54,Operating,REG-08
BUD-202607-DEP-004-CC-111-CAT-012,2026,Q3,July,DEP-004,CC-111,CAT-012,20622.3,Operating,REG-04
BUD-202607-DEP-004-CC-104-CAT-010,2026,Q3,July,DEP-004,CC-104,CAT-010,21693.22,Operating,REG-07
BUD-202607-DEP-004-CC-111-CAT-014,2026,Q3,July,DEP-004,CC-111,CAT-014,25482.05,Operating,REG-05
BUD-202607-DEP-004-CC-103-CAT-014,2026,Q3,July,DEP-004,CC-103,CAT-014,26740.3,Operating,REG-08
BUD-202607-DEP-004-CC-112-CAT-002,2026,Q3,July,DEP-004,CC-112,CAT-002,20085.22,Operating,REG-04
BUD-202607-DEP-004-CC-111-CAT-002,2026,Q3,July,DEP-004,CC-111,CAT-002,23751.2,Operating,REG-07
BUD-202607-DEP-004-CC-103-CAT-004,2026,Q3,July,DEP-004,CC-103,CAT-004,41936.2,Operating,REG-02
BUD-202607-DEP-004-CC-102-CAT-004,2026,Q3,July,DEP-004,CC-102,CAT-004,38201.44,Operating,REG-05
BUD-202607-DEP-004-CC-118-CAT-001,2026,Q3,July,DEP-004,CC-118,CAT-001,35265.27,Operating,REG-01
BUD-202607-DEP-004-CC-107-CAT-003,2026,Q3,July,DEP-004,CC-107,CAT-003,31878.85,Capital,REG-03
BUD-202607-DEP-004-CC-104-CAT-007,2026,Q3,July,DEP-004,CC-104,CAT-007,19581.4,Project,REG-06
BUD-202607-DEP-004-CC-108-CAT-010,2026,Q3,July,DEP-004,CC-108,CAT-010,23779.63,Capital,REG-01
BUD-202607-DEP-004-CC-103-CAT-015,2026,Q3,July,DEP-004,CC-103,CAT-015,29485.55,Operating,REG-06
BUD-202607-DEP-004-CC-116-CAT-007,2026,Q3,July,DEP-004,CC-116,CAT-007,18316.95,Project,REG-06
BUD-202607-DEP-004-CC-104-CAT-008,2026,Q3,July,DEP-004,CC-104,CAT-008,38485.34,Operating,REG-03
BUD-202607-DEP-004-CC-116-CAT-008,2026,Q3,July,DEP-004,CC-116,CAT-008,40565.41,Operating,REG-05
BUD-202607-DEP-004-CC-120-CAT-001,2026,Q3,July,DEP-004,CC-120,CAT-001,38066.5,Departmental,REG-07
BUD-202607-DEP-004-CC-109-CAT-007,2026,Q3,July,DEP-004,CC-109,CAT-007,19435.6,Operating,REG-02
BUD-202607-DEP-004-CC-113-CAT-005,2026,Q3,July,DEP-004,CC-113,CAT-005,26604.01,Operating,REG-07
BUD-202607-DEP-004-CC-110-CAT-006,2026,Q3,July,DEP-004,CC-110,CAT-006,29729.67,Operating,REG-07
BUD-202607-DEP-004-CC-120-CAT-004,2026,Q3,July,DEP-004,CC-120,CAT-004,38319.0,Project,REG-02
BUD-202607-DEP-004-CC-115-CAT-005,2026,Q3,July,DEP-004,CC-115,CAT-005,23390.3,Operating,REG-03
BUD-202607-DEP-004-CC-108-CAT-015,2026,Q3,July,DEP-004,CC-108,CAT-015,32802.78,Departmental,REG-01
BUD-202607-DEP-005-CC-116-CAT-001,2026,Q3,July,DEP-005,CC-116,CAT-001,41723.23,Operating,REG-06
BUD-202607-DEP-005-CC-111-CAT-008,2026,Q3,July,DEP-005,CC-111,CAT-008,49450.88,Departmental,REG-03
BUD-202607-DEP-005-CC-119-CAT-001,2026,Q3,July,DEP-005,CC-119,CAT-001,38855.19,Departmental,REG-05
BUD-202607-DEP-005-CC-104-CAT-010,2026,Q3,July,DEP-005,CC-104,CAT-010,27497.44,Capital,REG-06
BUD-202607-DEP-005-CC-105-CAT-006,2026,Q3,July,DEP-005,CC-105,CAT-006,40986.08,Operating,REG-04
BUD-202607-DEP-005-CC-114-CAT-006,2026,Q3,July,DEP-005,CC-114,CAT-006,41303.74,Capital,REG-05
BUD-202607-DEP-005-CC-110-CAT-009,2026,Q3,July,DEP-005,CC-110,CAT-009,30257.44,Departmental,REG-07
BUD-202607-DEP-005-CC-110-CAT-012,2026,Q3,July,DEP-005,CC-110,CAT-012,26152.36,Operating,REG-01
BUD-202607-DEP-005-CC-106-CAT-011,2026,Q3,July,DEP-005,CC-106,CAT-011,34999.13,Project,REG-02
BUD-202607-DEP-005-CC-110-CAT-015,2026,Q3,July,DEP-005,CC-110,CAT-015,38203.07,Capital,REG-07
BUD-202607-DEP-005-CC-119-CAT-003,2026,Q3,July,DEP-005,CC-119,CAT-003,30072.46,Departmental,REG-01
BUD-202607-DEP-005-CC-118-CAT-008,2026,Q3,July,DEP-005,CC-118,CAT-008,43150.4,Departmental,REG-02
BUD-202607-DEP-005-CC-113-CAT-007,2026,Q3,July,DEP-005,CC-113,CAT-007,21668.12,Capital,REG-06
BUD-202607-DEP-005-CC-120-CAT-006,2026,Q3,July,DEP-005,CC-120,CAT-006,34761.86,Operating,REG-07
BUD-202607-DEP-005-CC-101-CAT-004,2026,Q3,July,DEP-005,CC-101,CAT-004,48354.24,Operating,REG-01
BUD-202607-DEP-005-CC-114-CAT-011,2026,Q3,July,DEP-005,CC-114,CAT-011,38014.29,Capital,REG-02
BUD-202607-DEP-005-CC-113-CAT-006,2026,Q3,July,DEP-005,CC-113,CAT-006,35743.06,Capital,REG-03
BUD-202607-DEP-005-CC-112-CAT-005,2026,Q3,July,DEP-005,CC-112,CAT-005,30720.8,Operating,REG-08
BUD-202607-DEP-005-CC-105-CAT-007,2026,Q3,July,DEP-005,CC-105,CAT-007,22207.06,Operating,REG-06
BUD-202607-DEP-005-CC-113-CAT-004,2026,Q3,July,DEP-005,CC-113,CAT-004,48022.55,Operating,REG-06
BUD-202607-DEP-005-CC-106-CAT-015,2026,Q3,July,DEP-005,CC-106,CAT-015,34987.62,Operating,REG-01
BUD-202607-DEP-005-CC-109-CAT-014,2026,Q3,July,DEP-005,CC-109,CAT-014,30881.82,Capital,REG-01
BUD-202607-DEP-005-CC-102-CAT-008,2026,Q3,July,DEP-005,CC-102,CAT-008,39866.13,Operating,REG-04
BUD-202607-DEP-005-CC-108-CAT-004,2026,Q3,July,DEP-005,CC-108,CAT-004,50423.87,Project,REG-07
BUD-202607-DEP-005-CC-119-CAT-013,2026,Q3,July,DEP-005,CC-119,CAT-013,38612.35,Operating,REG-06
BUD-202607-DEP-005-CC-102-CAT-004,2026,Q3,July,DEP-005,CC-102,CAT-004,45684.29,Departmental,REG-01
BUD-202607-DEP-005-CC-117-CAT-001,2026,Q3,July,DEP-005,CC-117,CAT-001,42980.79,Operating,REG-05
BUD-202607-DEP-005-CC-118-CAT-006,2026,Q3,July,DEP-005,CC-118,CAT-006,34836.03,Capital,REG-04
BUD-202607-DEP-005-CC-109-CAT-001,2026,Q3,July,DEP-005,CC-109,CAT-001,39851.19,Capital,REG-04
BUD-202607-DEP-005-CC-111-CAT-013,2026,Q3,July,DEP-005,CC-111,CAT-013,44626.89,Operating,REG-04
BUD-202607-DEP-005-CC-112-CAT-002,2026,Q3,July,DEP-005,CC-112,CAT-002,25733.72,Departmental,REG-04
BUD-202607-DEP-005-CC-114-CAT-008,2026,Q3,July,DEP-005,CC-114,CAT-008,46823.09,Operating,REG-01
BUD-202607-DEP-005-CC-116-CAT-001,2026,Q3,July,DEP-005,CC-116,CAT-001,46500.48,Operating,REG-03
BUD-202607-DEP-005-CC-106-CAT-004,2026,Q3,July,DEP-005,CC-106,CAT-004,54315.59,Operating,REG-07
BUD-202607-DEP-005-CC-118-CAT-013,2026,Q3,July,DEP-005,CC-118,CAT-013,38796.66,Project,REG-07
BUD-202607-DEP-005-CC-107-CAT-002,2026,Q3,July,DEP-005,CC-107,CAT-002,25552.35,Operating,REG-06
BUD-202607-DEP-005-CC-103-CAT-013,2026,Q3,July,DEP-005,CC-103,CAT-013,41264.15,Operating,REG-02
BUD-202607-DEP-005-CC-117-CAT-009,2026,Q3,July,DEP-005,CC-117,CAT-009,27185.92,Project,REG-02
BUD-202607-DEP-005-CC-104-CAT-006,2026,Q3,July,DEP-005,CC-104,CAT-006,37769.13,Departmental,REG-03
BUD-202607-DEP-005-CC-106-CAT-009,2026,Q3,July,DEP-005,CC-106,CAT-009,28889.28,Operating,REG-04
BUD-202607-DEP-005-CC-118-CAT-004,2026,Q3,July,DEP-005,CC-118,CAT-004,55168.69,Operating,REG-01
BUD-202607-DEP-005-CC-104-CAT-006,2026,Q3,July,DEP-005,CC-104,CAT-006,38928.43,Operating,REG-08
BUD-202607-DEP-005-CC-112-CAT-002,2026,Q3,July,DEP-005,CC-112,CAT-002,26168.86,Departmental,REG-01
BUD-202607-DEP-005-CC-113-CAT-003,2026,Q3,July,DEP-005,CC-113,CAT-003,30638.0,Project,REG-01
BUD-202607-DEP-005-CC-109-CAT-015,2026,Q3,July,DEP-005,CC-109,CAT-015,32565.17,Operating,REG-04
BUD-202607-DEP-005-CC-102-CAT-004,2026,Q3,July,DEP-005,CC-102,CAT-004,43473.13,Departmental,REG-03
BUD-202607-DEP-005-CC-106-CAT-005,2026,Q3,July,DEP-005,CC-106,CAT-005,26062.26,Operating,REG-01
BUD-202607-DEP-005-CC-117-CAT-010,2026,Q3,July,DEP-005,CC-117,CAT-010,24721.88,Project,REG-01
BUD-202607-DEP-005-CC-116-CAT-011,2026,Q3,July,DEP-005,CC-116,CAT-011,36622.37,Departmental,REG-03
BUD-202607-DEP-005-CC-117-CAT-005,2026,Q3,July,DEP-005,CC-117,CAT-005,27877.13,Operating,REG-03
BUD-202607-DEP-005-CC-108-CAT-010,2026,Q3,July,DEP-005,CC-108,CAT-010,29689.57,Departmental,REG-06
BUD-202607-DEP-005-CC-120-CAT-010,2026,Q3,July,DEP-005,CC-120,CAT-010,25211.46,Operating,REG-08
BUD-202607-DEP-006-CC-105-CAT-014,2026,Q3,July,DEP-006,CC-105,CAT-014,20161.87,Project,REG-02
BUD-202607-DEP-006-CC-106-CAT-008,2026,Q3,July,DEP-006,CC-106,CAT-008,30843.11,Operating,REG-06
BUD-202607-DEP-006-CC-113-CAT-001,2026,Q3,July,DEP-006,CC-113,CAT-001,29744.77,Operating,REG-08
BUD-202607-DEP-006-CC-101-CAT-003,2026,Q3,July,DEP-006,CC-101,CAT-003,23800.69,Project,REG-08
BUD-202607-DEP-006-CC-101-CAT-004,2026,Q3,July,DEP-006,CC-101,CAT-004,33056.95,Operating,REG-02
BUD-202607-DEP-006-CC-114-CAT-015,2026,Q3,July,DEP-006,CC-114,CAT-015,23805.63,Project,REG-08
BUD-202607-DEP-006-CC-117-CAT-014,2026,Q3,July,DEP-006,CC-117,CAT-014,24363.45,Operating,REG-06
BUD-202607-DEP-006-CC-119-CAT-005,2026,Q3,July,DEP-006,CC-119,CAT-005,19203.22,Departmental,REG-08
BUD-202607-DEP-006-CC-117-CAT-007,2026,Q3,July,DEP-006,CC-117,CAT-007,15545.43,Departmental,REG-07
BUD-202607-DEP-006-CC-106-CAT-002,2026,Q3,July,DEP-006,CC-106,CAT-002,18015.93,Operating,REG-05
BUD-202607-DEP-006-CC-115-CAT-012,2026,Q3,July,DEP-006,CC-115,CAT-012,16672.22,Project,REG-04
BUD-202607-DEP-006-CC-108-CAT-009,2026,Q3,July,DEP-006,CC-108,CAT-009,18967.76,Project,REG-05
BUD-202607-DEP-006-CC-114-CAT-004,2026,Q3,July,DEP-006,CC-114,CAT-004,31788.17,Operating,REG-08
BUD-202607-DEP-006-CC-113-CAT-008,2026,Q3,July,DEP-006,CC-113,CAT-008,32807.35,Operating,REG-06
BUD-202607-DEP-006-CC-101-CAT-015,2026,Q3,July,DEP-006,CC-101,CAT-015,24873.5,Departmental,REG-01
BUD-202607-DEP-006-CC-115-CAT-013,2026,Q3,July,DEP-006,CC-115,CAT-013,27964.41,Capital,REG-01
BUD-202607-DEP-006-CC-116-CAT-014,2026,Q3,July,DEP-006,CC-116,CAT-014,19796.58,Departmental,REG-02
BUD-202607-DEP-006-CC-107-CAT-007,2026,Q3,July,DEP-006,CC-107,CAT-007,15822.86,Operating,REG-02
BUD-202607-DEP-006-CC-111-CAT-006,2026,Q3,July,DEP-006,CC-111,CAT-006,26928.08,Capital,REG-01
BUD-202607-DEP-006-CC-101-CAT-009,2026,Q3,July,DEP-006,CC-101,CAT-009,21476.42,Departmental,REG-06
BUD-202607-DEP-006-CC-115-CAT-010,2026,Q3,July,DEP-006,CC-115,CAT-010,21107.19,Departmental,REG-04
BUD-202607-DEP-006-CC-101-CAT-002,2026,Q3,July,DEP-006,CC-101,CAT-002,15260.28,Operating,REG-01
BUD-202607-DEP-006-CC-111-CAT-002,2026,Q3,July,DEP-006,CC-111,CAT-002,17572.83,Project,REG-08
BUD-202607-DEP-006-CC-104-CAT-008,2026,Q3,July,DEP-006,CC-104,CAT-008,30141.98,Operating,REG-05
BUD-202607-DEP-006-CC-120-CAT-004,2026,Q3,July,DEP-006,CC-120,CAT-004,36632.86,Project,REG-02
BUD-202607-DEP-006-CC-103-CAT-009,2026,Q3,July,DEP-006,CC-103,CAT-009,21693.89,Operating,REG-05
BUD-202607-DEP-006-CC-107-CAT-014,2026,Q3,July,DEP-006,CC-107,CAT-014,20479.51,Operating,REG-08
BUD-202607-DEP-006-CC-107-CAT-015,2026,Q3,July,DEP-006,CC-107,CAT-015,23669.32,Capital,REG-04
BUD-202607-DEP-006-CC-116-CAT-004,2026,Q3,July,DEP-006,CC-116,CAT-004,33515.42,Capital,REG-03
BUD-202607-DEP-006-CC-107-CAT-004,2026,Q3,July,DEP-006,CC-107,CAT-004,34924.86,Operating,REG-03
BUD-202607-DEP-006-CC-104-CAT-008,2026,Q3,July,DEP-006,CC-104,CAT-008,32661.45,Departmental,REG-06
BUD-202607-DEP-006-CC-106-CAT-013,2026,Q3,July,DEP-006,CC-106,CAT-013,26851.56,Operating,REG-02
BUD-202607-DEP-006-CC-109-CAT-005,2026,Q3,July,DEP-006,CC-109,CAT-005,18515.79,Capital,REG-05
BUD-202607-DEP-006-CC-111-CAT-002,2026,Q3,July,DEP-006,CC-111,CAT-002,15988.51,Capital,REG-04
BUD-202607-DEP-006-CC-116-CAT-002,2026,Q3,July,DEP-006,CC-116,CAT-002,17086.87,Capital,REG-07
BUD-202607-DEP-006-CC-109-CAT-012,2026,Q3,July,DEP-006,CC-109,CAT-012,19832.21,Departmental,REG-01
BUD-202607-DEP-006-CC-106-CAT-007,2026,Q3,July,DEP-006,CC-106,CAT-007,14096.74,Operating,REG-03
BUD-202607-DEP-006-CC-118-CAT-014,2026,Q3,July,DEP-006,CC-118,CAT-014,23066.03,Project,REG-01
BUD-202607-DEP-006-CC-120-CAT-009,2026,Q3,July,DEP-006,CC-120,CAT-009,19341.24,Operating,REG-06
BUD-202607-DEP-006-CC-105-CAT-005,2026,Q3,July,DEP-006,CC-105,CAT-005,17782.58,Capital,REG-06
BUD-202607-DEP-006-CC-105-CAT-009,2026,Q3,July,DEP-006,CC-105,CAT-009,18689.9,Departmental,REG-04
BUD-202607-DEP-006-CC-103-CAT-013,2026,Q3,July,DEP-006,CC-103,CAT-013,27674.43,Operating,REG-03
BUD-202607-DEP-006-CC-110-CAT-013,2026,Q3,July,DEP-006,CC-110,CAT-013,27116.97,Operating,REG-08
BUD-202607-DEP-006-CC-118-CAT-015,2026,Q3,July,DEP-006,CC-118,CAT-015,22027.98,Operating,REG-03
BUD-202607-DEP-007-CC-117-CAT-007,2026,Q3,July,DEP-007,CC-117,CAT-007,26440.68,Operating,REG-01
BUD-202607-DEP-007-CC-109-CAT-010,2026,Q3,July,DEP-007,CC-109,CAT-010,30117.16,Departmental,REG-05
BUD-202607-DEP-007-CC-115-CAT-002,2026,Q3,July,DEP-007,CC-115,CAT-002,31749.83,Operating,REG-02
BUD-202607-DEP-007-CC-103-CAT-002,2026,Q3,July,DEP-007,CC-103,CAT-002,29115.55,Operating,REG-05
BUD-202607-DEP-007-CC-119-CAT-012,2026,Q3,July,DEP-007,CC-119,CAT-012,28880.49,Departmental,REG-04
BUD-202607-DEP-007-CC-106-CAT-006,2026,Q3,July,DEP-007,CC-106,CAT-006,42087.68,Project,REG-08
BUD-202607-DEP-007-CC-116-CAT-013,2026,Q3,July,DEP-007,CC-116,CAT-013,43965.18,Operating,REG-08
BUD-202607-DEP-007-CC-117-CAT-001,2026,Q3,July,DEP-007,CC-117,CAT-001,51690.94,Project,REG-08
BUD-202607-DEP-007-CC-112-CAT-011,2026,Q3,July,DEP-007,CC-112,CAT-011,45620.44,Project,REG-03
BUD-202607-DEP-007-CC-107-CAT-015,2026,Q3,July,DEP-007,CC-107,CAT-015,40440.98,Operating,REG-06
BUD-202607-DEP-007-CC-106-CAT-001,2026,Q3,July,DEP-007,CC-106,CAT-001,52023.41,Capital,REG-04
BUD-202607-DEP-007-CC-104-CAT-012,2026,Q3,July,DEP-007,CC-104,CAT-012,31330.16,Departmental,REG-05
BUD-202607-DEP-007-CC-116-CAT-005,2026,Q3,July,DEP-007,CC-116,CAT-005,36672.13,Operating,REG-07
BUD-202607-DEP-007-CC-107-CAT-001,2026,Q3,July,DEP-007,CC-107,CAT-001,53344.19,Project,REG-02
BUD-202607-DEP-007-CC-110-CAT-001,2026,Q3,July,DEP-007,CC-110,CAT-001,45945.48,Operating,REG-08
BUD-202607-DEP-007-CC-117-CAT-011,2026,Q3,July,DEP-007,CC-117,CAT-011,40004.51,Capital,REG-03
BUD-202607-DEP-007-CC-113-CAT-002,2026,Q3,July,DEP-007,CC-113,CAT-002,27418.13,Operating,REG-01
BUD-202607-DEP-007-CC-103-CAT-012,2026,Q3,July,DEP-007,CC-103,CAT-012,29689.78,Operating,REG-06
BUD-202607-DEP-007-CC-109-CAT-009,2026,Q3,July,DEP-007,CC-109,CAT-009,35709.76,Operating,REG-04
BUD-202607-DEP-007-CC-106-CAT-004,2026,Q3,July,DEP-007,CC-106,CAT-004,51457.98,Capital,REG-08
BUD-202607-DEP-007-CC-101-CAT-005,2026,Q3,July,DEP-007,CC-101,CAT-005,30494.17,Operating,REG-05
BUD-202607-DEP-007-CC-114-CAT-015,2026,Q3,July,DEP-007,CC-114,CAT-015,37810.92,Operating,REG-06
BUD-202607-DEP-007-CC-107-CAT-004,2026,Q3,July,DEP-007,CC-107,CAT-004,53221.96,Departmental,REG-06
BUD-202607-DEP-007-CC-106-CAT-006,2026,Q3,July,DEP-007,CC-106,CAT-006,42436.49,Capital,REG-02
BUD-202607-DEP-007-CC-108-CAT-015,2026,Q3,July,DEP-007,CC-108,CAT-015,37719.36,Operating,REG-08
BUD-202607-DEP-007-CC-120-CAT-003,2026,Q3,July,DEP-007,CC-120,CAT-003,35952.2,Departmental,REG-03
BUD-202607-DEP-007-CC-105-CAT-002,2026,Q3,July,DEP-007,CC-105,CAT-002,27395.31,Departmental,REG-08
BUD-202607-DEP-007-CC-120-CAT-008,2026,Q3,July,DEP-007,CC-120,CAT-008,50995.61,Operating,REG-03
BUD-202607-DEP-007-CC-106-CAT-005,2026,Q3,July,DEP-007,CC-106,CAT-005,30834.7,Operating,REG-03
BUD-202607-DEP-007-CC-102-CAT-007,2026,Q3,July,DEP-007,CC-102,CAT-007,25409.74,Operating,REG-05
BUD-202607-DEP-007-CC-105-CAT-010,2026,Q3,July,DEP-007,CC-105,CAT-010,29854.01,Operating,REG-05
BUD-202607-DEP-007-CC-108-CAT-001,2026,Q3,July,DEP-007,CC-108,CAT-001,54709.16,Operating,REG-02
BUD-202607-DEP-007-CC-116-CAT-015,2026,Q3,July,DEP-007,CC-116,CAT-015,37160.59,Departmental,REG-07
BUD-202607-DEP-007-CC-106-CAT-012,2026,Q3,July,DEP-007,CC-106,CAT-012,29405.53,Operating,REG-01
BUD-202607-DEP-007-CC-110-CAT-005,2026,Q3,July,DEP-007,CC-110,CAT-005,37553.7,Operating,REG-08
BUD-202607-DEP-007-CC-113-CAT-014,2026,Q3,July,DEP-007,CC-113,CAT-014,37876.75,Capital,REG-06
BUD-202607-DEP-007-CC-110-CAT-015,2026,Q3,July,DEP-007,CC-110,CAT-015,42280.81,Capital,REG-02
BUD-202607-DEP-007-CC-119-CAT-001,2026,Q3,July,DEP-007,CC-119,CAT-001,49110.61,Operating,REG-05
BUD-202607-DEP-007-CC-102-CAT-003,2026,Q3,July,DEP-007,CC-102,CAT-003,41671.44,Operating,REG-05
BUD-202607-DEP-007-CC-118-CAT-009,2026,Q3,July,DEP-007,CC-118,CAT-009,33356.29,Operating,REG-07
BUD-202607-DEP-007-CC-107-CAT-013,2026,Q3,July,DEP-007,CC-107,CAT-013,43127.97,Operating,REG-05
BUD-202607-DEP-007-CC-113-CAT-001,2026,Q3,July,DEP-007,CC-113,CAT-001,45590.4,Operating,REG-04
BUD-202607-DEP-007-CC-107-CAT-008,2026,Q3,July,DEP-007,CC-107,CAT-008,54069.69,Departmental,REG-01
BUD-202607-DEP-007-CC-101-CAT-011,2026,Q3,July,DEP-007,CC-101,CAT-011,41852.21,Project,REG-05
BUD-202607-DEP-007-CC-108-CAT-005,2026,Q3,July,DEP-007,CC-108,CAT-005,31024.84,Operating,REG-04
BUD-202607-DEP-007-CC-110-CAT-007,2026,Q3,July,DEP-007,CC-110,CAT-007,27372.05,Capital,REG-07
BUD-202607-DEP-007-CC-116-CAT-001,2026,Q3,July,DEP-007,CC-116,CAT-001,43677.84,Project,REG-04
BUD-202607-DEP-007-CC-117-CAT-008,2026,Q3,July,DEP-007,CC-117,CAT-008,52587.38,Operating,REG-07
BUD-202607-DEP-007-CC-105-CAT-015,2026,Q3,July,DEP-007,CC-105,CAT-015,43079.68,Project,REG-07
BUD-202607-DEP-007-CC-115-CAT-010,2026,Q3,July,DEP-007,CC-115,CAT-010,33390.66,Operating,REG-06
BUD-202607-DEP-008-CC-112-CAT-013,2026,Q3,July,DEP-008,CC-112,CAT-013,29482.53,Operating,REG-04
BUD-202607-DEP-008-CC-107-CAT-015,2026,Q3,July,DEP-008,CC-107,CAT-015,29738.26,Operating,REG-08
BUD-202607-DEP-008-CC-114-CAT-003,2026,Q3,July,DEP-008,CC-114,CAT-003,25655.82,Operating,REG-03
BUD-202607-DEP-008-CC-107-CAT-006,2026,Q3,July,DEP-008,CC-107,CAT-006,33367.48,Operating,REG-03
BUD-202607-DEP-008-CC-116-CAT-007,2026,Q3,July,DEP-008,CC-116,CAT-007,15726.35,Operating,REG-06
BUD-202607-DEP-008-CC-103-CAT-002,2026,Q3,July,DEP-008,CC-103,CAT-002,21100.94,Capital,REG-06
BUD-202607-DEP-008-CC-118-CAT-005,2026,Q3,July,DEP-008,CC-118,CAT-005,22124.94,Project,REG-07
BUD-202607-DEP-008-CC-117-CAT-009,2026,Q3,July,DEP-008,CC-117,CAT-009,25154.57,Operating,REG-01
BUD-202607-DEP-008-CC-104-CAT-008,2026,Q3,July,DEP-008,CC-104,CAT-008,39110.33,Project,REG-06
BUD-202607-DEP-008-CC-103-CAT-013,2026,Q3,July,DEP-008,CC-103,CAT-013,33381.76,Operating,REG-07
BUD-202607-DEP-008-CC-120-CAT-012,2026,Q3,July,DEP-008,CC-120,CAT-012,23779.67,Capital,REG-04
BUD-202607-DEP-008-CC-106-CAT-001,2026,Q3,July,DEP-008,CC-106,CAT-001,37997.69,Operating,REG-06
BUD-202607-DEP-008-CC-114-CAT-011,2026,Q3,July,DEP-008,CC-114,CAT-011,32946.89,Project,REG-08
BUD-202607-DEP-008-CC-105-CAT-011,2026,Q3,July,DEP-008,CC-105,CAT-011,29125.49,Operating,REG-05
BUD-202607-DEP-008-CC-112-CAT-005,2026,Q3,July,DEP-008,CC-112,CAT-005,21566.48,Operating,REG-07
BUD-202607-DEP-008-CC-120-CAT-007,2026,Q3,July,DEP-008,CC-120,CAT-007,16888.01,Operating,REG-04
BUD-202607-DEP-008-CC-110-CAT-007,2026,Q3,July,DEP-008,CC-110,CAT-007,16492.68,Capital,REG-04
BUD-202607-DEP-008-CC-117-CAT-010,2026,Q3,July,DEP-008,CC-117,CAT-010,24309.83,Operating,REG-07
BUD-202607-DEP-008-CC-119-CAT-003,2026,Q3,July,DEP-008,CC-119,CAT-003,26097.54,Departmental,REG-02
BUD-202607-DEP-008-CC-120-CAT-013,2026,Q3,July,DEP-008,CC-120,CAT-013,34397.94,Operating,REG-01
BUD-202607-DEP-008-CC-120-CAT-014,2026,Q3,July,DEP-008,CC-120,CAT-014,25634.26,Operating,REG-08
BUD-202607-DEP-008-CC-113-CAT-014,2026,Q3,July,DEP-008,CC-113,CAT-014,28132.32,Operating,REG-04
BUD-202607-DEP-008-CC-107-CAT-003,2026,Q3,July,DEP-008,CC-107,CAT-003,27577.62,Capital,REG-01
BUD-202607-DEP-008-CC-107-CAT-015,2026,Q3,July,DEP-008,CC-107,CAT-015,27640.74,Operating,REG-08
BUD-202607-DEP-008-CC-120-CAT-007,2026,Q3,July,DEP-008,CC-120,CAT-007,19271.12,Departmental,REG-07
BUD-202607-DEP-008-CC-113-CAT-004,2026,Q3,July,DEP-008,CC-113,CAT-004,43781.33,Capital,REG-01
BUD-202607-DEP-008-CC-107-CAT-010,2026,Q3,July,DEP-008,CC-107,CAT-010,22659.42,Operating,REG-02
BUD-202607-DEP-008-CC-103-CAT-008,2026,Q3,July,DEP-008,CC-103,CAT-008,39465.52,Departmental,REG-04
BUD-202607-DEP-008-CC-116-CAT-012,2026,Q3,July,DEP-008,CC-116,CAT-012,19477.4,Operating,REG-06
BUD-202607-DEP-008-CC-116-CAT-015,2026,Q3,July,DEP-008,CC-116,CAT-015,26072.05,Departmental,REG-04
BUD-202607-DEP-008-CC-103-CAT-007,2026,Q3,July,DEP-008,CC-103,CAT-007,18559.91,Operating,REG-02
BUD-202607-DEP-008-CC-106-CAT-014,2026,Q3,July,DEP-008,CC-106,CAT-014,26327.27,Operating,REG-06
BUD-202607-DEP-008-CC-104-CAT-008,2026,Q3,July,DEP-008,CC-104,CAT-008,37147.36,Operating,REG-01
BUD-202607-DEP-008-CC-110-CAT-010,2026,Q3,July,DEP-008,CC-110,CAT-010,22714.83,Departmental,REG-01
BUD-202607-DEP-008-CC-109-CAT-006,2026,Q3,July,DEP-008,CC-109,CAT-006,34734.97,Capital,REG-07
BUD-202607-DEP-009-CC-106-CAT-001,2026,Q3,July,DEP-009,CC-106,CAT-001,54567.62,Departmental,REG-08
BUD-202607-DEP-009-CC-109-CAT-015,2026,Q3,July,DEP-009,CC-109,CAT-015,44989.55,Operating,REG-02
BUD-202607-DEP-009-CC-109-CAT-008,2026,Q3,July,DEP-009,CC-109,CAT-008,57350.79,Operating,REG-01
BUD-202607-DEP-009-CC-117-CAT-004,2026,Q3,July,DEP-009,CC-117,CAT-004,66512.73,Capital,REG-02
BUD-202607-DEP-009-CC-118-CAT-008,2026,Q3,July,DEP-009,CC-118,CAT-008,66534.97,Operating,REG-03
BUD-202607-DEP-009-CC-101-CAT-009,2026,Q3,July,DEP-009,CC-101,CAT-009,40891.93,Operating,REG-02
BUD-202607-DEP-009-CC-116-CAT-014,2026,Q3,July,DEP-009,CC-116,CAT-014,46765.65,Operating,REG-08
BUD-202607-DEP-009-CC-102-CAT-003,2026,Q3,July,DEP-009,CC-102,CAT-003,48257.87,Operating,REG-04
BUD-202607-DEP-009-CC-110-CAT-011,2026,Q3,July,DEP-009,CC-110,CAT-011,56575.81,Project,REG-06
BUD-202607-DEP-009-CC-105-CAT-015,2026,Q3,July,DEP-009,CC-105,CAT-015,47235.96,Operating,REG-03
BUD-202607-DEP-009-CC-117-CAT-009,2026,Q3,July,DEP-009,CC-117,CAT-009,47694.09,Operating,REG-08
BUD-202607-DEP-009-CC-102-CAT-006,2026,Q3,July,DEP-009,CC-102,CAT-006,48416.7,Project,REG-06
BUD-202607-DEP-009-CC-107-CAT-010,2026,Q3,July,DEP-009,CC-107,CAT-010,40182.58,Departmental,REG-03
BUD-202607-DEP-009-CC-103-CAT-011,2026,Q3,July,DEP-009,CC-103,CAT-011,54899.07,Departmental,REG-04
BUD-202607-DEP-009-CC-107-CAT-009,2026,Q3,July,DEP-009,CC-107,CAT-009,40533.04,Capital,REG-04
BUD-202607-DEP-009-CC-108-CAT-003,2026,Q3,July,DEP-009,CC-108,CAT-003,47438.48,Capital,REG-01
BUD-202607-DEP-009-CC-119-CAT-004,2026,Q3,July,DEP-009,CC-119,CAT-004,76058.35,Operating,REG-08
BUD-202607-DEP-009-CC-108-CAT-005,2026,Q3,July,DEP-009,CC-108,CAT-005,40884.25,Operating,REG-02
BUD-202607-DEP-009-CC-115-CAT-001,2026,Q3,July,DEP-009,CC-115,CAT-001,63227.19,Capital,REG-05
BUD-202607-DEP-009-CC-104-CAT-007,2026,Q3,July,DEP-009,CC-104,CAT-007,30532.46,Operating,REG-03
BUD-202607-DEP-009-CC-112-CAT-007,2026,Q3,July,DEP-009,CC-112,CAT-007,28894.98,Operating,REG-08
BUD-202607-DEP-009-CC-115-CAT-009,2026,Q3,July,DEP-009,CC-115,CAT-009,47327.62,Operating,REG-02
BUD-202607-DEP-009-CC-119-CAT-005,2026,Q3,July,DEP-009,CC-119,CAT-005,44320.56,Operating,REG-05
BUD-202607-DEP-009-CC-112-CAT-001,2026,Q3,July,DEP-009,CC-112,CAT-001,55444.86,Operating,REG-05
BUD-202607-DEP-009-CC-106-CAT-010,2026,Q3,July,DEP-009,CC-106,CAT-010,36727.19,Operating,REG-02
BUD-202607-DEP-009-CC-106-CAT-014,2026,Q3,July,DEP-009,CC-106,CAT-014,48271.84,Operating,REG-04
BUD-202607-DEP-009-CC-118-CAT-014,2026,Q3,July,DEP-009,CC-118,CAT-014,47757.45,Capital,REG-02
BUD-202607-DEP-009-CC-101-CAT-002,2026,Q3,July,DEP-009,CC-101,CAT-002,38327.54,Project,REG-07
BUD-202607-DEP-009-CC-110-CAT-006,2026,Q3,July,DEP-009,CC-110,CAT-006,60551.13,Departmental,REG-01
BUD-202607-DEP-009-CC-109-CAT-012,2026,Q3,July,DEP-009,CC-109,CAT-012,33646.68,Operating,REG-05
BUD-202607-DEP-009-CC-116-CAT-009,2026,Q3,July,DEP-009,CC-116,CAT-009,48340.21,Operating,REG-06
BUD-202607-DEP-009-CC-102-CAT-010,2026,Q3,July,DEP-009,CC-102,CAT-010,35216.16,Capital,REG-02
BUD-202607-DEP-009-CC-102-CAT-004,2026,Q3,July,DEP-009,CC-102,CAT-004,75677.79,Project,REG-01
BUD-202607-DEP-009-CC-116-CAT-006,2026,Q3,July,DEP-009,CC-116,CAT-006,51642.31,Capital,REG-08
BUD-202607-DEP-009-CC-118-CAT-013,2026,Q3,July,DEP-009,CC-118,CAT-013,58467.89,Project,REG-04
BUD-202607-DEP-009-CC-104-CAT-013,2026,Q3,July,DEP-009,CC-104,CAT-013,51602.54,Operating,REG-06
BUD-202607-DEP-009-CC-107-CAT-004,2026,Q3,July,DEP-009,CC-107,CAT-004,70333.63,Project,REG-01
BUD-202607-DEP-009-CC-104-CAT-009,2026,Q3,July,DEP-009,CC-104,CAT-009,44867.64,Operating,REG-06
BUD-202607-DEP-009-CC-105-CAT-006,2026,Q3,July,DEP-009,CC-105,CAT-006,52489.89,Operating,REG-06
BUD-202607-DEP-009-CC-101-CAT-001,2026,Q3,July,DEP-009,CC-101,CAT-001,54740.23,Departmental,REG-07
BUD-202607-DEP-009-CC-104-CAT-006,2026,Q3,July,DEP-009,CC-104,CAT-006,59377.18,Operating,REG-08
BUD-202607-DEP-009-CC-116-CAT-002,2026,Q3,July,DEP-009,CC-116,CAT-002,31991.54,Operating,REG-06
BUD-202607-DEP-009-CC-104-CAT-012,2026,Q3,July,DEP-009,CC-104,CAT-012,37347.31,Project,REG-07
BUD-202607-DEP-009-CC-101-CAT-004,2026,Q3,July,DEP-009,CC-101,CAT-004,66849.35,Departmental,REG-02
BUD-202607-DEP-009-CC-113-CAT-009,2026,Q3,July,DEP-009,CC-113,CAT-009,39409.94,Operating,REG-04
BUD-202607-DEP-009-CC-117-CAT-013,2026,Q3,July,DEP-009,CC-117,CAT-013,52597.21,Operating,REG-02
BUD-202607-DEP-009-CC-118-CAT-014,2026,Q3,July,DEP-009,CC-118,CAT-014,41675.25,Operating,REG-03
BUD-202607-DEP-009-CC-118-CAT-003,2026,Q3,July,DEP-009,CC-118,CAT-003,52407.98,Operating,REG-05
BUD-202607-DEP-009-CC-107-CAT-009,2026,Q3,July,DEP-009,CC-107,CAT-009,38328.1,Operating,REG-05
BUD-202607-DEP-009-CC-101-CAT-008,2026,Q3,July,DEP-009,CC-101,CAT-008,67476.87,Project,REG-04
BUD-202607-DEP-010-CC-119-CAT-012,2026,Q3,July,DEP-010,CC-119,CAT-012,21296.2,Operating,REG-07
BUD-202607-DEP-010-CC-102-CAT-015,2026,Q3,July,DEP-010,CC-102,CAT-015,34575.23,Operating,REG-02
BUD-202607-DEP-010-CC-110-CAT-015,2026,Q3,July,DEP-010,CC-110,CAT-015,35391.75,Operating,REG-07
BUD-202607-DEP-010-CC-110-CAT-011,2026,Q3,July,DEP-010,CC-110,CAT-011,35907.18,Project,REG-01
BUD-202607-DEP-010-CC-106-CAT-001,2026,Q3,July,DEP-010,CC-106,CAT-001,41480.96,Project,REG-07
BUD-202607-DEP-010-CC-104-CAT-010,2026,Q3,July,DEP-010,CC-104,CAT-010,26971.73,Operating,REG-02
BUD-202607-DEP-010-CC-106-CAT-001,2026,Q3,July,DEP-010,CC-106,CAT-001,35401.38,Departmental,REG-02
BUD-202607-DEP-010-CC-104-CAT-014,2026,Q3,July,DEP-010,CC-104,CAT-014,32918.55,Departmental,REG-03
BUD-202607-DEP-010-CC-117-CAT-011,2026,Q3,July,DEP-010,CC-117,CAT-011,32394.11,Capital,REG-04
BUD-202607-DEP-010-CC-101-CAT-007,2026,Q3,July,DEP-010,CC-101,CAT-007,18090.12,Departmental,REG-05
BUD-202607-DEP-010-CC-113-CAT-008,2026,Q3,July,DEP-010,CC-113,CAT-008,40928.5,Operating,REG-05
BUD-202607-DEP-010-CC-116-CAT-004,2026,Q3,July,DEP-010,CC-116,CAT-004,42699.18,Operating,REG-02
BUD-202607-DEP-010-CC-116-CAT-004,2026,Q3,July,DEP-010,CC-116,CAT-004,45671.25,Capital,REG-01
BUD-202607-DEP-010-CC-119-CAT-008,2026,Q3,July,DEP-010,CC-119,CAT-008,41659.39,Departmental,REG-02
BUD-202607-DEP-010-CC-112-CAT-013,2026,Q3,July,DEP-010,CC-112,CAT-013,34660.62,Operating,REG-03
BUD-202607-DEP-010-CC-102-CAT-005,2026,Q3,July,DEP-010,CC-102,CAT-005,26572.29,Operating,REG-07
BUD-202607-DEP-010-CC-104-CAT-005,2026,Q3,July,DEP-010,CC-104,CAT-005,29091.67,Operating,REG-03
BUD-202607-DEP-010-CC-106-CAT-002,2026,Q3,July,DEP-010,CC-106,CAT-002,20213.82,Operating,REG-05
BUD-202607-DEP-010-CC-118-CAT-013,2026,Q3,July,DEP-010,CC-118,CAT-013,38387.55,Operating,REG-08
BUD-202607-DEP-010-CC-109-CAT-009,2026,Q3,July,DEP-010,CC-109,CAT-009,29922.63,Capital,REG-03
BUD-202607-DEP-010-CC-108-CAT-009,2026,Q3,July,DEP-010,CC-108,CAT-009,24677.57,Operating,REG-04
BUD-202607-DEP-010-CC-113-CAT-013,2026,Q3,July,DEP-010,CC-113,CAT-013,35389.84,Operating,REG-03
BUD-202607-DEP-010-CC-115-CAT-004,2026,Q3,July,DEP-010,CC-115,CAT-004,42500.62,Operating,REG-06
BUD-202607-DEP-010-CC-107-CAT-005,2026,Q3,July,DEP-010,CC-107,CAT-005,24590.62,Operating,REG-07
BUD-202607-DEP-010-CC-103-CAT-007,2026,Q3,July,DEP-010,CC-103,CAT-007,20591.36,Operating,REG-08
BUD-202607-DEP-010-CC-104-CAT-007,2026,Q3,July,DEP-010,CC-104,CAT-007,20322.22,Operating,REG-04
BUD-202607-DEP-010-CC-104-CAT-009,2026,Q3,July,DEP-010,CC-104,CAT-009,31020.02,Operating,REG-07
BUD-202607-DEP-010-CC-109-CAT-011,2026,Q3,July,DEP-010,CC-109,CAT-011,30299.71,Departmental,REG-03
BUD-202607-DEP-010-CC-117-CAT-004,2026,Q3,July,DEP-010,CC-117,CAT-004,42263.24,Operating,REG-06
BUD-202607-DEP-010-CC-107-CAT-010,2026,Q3,July,DEP-010,CC-107,CAT-010,27177.11,Departmental,REG-04
BUD-202607-DEP-010-CC-106-CAT-006,2026,Q3,July,DEP-010,CC-106,CAT-006,36551.07,Departmental,REG-06
BUD-202607-DEP-010-CC-119-CAT-013,2026,Q3,July,DEP-010,CC-119,CAT-013,40684.31,Capital,REG-01
BUD-202607-DEP-010-CC-119-CAT-007,2026,Q3,July,DEP-010,CC-119,CAT-007,20789.44,Project,REG-04
BUD-202607-DEP-010-CC-120-CAT-011,2026,Q3,July,DEP-010,CC-120,CAT-011,31077.54,Departmental,REG-01
BUD-202607-DEP-010-CC-113-CAT-004,2026,Q3,July,DEP-010,CC-113,CAT-004,47842.66,Departmental,REG-04
BUD-202607-DEP-010-CC-113-CAT-006,2026,Q3,July,DEP-010,CC-113,CAT-006,34131.91,Operating,REG-01
BUD-202607-DEP-010-CC-117-CAT-015,2026,Q3,July,DEP-010,CC-117,CAT-015,33470.9,Operating,REG-08
BUD-202607-DEP-010-CC-103-CAT-009,2026,Q3,July,DEP-010,CC-103,CAT-009,28211.88,Departmental,REG-03
BUD-202607-DEP-010-CC-120-CAT-006,2026,Q3,July,DEP-010,CC-120,CAT-006,36600.61,Operating,REG-01
BUD-202607-DEP-010-CC-109-CAT-007,2026,Q3,July,DEP-010,CC-109,CAT-007,18107.18,Operating,REG-07
BUD-202607-DEP-010-CC-104-CAT-010,2026,Q3,July,DEP-010,CC-104,CAT-010,24543.99,Operating,REG-07
BUD-202607-DEP-010-CC-114-CAT-001,2026,Q3,July,DEP-010,CC-114,CAT-001,37119.49,Capital,REG-08
BUD-202607-DEP-010-CC-103-CAT-013,2026,Q3,July,DEP-010,CC-103,CAT-013,39474.73,Departmental,REG-03
BUD-202607-DEP-010-CC-116-CAT-010,2026,Q3,July,DEP-010,CC-116,CAT-010,27866.49,Capital,REG-04
BUD-202607-DEP-010-CC-115-CAT-012,2026,Q3,July,DEP-010,CC-115,CAT-012,23260.83,Departmental,REG-02
BUD-202607-DEP-010-CC-118-CAT-011,2026,Q3,July,DEP-010,CC-118,CAT-011,35592.4,Departmental,REG-05
BUD-202607-DEP-010-CC-119-CAT-002,2026,Q3,July,DEP-010,CC-119,CAT-002,22971.2,Departmental,REG-07
BUD-202607-DEP-010-CC-108-CAT-011,2026,Q3,July,DEP-010,CC-108,CAT-011,31553.63,Capital,REG-04
BUD-202607-DEP-010-CC-113-CAT-004,2026,Q3,July,DEP-010,CC-113,CAT-004,40913.23,Operating,REG-01
BUD-202607-DEP-010-CC-104-CAT-010,2026,Q3,July,DEP-010,CC-104,CAT-010,27634.48,Capital,REG-02
BUD-202607-DEP-010-CC-104-CAT-012,2026,Q3,July,DEP-010,CC-104,CAT-012,21230.61,Operating,REG-01
BUD-202607-DEP-010-CC-115-CAT-005,2026,Q3,July,DEP-010,CC-115,CAT-005,28712.03,Operating,REG-01
BUD-202606-DEP-001-CC-111-CAT-011,2026,Q2,June,DEP-001,CC-111,CAT-011,43633.4,Operating,REG-07
BUD-202606-DEP-001-CC-117-CAT-007,2026,Q2,June,DEP-001,CC-117,CAT-007,23050.4,Project,REG-06
BUD-202606-DEP-001-CC-102-CAT-006,2026,Q2,June,DEP-001,CC-102,CAT-006,43792.79,Operating,REG-03
BUD-202606-DEP-001-CC-107-CAT-007,2026,Q2,June,DEP-001,CC-107,CAT-007,22883.84,Operating,REG-04
BUD-202606-DEP-001-CC-116-CAT-013,2026,Q2,June,DEP-001,CC-116,CAT-013,44814.72,Operating,REG-03
BUD-202606-DEP-001-CC-115-CAT-003,2026,Q2,June,DEP-001,CC-115,CAT-003,37864.01,Operating,REG-06
BUD-202606-DEP-001-CC-113-CAT-012,2026,Q2,June,DEP-001,CC-113,CAT-012,28410.84,Operating,REG-03
BUD-202606-DEP-001-CC-111-CAT-001,2026,Q2,June,DEP-001,CC-111,CAT-001,40258.77,Project,REG-02
BUD-202606-DEP-001-CC-120-CAT-014,2026,Q2,June,DEP-001,CC-120,CAT-014,32227.58,Operating,REG-08
BUD-202606-DEP-001-CC-119-CAT-014,2026,Q2,June,DEP-001,CC-119,CAT-014,33555.38,Project,REG-06
BUD-202606-DEP-001-CC-114-CAT-004,2026,Q2,June,DEP-001,CC-114,CAT-004,53435.09,Operating,REG-03
BUD-202606-DEP-001-CC-112-CAT-003,2026,Q2,June,DEP-001,CC-112,CAT-003,35441.38,Operating,REG-02
BUD-202606-DEP-001-CC-102-CAT-007,2026,Q2,June,DEP-001,CC-102,CAT-007,24996.88,Departmental,REG-02
BUD-202606-DEP-001-CC-120-CAT-003,2026,Q2,June,DEP-001,CC-120,CAT-003,36458.92,Operating,REG-04
BUD-202606-DEP-001-CC-112-CAT-009,2026,Q2,June,DEP-001,CC-112,CAT-009,35431.57,Operating,REG-02
BUD-202606-DEP-001-CC-108-CAT-007,2026,Q2,June,DEP-001,CC-108,CAT-007,21684.32,Departmental,REG-02
BUD-202606-DEP-001-CC-108-CAT-015,2026,Q2,June,DEP-001,CC-108,CAT-015,34232.41,Project,REG-05
BUD-202606-DEP-001-CC-104-CAT-010,2026,Q2,June,DEP-001,CC-104,CAT-010,27411.0,Operating,REG-05
BUD-202606-DEP-001-CC-101-CAT-011,2026,Q2,June,DEP-001,CC-101,CAT-011,40143.13,Departmental,REG-03
BUD-202606-DEP-001-CC-113-CAT-014,2026,Q2,June,DEP-001,CC-113,CAT-014,34133.14,Operating,REG-06
BUD-202606-DEP-001-CC-107-CAT-013,2026,Q2,June,DEP-001,CC-107,CAT-013,45212.92,Operating,REG-01
BUD-202606-DEP-001-CC-116-CAT-013,2026,Q2,June,DEP-001,CC-116,CAT-013,40949.88,Operating,REG-01
BUD-202606-DEP-001-CC-112-CAT-011,2026,Q2,June,DEP-001,CC-112,CAT-011,36890.83,Operating,REG-06
BUD-202606-DEP-001-CC-111-CAT-012,2026,Q2,June,DEP-001,CC-111,CAT-012,28596.48,Capital,REG-02
BUD-202606-DEP-001-CC-110-CAT-008,2026,Q2,June,DEP-001,CC-110,CAT-008,45310.93,Operating,REG-06
BUD-202606-DEP-001-CC-112-CAT-003,2026,Q2,June,DEP-001,CC-112,CAT-003,38678.02,Operating,REG-03
BUD-202606-DEP-001-CC-111-CAT-001,2026,Q2,June,DEP-001,CC-111,CAT-001,40561.06,Capital,REG-08
BUD-202606-DEP-001-CC-107-CAT-007,2026,Q2,June,DEP-001,CC-107,CAT-007,22247.83,Capital,REG-02
BUD-202606-DEP-001-CC-111-CAT-009,2026,Q2,June,DEP-001,CC-111,CAT-009,32501.7,Departmental,REG-08
BUD-202606-DEP-001-CC-117-CAT-009,2026,Q2,June,DEP-001,CC-117,CAT-009,30694.56,Operating,REG-04
BUD-202606-DEP-001-CC-118-CAT-014,2026,Q2,June,DEP-001,CC-118,CAT-014,34298.04,Operating,REG-04
BUD-202606-DEP-001-CC-103-CAT-013,2026,Q2,June,DEP-001,CC-103,CAT-013,40090.67,Operating,REG-04
BUD-202606-DEP-001-CC-105-CAT-011,2026,Q2,June,DEP-001,CC-105,CAT-011,39894.6,Departmental,REG-08
BUD-202606-DEP-002-CC-107-CAT-014,2026,Q2,June,DEP-002,CC-107,CAT-014,25237.7,Capital,REG-08
BUD-202606-DEP-002-CC-102-CAT-009,2026,Q2,June,DEP-002,CC-102,CAT-009,22491.84,Operating,REG-04
BUD-202606-DEP-002-CC-102-CAT-008,2026,Q2,June,DEP-002,CC-102,CAT-008,33486.92,Operating,REG-07
BUD-202606-DEP-002-CC-109-CAT-005,2026,Q2,June,DEP-002,CC-109,CAT-005,22746.01,Operating,REG-06
BUD-202606-DEP-002-CC-103-CAT-013,2026,Q2,June,DEP-002,CC-103,CAT-013,30380.25,Operating,REG-07
BUD-202606-DEP-002-CC-104-CAT-015,2026,Q2,June,DEP-002,CC-104,CAT-015,26251.82,Operating,REG-08
BUD-202606-DEP-002-CC-114-CAT-012,2026,Q2,June,DEP-002,CC-114,CAT-012,18298.38,Project,REG-05
BUD-202606-DEP-002-CC-109-CAT-013,2026,Q2,June,DEP-002,CC-109,CAT-013,29203.07,Operating,REG-06
BUD-202606-DEP-002-CC-113-CAT-007,2026,Q2,June,DEP-002,CC-113,CAT-007,16127.83,Departmental,REG-04
BUD-202606-DEP-002-CC-106-CAT-008,2026,Q2,June,DEP-002,CC-106,CAT-008,33176.0,Departmental,REG-05
BUD-202606-DEP-002-CC-107-CAT-004,2026,Q2,June,DEP-002,CC-107,CAT-004,34463.76,Operating,REG-06
BUD-202606-DEP-002-CC-109-CAT-003,2026,Q2,June,DEP-002,CC-109,CAT-003,28322.52,Capital,REG-01
BUD-202606-DEP-002-CC-108-CAT-003,2026,Q2,June,DEP-002,CC-108,CAT-003,25134.11,Operating,REG-01
BUD-202606-DEP-002-CC-103-CAT-010,2026,Q2,June,DEP-002,CC-103,CAT-010,23489.36,Project,REG-02
BUD-202606-DEP-002-CC-107-CAT-012,2026,Q2,June,DEP-002,CC-107,CAT-012,19481.37,Capital,REG-03
BUD-202606-DEP-002-CC-118-CAT-002,2026,Q2,June,DEP-002,CC-118,CAT-002,18852.64,Project,REG-08
BUD-202606-DEP-002-CC-108-CAT-008,2026,Q2,June,DEP-002,CC-108,CAT-008,34400.84,Operating,REG-02
BUD-202606-DEP-002-CC-108-CAT-012,2026,Q2,June,DEP-002,CC-108,CAT-012,20624.81,Operating,REG-05
BUD-202606-DEP-002-CC-109-CAT-008,2026,Q2,June,DEP-002,CC-109,CAT-008,30877.2,Project,REG-06
BUD-202606-DEP-002-CC-103-CAT-010,2026,Q2,June,DEP-002,CC-103,CAT-010,22294.95,Project,REG-02
BUD-202606-DEP-002-CC-116-CAT-009,2026,Q2,June,DEP-002,CC-116,CAT-009,22502.68,Departmental,REG-04
BUD-202606-DEP-002-CC-116-CAT-015,2026,Q2,June,DEP-002,CC-116,CAT-015,26078.84,Operating,REG-06
BUD-202606-DEP-002-CC-103-CAT-002,2026,Q2,June,DEP-002,CC-103,CAT-002,16851.83,Operating,REG-03
BUD-202606-DEP-002-CC-119-CAT-001,2026,Q2,June,DEP-002,CC-119,CAT-001,30163.68,Capital,REG-08
BUD-202606-DEP-002-CC-112-CAT-001,2026,Q2,June,DEP-002,CC-112,CAT-001,28941.14,Operating,REG-07
BUD-202606-DEP-002-CC-102-CAT-010,2026,Q2,June,DEP-002,CC-102,CAT-010,19310.98,Departmental,REG-05
BUD-202606-DEP-002-CC-101-CAT-014,2026,Q2,June,DEP-002,CC-101,CAT-014,25927.93,Operating,REG-07
BUD-202606-DEP-002-CC-103-CAT-010,2026,Q2,June,DEP-002,CC-103,CAT-010,23189.46,Project,REG-04
BUD-202606-DEP-002-CC-105-CAT-006,2026,Q2,June,DEP-002,CC-105,CAT-006,32355.75,Project,REG-06
BUD-202606-DEP-002-CC-104-CAT-007,2026,Q2,June,DEP-002,CC-104,CAT-007,14539.14,Project,REG-05
BUD-202606-DEP-002-CC-113-CAT-004,2026,Q2,June,DEP-002,CC-113,CAT-004,33738.83,Project,REG-06
BUD-202606-DEP-002-CC-114-CAT-014,2026,Q2,June,DEP-002,CC-114,CAT-014,26503.51,Departmental,REG-05
BUD-202606-DEP-003-CC-120-CAT-015,2026,Q2,June,DEP-003,CC-120,CAT-015,44695.69,Operating,REG-05
BUD-202606-DEP-003-CC-115-CAT-005,2026,Q2,June,DEP-003,CC-115,CAT-005,36230.44,Capital,REG-02
BUD-202606-DEP-003-CC-114-CAT-012,2026,Q2,June,DEP-003,CC-114,CAT-012,29450.45,Capital,REG-01
BUD-202606-DEP-003-CC-104-CAT-004,2026,Q2,June,DEP-003,CC-104,CAT-004,54458.29,Operating,REG-03
BUD-202606-DEP-003-CC-111-CAT-015,2026,Q2,June,DEP-003,CC-111,CAT-015,46810.78,Operating,REG-07
BUD-202606-DEP-003-CC-104-CAT-002,2026,Q2,June,DEP-003,CC-104,CAT-002,30087.16,Operating,REG-05
BUD-202606-DEP-003-CC-111-CAT-007,2026,Q2,June,DEP-003,CC-111,CAT-007,23991.63,Operating,REG-02
BUD-202606-DEP-003-CC-111-CAT-004,2026,Q2,June,DEP-003,CC-111,CAT-004,68861.69,Project,REG-04
BUD-202606-DEP-003-CC-103-CAT-005,2026,Q2,June,DEP-003,CC-103,CAT-005,33127.06,Operating,REG-08
BUD-202606-DEP-003-CC-118-CAT-006,2026,Q2,June,DEP-003,CC-118,CAT-006,44780.69,Departmental,REG-06
BUD-202606-DEP-003-CC-104-CAT-005,2026,Q2,June,DEP-003,CC-104,CAT-005,34432.89,Departmental,REG-04
BUD-202606-DEP-003-CC-118-CAT-011,2026,Q2,June,DEP-003,CC-118,CAT-011,47810.4,Departmental,REG-03
BUD-202606-DEP-003-CC-114-CAT-013,2026,Q2,June,DEP-003,CC-114,CAT-013,54287.58,Operating,REG-07
BUD-202606-DEP-003-CC-109-CAT-013,2026,Q2,June,DEP-003,CC-109,CAT-013,50720.09,Capital,REG-07
BUD-202606-DEP-003-CC-118-CAT-006,2026,Q2,June,DEP-003,CC-118,CAT-006,50724.73,Operating,REG-06
BUD-202606-DEP-003-CC-107-CAT-010,2026,Q2,June,DEP-003,CC-107,CAT-010,31330.76,Project,REG-03
BUD-202606-DEP-003-CC-109-CAT-004,2026,Q2,June,DEP-003,CC-109,CAT-004,65764.81,Project,REG-02
BUD-202606-DEP-003-CC-106-CAT-003,2026,Q2,June,DEP-003,CC-106,CAT-003,42598.24,Operating,REG-07
BUD-202606-DEP-003-CC-114-CAT-002,2026,Q2,June,DEP-003,CC-114,CAT-002,32409.28,Capital,REG-05
BUD-202606-DEP-003-CC-112-CAT-009,2026,Q2,June,DEP-003,CC-112,CAT-009,40641.58,Capital,REG-01
BUD-202606-DEP-003-CC-102-CAT-006,2026,Q2,June,DEP-003,CC-102,CAT-006,48281.81,Operating,REG-06
BUD-202606-DEP-003-CC-119-CAT-002,2026,Q2,June,DEP-003,CC-119,CAT-002,27779.51,Operating,REG-03
BUD-202606-DEP-003-CC-113-CAT-009,2026,Q2,June,DEP-003,CC-113,CAT-009,39174.87,Operating,REG-05
BUD-202606-DEP-003-CC-107-CAT-001,2026,Q2,June,DEP-003,CC-107,CAT-001,57384.09,Departmental,REG-08
BUD-202606-DEP-003-CC-112-CAT-007,2026,Q2,June,DEP-003,CC-112,CAT-007,27044.22,Project,REG-05
BUD-202606-DEP-003-CC-114-CAT-003,2026,Q2,June,DEP-003,CC-114,CAT-003,43956.86,Capital,REG-01
BUD-202606-DEP-003-CC-110-CAT-009,2026,Q2,June,DEP-003,CC-110,CAT-009,38756.14,Operating,REG-05
BUD-202606-DEP-003-CC-120-CAT-007,2026,Q2,June,DEP-003,CC-120,CAT-007,29855.0,Capital,REG-06
BUD-202606-DEP-003-CC-113-CAT-005,2026,Q2,June,DEP-003,CC-113,CAT-005,40858.59,Departmental,REG-01
BUD-202606-DEP-003-CC-113-CAT-008,2026,Q2,June,DEP-003,CC-113,CAT-008,51079.95,Operating,REG-03
BUD-202606-DEP-003-CC-104-CAT-006,2026,Q2,June,DEP-003,CC-104,CAT-006,42364.36,Operating,REG-06
BUD-202606-DEP-003-CC-108-CAT-002,2026,Q2,June,DEP-003,CC-108,CAT-002,33784.11,Operating,REG-04
BUD-202606-DEP-003-CC-104-CAT-001,2026,Q2,June,DEP-003,CC-104,CAT-001,51242.6,Operating,REG-06
BUD-202606-DEP-003-CC-110-CAT-008,2026,Q2,June,DEP-003,CC-110,CAT-008,55064.71,Operating,REG-04
BUD-202606-DEP-003-CC-107-CAT-004,2026,Q2,June,DEP-003,CC-107,CAT-004,63100.87,Departmental,REG-01
BUD-202606-DEP-003-CC-118-CAT-010,2026,Q2,June,DEP-003,CC-118,CAT-010,34304.78,Operating,REG-05
BUD-202606-DEP-003-CC-112-CAT-007,2026,Q2,June,DEP-003,CC-112,CAT-007,26104.9,Operating,REG-05
BUD-202606-DEP-004-CC-102-CAT-011,2026,Q2,June,DEP-004,CC-102,CAT-011,32657.85,Operating,REG-02
BUD-202606-DEP-004-CC-108-CAT-007,2026,Q2,June,DEP-004,CC-108,CAT-007,20012.47,Operating,REG-08
BUD-202606-DEP-004-CC-113-CAT-009,2026,Q2,June,DEP-004,CC-113,CAT-009,26738.63,Operating,REG-01
BUD-202606-DEP-004-CC-104-CAT-011,2026,Q2,June,DEP-004,CC-104,CAT-011,32247.67,Operating,REG-05
BUD-202606-DEP-004-CC-118-CAT-013,2026,Q2,June,DEP-004,CC-118,CAT-013,30333.85,Operating,REG-01
BUD-202606-DEP-004-CC-111-CAT-002,2026,Q2,June,DEP-004,CC-111,CAT-002,23139.54,Operating,REG-01
BUD-202606-DEP-004-CC-101-CAT-001,2026,Q2,June,DEP-004,CC-101,CAT-001,37304.98,Operating,REG-01
BUD-202606-DEP-004-CC-114-CAT-012,2026,Q2,June,DEP-004,CC-114,CAT-012,20387.89,Project,REG-04
BUD-202606-DEP-004-CC-118-CAT-012,2026,Q2,June,DEP-004,CC-118,CAT-012,23350.65,Operating,REG-01
BUD-202606-DEP-004-CC-105-CAT-015,2026,Q2,June,DEP-004,CC-105,CAT-015,27703.85,Capital,REG-02
BUD-202606-DEP-004-CC-101-CAT-014,2026,Q2,June,DEP-004,CC-101,CAT-014,27080.36,Project,REG-08
BUD-202606-DEP-004-CC-105-CAT-009,2026,Q2,June,DEP-004,CC-105,CAT-009,26444.59,Project,REG-07
BUD-202606-DEP-004-CC-120-CAT-009,2026,Q2,June,DEP-004,CC-120,CAT-009,26605.62,Operating,REG-07
BUD-202606-DEP-004-CC-104-CAT-007,2026,Q2,June,DEP-004,CC-104,CAT-007,17817.42,Project,REG-01
BUD-202606-DEP-004-CC-114-CAT-001,2026,Q2,June,DEP-004,CC-114,CAT-001,33836.46,Operating,REG-08
BUD-202606-DEP-004-CC-104-CAT-014,2026,Q2,June,DEP-004,CC-104,CAT-014,26871.62,Project,REG-08
BUD-202606-DEP-004-CC-114-CAT-015,2026,Q2,June,DEP-004,CC-114,CAT-015,32616.18,Departmental,REG-08
BUD-202606-DEP-004-CC-102-CAT-004,2026,Q2,June,DEP-004,CC-102,CAT-004,40151.86,Departmental,REG-08
BUD-202606-DEP-004-CC-110-CAT-011,2026,Q2,June,DEP-004,CC-110,CAT-011,27956.34,Departmental,REG-03
BUD-202606-DEP-004-CC-111-CAT-002,2026,Q2,June,DEP-004,CC-111,CAT-002,19628.25,Operating,REG-03
BUD-202606-DEP-004-CC-105-CAT-001,2026,Q2,June,DEP-004,CC-105,CAT-001,38639.3,Operating,REG-02
BUD-202606-DEP-004-CC-103-CAT-012,2026,Q2,June,DEP-004,CC-103,CAT-012,24353.23,Operating,REG-06
BUD-202606-DEP-004-CC-106-CAT-009,2026,Q2,June,DEP-004,CC-106,CAT-009,26019.66,Operating,REG-06
BUD-202606-DEP-004-CC-112-CAT-009,2026,Q2,June,DEP-004,CC-112,CAT-009,28357.05,Departmental,REG-08
BUD-202606-DEP-004-CC-103-CAT-012,2026,Q2,June,DEP-004,CC-103,CAT-012,23962.69,Operating,REG-08
BUD-202606-DEP-004-CC-119-CAT-013,2026,Q2,June,DEP-004,CC-119,CAT-013,35700.89,Operating,REG-03
BUD-202606-DEP-004-CC-112-CAT-008,2026,Q2,June,DEP-004,CC-112,CAT-008,41463.61,Operating,REG-06
BUD-202606-DEP-004-CC-107-CAT-005,2026,Q2,June,DEP-004,CC-107,CAT-005,26111.75,Operating,REG-01
BUD-202606-DEP-004-CC-120-CAT-005,2026,Q2,June,DEP-004,CC-120,CAT-005,27722.13,Departmental,REG-01
BUD-202606-DEP-004-CC-114-CAT-003,2026,Q2,June,DEP-004,CC-114,CAT-003,29974.96,Operating,REG-04
BUD-202606-DEP-005-CC-115-CAT-004,2026,Q2,June,DEP-005,CC-115,CAT-004,53387.59,Project,REG-07
BUD-202606-DEP-005-CC-112-CAT-004,2026,Q2,June,DEP-005,CC-112,CAT-004,52905.88,Departmental,REG-06
BUD-202606-DEP-005-CC-119-CAT-013,2026,Q2,June,DEP-005,CC-119,CAT-013,38091.38,Departmental,REG-05
BUD-202606-DEP-005-CC-106-CAT-002,2026,Q2,June,DEP-005,CC-106,CAT-002,24952.72,Operating,REG-01
BUD-202606-DEP-005-CC-109-CAT-004,2026,Q2,June,DEP-005,CC-109,CAT-004,44516.44,Operating,REG-08
BUD-202606-DEP-005-CC-108-CAT-008,2026,Q2,June,DEP-005,CC-108,CAT-008,46913.62,Capital,REG-07
BUD-202606-DEP-005-CC-118-CAT-011,2026,Q2,June,DEP-005,CC-118,CAT-011,34439.01,Departmental,REG-08
BUD-202606-DEP-005-CC-104-CAT-002,2026,Q2,June,DEP-005,CC-104,CAT-002,26657.89,Capital,REG-05
BUD-202606-DEP-005-CC-118-CAT-003,2026,Q2,June,DEP-005,CC-118,CAT-003,36972.39,Project,REG-07
BUD-202606-DEP-005-CC-118-CAT-008,2026,Q2,June,DEP-005,CC-118,CAT-008,44636.54,Operating,REG-02
BUD-202606-DEP-005-CC-117-CAT-005,2026,Q2,June,DEP-005,CC-117,CAT-005,31109.31,Operating,REG-07
BUD-202606-DEP-005-CC-104-CAT-008,2026,Q2,June,DEP-005,CC-104,CAT-008,38609.37,Operating,REG-03
BUD-202606-DEP-005-CC-107-CAT-015,2026,Q2,June,DEP-005,CC-107,CAT-015,36332.95,Operating,REG-06
BUD-202606-DEP-005-CC-116-CAT-005,2026,Q2,June,DEP-005,CC-116,CAT-005,26292.43,Operating,REG-07
BUD-202606-DEP-005-CC-109-CAT-014,2026,Q2,June,DEP-005,CC-109,CAT-014,34094.69,Capital,REG-02
BUD-202606-DEP-005-CC-113-CAT-011,2026,Q2,June,DEP-005,CC-113,CAT-011,37636.59,Project,REG-04
BUD-202606-DEP-005-CC-109-CAT-004,2026,Q2,June,DEP-005,CC-109,CAT-004,45767.97,Operating,REG-07
BUD-202606-DEP-005-CC-115-CAT-004,2026,Q2,June,DEP-005,CC-115,CAT-004,53411.37,Operating,REG-06
BUD-202606-DEP-005-CC-106-CAT-007,2026,Q2,June,DEP-005,CC-106,CAT-007,19509.2,Operating,REG-07
BUD-202606-DEP-005-CC-118-CAT-008,2026,Q2,June,DEP-005,CC-118,CAT-008,40167.82,Project,REG-04
BUD-202606-DEP-005-CC-118-CAT-009,2026,Q2,June,DEP-005,CC-118,CAT-009,26775.6,Departmental,REG-02
BUD-202606-DEP-005-CC-114-CAT-002,2026,Q2,June,DEP-005,CC-114,CAT-002,25045.03,Capital,REG-05
BUD-202606-DEP-005-CC-112-CAT-007,2026,Q2,June,DEP-005,CC-112,CAT-007,21935.69,Capital,REG-03
BUD-202606-DEP-005-CC-120-CAT-005,2026,Q2,June,DEP-005,CC-120,CAT-005,26893.74,Operating,REG-07
BUD-202606-DEP-005-CC-119-CAT-015,2026,Q2,June,DEP-005,CC-119,CAT-015,31535.22,Capital,REG-08
BUD-202606-DEP-005-CC-114-CAT-003,2026,Q2,June,DEP-005,CC-114,CAT-003,30185.54,Operating,REG-06
BUD-202606-DEP-005-CC-110-CAT-002,2026,Q2,June,DEP-005,CC-110,CAT-002,23949.91,Operating,REG-01
BUD-202606-DEP-005-CC-111-CAT-001,2026,Q2,June,DEP-005,CC-111,CAT-001,36402.59,Project,REG-05
BUD-202606-DEP-005-CC-116-CAT-006,2026,Q2,June,DEP-005,CC-116,CAT-006,34378.01,Departmental,REG-03
BUD-202606-DEP-005-CC-113-CAT-001,2026,Q2,June,DEP-005,CC-113,CAT-001,42657.29,Operating,REG-02
BUD-202606-DEP-005-CC-115-CAT-001,2026,Q2,June,DEP-005,CC-115,CAT-001,39080.55,Operating,REG-04
BUD-202606-DEP-005-CC-109-CAT-008,2026,Q2,June,DEP-005,CC-109,CAT-008,40076.46,Departmental,REG-05
BUD-202606-DEP-005-CC-108-CAT-008,2026,Q2,June,DEP-005,CC-108,CAT-008,42699.2,Operating,REG-08
BUD-202606-DEP-005-CC-117-CAT-007,2026,Q2,June,DEP-005,CC-117,CAT-007,19875.47,Operating,REG-03
BUD-202606-DEP-005-CC-112-CAT-015,2026,Q2,June,DEP-005,CC-112,CAT-015,30797.97,Capital,REG-08
BUD-202606-DEP-005-CC-116-CAT-014,2026,Q2,June,DEP-005,CC-116,CAT-014,30199.12,Project,REG-07
BUD-202606-DEP-005-CC-107-CAT-015,2026,Q2,June,DEP-005,CC-107,CAT-015,38802.43,Capital,REG-06
BUD-202606-DEP-005-CC-105-CAT-004,2026,Q2,June,DEP-005,CC-105,CAT-004,43792.06,Capital,REG-07
BUD-202606-DEP-005-CC-117-CAT-006,2026,Q2,June,DEP-005,CC-117,CAT-006,39935.25,Project,REG-02
BUD-202606-DEP-005-CC-101-CAT-006,2026,Q2,June,DEP-005,CC-101,CAT-006,37661.01,Capital,REG-01
BUD-202606-DEP-005-CC-116-CAT-015,2026,Q2,June,DEP-005,CC-116,CAT-015,36107.2,Departmental,REG-08
BUD-202606-DEP-006-CC-110-CAT-013,2026,Q2,June,DEP-006,CC-110,CAT-013,27794.46,Operating,REG-04
BUD-202606-DEP-006-CC-108-CAT-013,2026,Q2,June,DEP-006,CC-108,CAT-013,24516.24,Operating,REG-06
BUD-202606-DEP-006-CC-104-CAT-008,2026,Q2,June,DEP-006,CC-104,CAT-008,27789.91,Capital,REG-04
BUD-202606-DEP-006-CC-114-CAT-007,2026,Q2,June,DEP-006,CC-114,CAT-007,15877.31,Operating,REG-07
BUD-202606-DEP-006-CC-107-CAT-008,2026,Q2,June,DEP-006,CC-107,CAT-008,27161.63,Capital,REG-06
BUD-202606-DEP-006-CC-102-CAT-013,2026,Q2,June,DEP-006,CC-102,CAT-013,27282.53,Operating,REG-05
BUD-202606-DEP-006-CC-119-CAT-001,2026,Q2,June,DEP-006,CC-119,CAT-001,30464.62,Operating,REG-06
BUD-202606-DEP-006-CC-107-CAT-013,2026,Q2,June,DEP-006,CC-107,CAT-013,29578.99,Capital,REG-01
BUD-202606-DEP-006-CC-110-CAT-013,2026,Q2,June,DEP-006,CC-110,CAT-013,26248.82,Operating,REG-07
BUD-202606-DEP-006-CC-111-CAT-013,2026,Q2,June,DEP-006,CC-111,CAT-013,29010.38,Capital,REG-06
BUD-202606-DEP-006-CC-105-CAT-005,2026,Q2,June,DEP-006,CC-105,CAT-005,20135.35,Operating,REG-01
BUD-202606-DEP-006-CC-119-CAT-001,2026,Q2,June,DEP-006,CC-119,CAT-001,26454.26,Operating,REG-04
BUD-202606-DEP-006-CC-112-CAT-001,2026,Q2,June,DEP-006,CC-112,CAT-001,26013.9,Operating,REG-02
BUD-202606-DEP-006-CC-118-CAT-003,2026,Q2,June,DEP-006,CC-118,CAT-003,21928.49,Operating,REG-08
BUD-202606-DEP-006-CC-109-CAT-008,2026,Q2,June,DEP-006,CC-109,CAT-008,29352.93,Operating,REG-04
BUD-202606-DEP-006-CC-110-CAT-010,2026,Q2,June,DEP-006,CC-110,CAT-010,17162.68,Capital,REG-07
BUD-202606-DEP-006-CC-108-CAT-010,2026,Q2,June,DEP-006,CC-108,CAT-010,16858.4,Operating,REG-04
BUD-202606-DEP-006-CC-102-CAT-008,2026,Q2,June,DEP-006,CC-102,CAT-008,31302.78,Project,REG-07
BUD-202606-DEP-006-CC-120-CAT-008,2026,Q2,June,DEP-006,CC-120,CAT-008,33153.35,Operating,REG-04
BUD-202606-DEP-006-CC-112-CAT-011,2026,Q2,June,DEP-006,CC-112,CAT-011,27138.66,Operating,REG-01
BUD-202606-DEP-006-CC-108-CAT-013,2026,Q2,June,DEP-006,CC-108,CAT-013,25300.33,Project,REG-01
BUD-202606-DEP-006-CC-110-CAT-014,2026,Q2,June,DEP-006,CC-110,CAT-014,19116.8,Operating,REG-03
BUD-202606-DEP-006-CC-107-CAT-014,2026,Q2,June,DEP-006,CC-107,CAT-014,20182.63,Operating,REG-04
BUD-202606-DEP-006-CC-110-CAT-014,2026,Q2,June,DEP-006,CC-110,CAT-014,20626.44,Project,REG-04
BUD-202606-DEP-006-CC-105-CAT-004,2026,Q2,June,DEP-006,CC-105,CAT-004,35571.15,Operating,REG-01
BUD-202606-DEP-006-CC-101-CAT-006,2026,Q2,June,DEP-006,CC-101,CAT-006,27613.26,Departmental,REG-05
BUD-202606-DEP-006-CC-112-CAT-008,2026,Q2,June,DEP-006,CC-112,CAT-008,27563.82,Project,REG-06
BUD-202606-DEP-006-CC-107-CAT-009,2026,Q2,June,DEP-006,CC-107,CAT-009,19831.09,Capital,REG-04
BUD-202606-DEP-006-CC-108-CAT-011,2026,Q2,June,DEP-006,CC-108,CAT-011,26138.56,Operating,REG-06
BUD-202606-DEP-006-CC-114-CAT-014,2026,Q2,June,DEP-006,CC-114,CAT-014,20141.81,Operating,REG-02
BUD-202606-DEP-006-CC-110-CAT-012,2026,Q2,June,DEP-006,CC-110,CAT-012,18905.08,Departmental,REG-06
BUD-202606-DEP-006-CC-118-CAT-009,2026,Q2,June,DEP-006,CC-118,CAT-009,20924.87,Operating,REG-02
BUD-202606-DEP-006-CC-117-CAT-013,2026,Q2,June,DEP-006,CC-117,CAT-013,26325.41,Departmental,REG-07
BUD-202606-DEP-006-CC-102-CAT-006,2026,Q2,June,DEP-006,CC-102,CAT-006,28143.02,Project,REG-05
BUD-202606-DEP-006-CC-112-CAT-012,2026,Q2,June,DEP-006,CC-112,CAT-012,18410.87,Operating,REG-04
BUD-202606-DEP-006-CC-105-CAT-009,2026,Q2,June,DEP-006,CC-105,CAT-009,19202.53,Capital,REG-02
BUD-202606-DEP-006-CC-105-CAT-014,2026,Q2,June,DEP-006,CC-105,CAT-014,20603.0,Operating,REG-06
BUD-202606-DEP-006-CC-112-CAT-009,2026,Q2,June,DEP-006,CC-112,CAT-009,18275.68,Operating,REG-08
BUD-202606-DEP-006-CC-110-CAT-001,2026,Q2,June,DEP-006,CC-110,CAT-001,26845.31,Operating,REG-08
BUD-202606-DEP-006-CC-116-CAT-001,2026,Q2,June,DEP-006,CC-116,CAT-001,30812.06,Project,REG-08
BUD-202606-DEP-006-CC-119-CAT-014,2026,Q2,June,DEP-006,CC-119,CAT-014,19161.67,Operating,REG-01
BUD-202606-DEP-006-CC-116-CAT-006,2026,Q2,June,DEP-006,CC-116,CAT-006,27966.0,Operating,REG-06
BUD-202606-DEP-007-CC-120-CAT-014,2026,Q2,June,DEP-007,CC-120,CAT-014,36411.41,Operating,REG-07
BUD-202606-DEP-007-CC-108-CAT-005,2026,Q2,June,DEP-007,CC-108,CAT-005,34130.46,Project,REG-05
BUD-202606-DEP-007-CC-120-CAT-006,2026,Q2,June,DEP-007,CC-120,CAT-006,41757.65,Operating,REG-05
BUD-202606-DEP-007-CC-101-CAT-002,2026,Q2,June,DEP-007,CC-101,CAT-002,31334.76,Operating,REG-07
BUD-202606-DEP-007-CC-120-CAT-014,2026,Q2,June,DEP-007,CC-120,CAT-014,38880.76,Operating,REG-07
BUD-202606-DEP-007-CC-113-CAT-002,2026,Q2,June,DEP-007,CC-113,CAT-002,29465.63,Project,REG-03
BUD-202606-DEP-007-CC-105-CAT-004,2026,Q2,June,DEP-007,CC-105,CAT-004,52031.69,Operating,REG-05
BUD-202606-DEP-007-CC-103-CAT-002,2026,Q2,June,DEP-007,CC-103,CAT-002,30715.18,Capital,REG-02
BUD-202606-DEP-007-CC-102-CAT-009,2026,Q2,June,DEP-007,CC-102,CAT-009,33126.15,Departmental,REG-04
BUD-202606-DEP-007-CC-115-CAT-015,2026,Q2,June,DEP-007,CC-115,CAT-015,42880.68,Departmental,REG-04
BUD-202606-DEP-007-CC-106-CAT-001,2026,Q2,June,DEP-007,CC-106,CAT-001,45303.86,Operating,REG-04
BUD-202606-DEP-007-CC-102-CAT-014,2026,Q2,June,DEP-007,CC-102,CAT-014,40584.96,Operating,REG-01
BUD-202606-DEP-007-CC-113-CAT-015,2026,Q2,June,DEP-007,CC-113,CAT-015,37241.53,Operating,REG-01
BUD-202606-DEP-007-CC-110-CAT-005,2026,Q2,June,DEP-007,CC-110,CAT-005,37671.59,Operating,REG-07
BUD-202606-DEP-007-CC-114-CAT-002,2026,Q2,June,DEP-007,CC-114,CAT-002,31042.67,Operating,REG-05
BUD-202606-DEP-007-CC-111-CAT-005,2026,Q2,June,DEP-007,CC-111,CAT-005,36737.13,Operating,REG-05
BUD-202606-DEP-007-CC-104-CAT-009,2026,Q2,June,DEP-007,CC-104,CAT-009,33930.08,Operating,REG-03
BUD-202606-DEP-007-CC-106-CAT-003,2026,Q2,June,DEP-007,CC-106,CAT-003,37888.75,Capital,REG-04
BUD-202606-DEP-007-CC-107-CAT-009,2026,Q2,June,DEP-007,CC-107,CAT-009,39392.37,Operating,REG-06
BUD-202606-DEP-007-CC-112-CAT-003,2026,Q2,June,DEP-007,CC-112,CAT-003,37934.18,Project,REG-04
BUD-202606-DEP-007-CC-110-CAT-015,2026,Q2,June,DEP-007,CC-110,CAT-015,42375.0,Departmental,REG-08
BUD-202606-DEP-007-CC-108-CAT-001,2026,Q2,June,DEP-007,CC-108,CAT-001,42581.65,Departmental,REG-04
BUD-202606-DEP-007-CC-110-CAT-011,2026,Q2,June,DEP-007,CC-110,CAT-011,38817.63,Operating,REG-06
BUD-202606-DEP-007-CC-112-CAT-010,2026,Q2,June,DEP-007,CC-112,CAT-010,33060.87,Project,REG-07
BUD-202606-DEP-007-CC-101-CAT-002,2026,Q2,June,DEP-007,CC-101,CAT-002,25358.91,Capital,REG-04
BUD-202606-DEP-007-CC-107-CAT-005,2026,Q2,June,DEP-007,CC-107,CAT-005,35652.73,Capital,REG-05
BUD-202606-DEP-007-CC-118-CAT-014,2026,Q2,June,DEP-007,CC-118,CAT-014,35772.15,Capital,REG-01
BUD-202606-DEP-007-CC-109-CAT-002,2026,Q2,June,DEP-007,CC-109,CAT-002,28722.3,Operating,REG-07
BUD-202606-DEP-007-CC-117-CAT-013,2026,Q2,June,DEP-007,CC-117,CAT-013,49540.74,Capital,REG-05
BUD-202606-DEP-007-CC-118-CAT-004,2026,Q2,June,DEP-007,CC-118,CAT-004,54869.9,Operating,REG-06
BUD-202606-DEP-007-CC-115-CAT-008,2026,Q2,June,DEP-007,CC-115,CAT-008,56019.23,Operating,REG-03
BUD-202606-DEP-007-CC-107-CAT-006,2026,Q2,June,DEP-007,CC-107,CAT-006,47264.25,Departmental,REG-02
BUD-202606-DEP-007-CC-118-CAT-009,2026,Q2,June,DEP-007,CC-118,CAT-009,32984.11,Capital,REG-08
BUD-202606-DEP-008-CC-120-CAT-005,2026,Q2,June,DEP-008,CC-120,CAT-005,25567.99,Operating,REG-02
BUD-202606-DEP-008-CC-108-CAT-010,2026,Q2,June,DEP-008,CC-108,CAT-010,23281.03,Project,REG-05
BUD-202606-DEP-008-CC-118-CAT-004,2026,Q2,June,DEP-008,CC-118,CAT-004,42803.64,Operating,REG-07
BUD-202606-DEP-008-CC-119-CAT-012,2026,Q2,June,DEP-008,CC-119,CAT-012,20015.7,Capital,REG-07
BUD-202606-DEP-008-CC-115-CAT-006,2026,Q2,June,DEP-008,CC-115,CAT-006,27928.38,Operating,REG-02
BUD-202606-DEP-008-CC-102-CAT-007,2026,Q2,June,DEP-008,CC-102,CAT-007,17238.74,Capital,REG-03
BUD-202606-DEP-008-CC-111-CAT-001,2026,Q2,June,DEP-008,CC-111,CAT-001,36378.84,Project,REG-08
BUD-202606-DEP-008-CC-119-CAT-013,2026,Q2,June,DEP-008,CC-119,CAT-013,32211.91,Operating,REG-04
BUD-202606-DEP-008-CC-116-CAT-007,2026,Q2,June,DEP-008,CC-116,CAT-007,18019.69,Operating,REG-08
BUD-202606-DEP-008-CC-108-CAT-005,2026,Q2,June,DEP-008,CC-108,CAT-005,21144.95,Departmental,REG-01
BUD-202606-DEP-008-CC-117-CAT-007,2026,Q2,June,DEP-008,CC-117,CAT-007,17131.06,Capital,REG-06
BUD-202606-DEP-008-CC-112-CAT-005,2026,Q2,June,DEP-008,CC-112,CAT-005,22824.51,Operating,REG-03
BUD-202606-DEP-008-CC-113-CAT-010,2026,Q2,June,DEP-008,CC-113,CAT-010,20176.33,Operating,REG-03
BUD-202606-DEP-008-CC-111-CAT-013,2026,Q2,June,DEP-008,CC-111,CAT-013,29742.91,Operating,REG-01
BUD-202606-DEP-008-CC-113-CAT-009,2026,Q2,June,DEP-008,CC-113,CAT-009,27295.01,Operating,REG-05
BUD-202606-DEP-008-CC-114-CAT-012,2026,Q2,June,DEP-008,CC-114,CAT-012,21202.02,Operating,REG-02
BUD-202606-DEP-008-CC-113-CAT-006,2026,Q2,June,DEP-008,CC-113,CAT-006,34504.04,Operating,REG-06
BUD-202606-DEP-008-CC-101-CAT-010,2026,Q2,June,DEP-008,CC-101,CAT-010,24643.38,Operating,REG-01
BUD-202606-DEP-008-CC-112-CAT-001,2026,Q2,June,DEP-008,CC-112,CAT-001,37012.22,Departmental,REG-01
BUD-202606-DEP-008-CC-117-CAT-005,2026,Q2,June,DEP-008,CC-117,CAT-005,23658.57,Operating,REG-05
BUD-202606-DEP-008-CC-104-CAT-009,2026,Q2,June,DEP-008,CC-104,CAT-009,24263.08,Capital,REG-02
BUD-202606-DEP-008-CC-102-CAT-012,2026,Q2,June,DEP-008,CC-102,CAT-012,19416.68,Departmental,REG-03
BUD-202606-DEP-008-CC-117-CAT-007,2026,Q2,June,DEP-008,CC-117,CAT-007,17546.37,Departmental,REG-02
BUD-202606-DEP-008-CC-102-CAT-011,2026,Q2,June,DEP-008,CC-102,CAT-011,26151.28,Operating,REG-05
BUD-202606-DEP-008-CC-106-CAT-014,2026,Q2,June,DEP-008,CC-106,CAT-014,26183.36,Capital,REG-06
BUD-202606-DEP-008-CC-111-CAT-003,2026,Q2,June,DEP-008,CC-111,CAT-003,26524.19,Operating,REG-07
BUD-202606-DEP-008-CC-101-CAT-002,2026,Q2,June,DEP-008,CC-101,CAT-002,19392.65,Operating,REG-07
BUD-202606-DEP-008-CC-114-CAT-012,2026,Q2,June,DEP-008,CC-114,CAT-012,18936.63,Operating,REG-05
BUD-202606-DEP-008-CC-110-CAT-012,2026,Q2,June,DEP-008,CC-110,CAT-012,19308.05,Operating,REG-02
BUD-202606-DEP-008-CC-102-CAT-007,2026,Q2,June,DEP-008,CC-102,CAT-007,18926.47,Capital,REG-07
BUD-202606-DEP-008-CC-113-CAT-003,2026,Q2,June,DEP-008,CC-113,CAT-003,26242.06,Operating,REG-01
BUD-202606-DEP-008-CC-110-CAT-004,2026,Q2,June,DEP-008,CC-110,CAT-004,39352.61,Operating,REG-06
BUD-202606-DEP-008-CC-112-CAT-002,2026,Q2,June,DEP-008,CC-112,CAT-002,19445.86,Operating,REG-06
BUD-202606-DEP-008-CC-102-CAT-001,2026,Q2,June,DEP-008,CC-102,CAT-001,29411.97,Operating,REG-01
BUD-202606-DEP-008-CC-102-CAT-006,2026,Q2,June,DEP-008,CC-102,CAT-006,28081.9,Project,REG-02
BUD-202606-DEP-008-CC-107-CAT-015,2026,Q2,June,DEP-008,CC-107,CAT-015,26558.8,Operating,REG-06
BUD-202606-DEP-008-CC-111-CAT-003,2026,Q2,June,DEP-008,CC-111,CAT-003,26435.64,Operating,REG-05
BUD-202606-DEP-008-CC-115-CAT-005,2026,Q2,June,DEP-008,CC-115,CAT-005,21060.33,Operating,REG-05
BUD-202606-DEP-008-CC-107-CAT-011,2026,Q2,June,DEP-008,CC-107,CAT-011,31482.29,Operating,REG-08
BUD-202606-DEP-008-CC-110-CAT-012,2026,Q2,June,DEP-008,CC-110,CAT-012,19853.35,Project,REG-08
BUD-202606-DEP-008-CC-119-CAT-008,2026,Q2,June,DEP-008,CC-119,CAT-008,39127.08,Operating,REG-08
BUD-202606-DEP-008-CC-103-CAT-001,2026,Q2,June,DEP-008,CC-103,CAT-001,29909.21,Operating,REG-02
BUD-202606-DEP-008-CC-108-CAT-004,2026,Q2,June,DEP-008,CC-108,CAT-004,42755.34,Operating,REG-07
BUD-202606-DEP-009-CC-115-CAT-014,2026,Q2,June,DEP-009,CC-115,CAT-014,46791.1,Project,REG-01
BUD-202606-DEP-009-CC-110-CAT-006,2026,Q2,June,DEP-009,CC-110,CAT-006,58098.59,Capital,REG-02
BUD-202606-DEP-009-CC-112-CAT-010,2026,Q2,June,DEP-009,CC-112,CAT-010,37046.95,Operating,REG-04
BUD-202606-DEP-009-CC-115-CAT-005,2026,Q2,June,DEP-009,CC-115,CAT-005,42472.66,Operating,REG-04
BUD-202606-DEP-009-CC-101-CAT-009,2026,Q2,June,DEP-009,CC-101,CAT-009,38300.25,Project,REG-07
BUD-202606-DEP-009-CC-102-CAT-009,2026,Q2,June,DEP-009,CC-102,CAT-009,43425.8,Capital,REG-01
BUD-202606-DEP-009-CC-103-CAT-014,2026,Q2,June,DEP-009,CC-103,CAT-014,49527.76,Operating,REG-06
BUD-202606-DEP-009-CC-109-CAT-009,2026,Q2,June,DEP-009,CC-109,CAT-009,44478.89,Project,REG-05
BUD-202606-DEP-009-CC-119-CAT-012,2026,Q2,June,DEP-009,CC-119,CAT-012,39359.34,Capital,REG-05
BUD-202606-DEP-009-CC-113-CAT-002,2026,Q2,June,DEP-009,CC-113,CAT-002,36864.97,Project,REG-05
BUD-202606-DEP-009-CC-110-CAT-011,2026,Q2,June,DEP-009,CC-110,CAT-011,49316.6,Capital,REG-01
BUD-202606-DEP-009-CC-120-CAT-015,2026,Q2,June,DEP-009,CC-120,CAT-015,53577.89,Project,REG-03
BUD-202606-DEP-009-CC-116-CAT-007,2026,Q2,June,DEP-009,CC-116,CAT-007,27792.11,Project,REG-02
BUD-202606-DEP-009-CC-101-CAT-009,2026,Q2,June,DEP-009,CC-101,CAT-009,41103.82,Capital,REG-04
BUD-202606-DEP-009-CC-118-CAT-007,2026,Q2,June,DEP-009,CC-118,CAT-007,32344.71,Operating,REG-08
BUD-202606-DEP-009-CC-110-CAT-008,2026,Q2,June,DEP-009,CC-110,CAT-008,57914.52,Operating,REG-02
BUD-202606-DEP-009-CC-109-CAT-014,2026,Q2,June,DEP-009,CC-109,CAT-014,46447.55,Capital,REG-04
BUD-202606-DEP-009-CC-114-CAT-015,2026,Q2,June,DEP-009,CC-114,CAT-015,51124.41,Operating,REG-02
BUD-202606-DEP-009-CC-114-CAT-006,2026,Q2,June,DEP-009,CC-114,CAT-006,47328.59,Capital,REG-03
BUD-202606-DEP-009-CC-119-CAT-001,2026,Q2,June,DEP-009,CC-119,CAT-001,63172.21,Operating,REG-03
BUD-202606-DEP-009-CC-107-CAT-001,2026,Q2,June,DEP-009,CC-107,CAT-001,59015.7,Project,REG-06
BUD-202606-DEP-009-CC-106-CAT-007,2026,Q2,June,DEP-009,CC-106,CAT-007,30201.01,Project,REG-07
BUD-202606-DEP-009-CC-117-CAT-013,2026,Q2,June,DEP-009,CC-117,CAT-013,49603.57,Operating,REG-08
BUD-202606-DEP-009-CC-106-CAT-010,2026,Q2,June,DEP-009,CC-106,CAT-010,34450.08,Operating,REG-07
BUD-202606-DEP-009-CC-101-CAT-005,2026,Q2,June,DEP-009,CC-101,CAT-005,42476.95,Operating,REG-01
BUD-202606-DEP-009-CC-118-CAT-012,2026,Q2,June,DEP-009,CC-118,CAT-012,40198.96,Operating,REG-01
BUD-202606-DEP-009-CC-113-CAT-015,2026,Q2,June,DEP-009,CC-113,CAT-015,46643.7,Operating,REG-07
BUD-202606-DEP-009-CC-103-CAT-001,2026,Q2,June,DEP-009,CC-103,CAT-001,63888.15,Capital,REG-07
BUD-202606-DEP-009-CC-117-CAT-010,2026,Q2,June,DEP-009,CC-117,CAT-010,35888.45,Departmental,REG-04
BUD-202606-DEP-009-CC-119-CAT-001,2026,Q2,June,DEP-009,CC-119,CAT-001,63296.4,Capital,REG-03
BUD-202606-DEP-009-CC-118-CAT-006,2026,Q2,June,DEP-009,CC-118,CAT-006,56086.41,Operating,REG-04
BUD-202606-DEP-009-CC-106-CAT-005,2026,Q2,June,DEP-009,CC-106,CAT-005,37911.02,Operating,REG-01
BUD-202606-DEP-009-CC-118-CAT-012,2026,Q2,June,DEP-009,CC-118,CAT-012,39256.71,Departmental,REG-02
BUD-202606-DEP-009-CC-119-CAT-012,2026,Q2,June,DEP-009,CC-119,CAT-012,37447.19,Operating,REG-08
BUD-202606-DEP-009-CC-113-CAT-004,2026,Q2,June,DEP-009,CC-113,CAT-004,65956.88,Operating,REG-06
BUD-202606-DEP-009-CC-117-CAT-015,2026,Q2,June,DEP-009,CC-117,CAT-015,52387.09,Project,REG-04
BUD-202606-DEP-010-CC-113-CAT-010,2026,Q2,June,DEP-010,CC-113,CAT-010,25476.01,Operating,REG-03
BUD-202606-DEP-010-CC-103-CAT-008,2026,Q2,June,DEP-010,CC-103,CAT-008,40380.17,Departmental,REG-02
BUD-202606-DEP-010-CC-108-CAT-013,2026,Q2,June,DEP-010,CC-108,CAT-013,34650.49,Operating,REG-04
BUD-202606-DEP-010-CC-105-CAT-004,2026,Q2,June,DEP-010,CC-105,CAT-004,43824.69,Operating,REG-04
BUD-202606-DEP-010-CC-111-CAT-001,2026,Q2,June,DEP-010,CC-111,CAT-001,35964.77,Departmental,REG-05
BUD-202606-DEP-010-CC-118-CAT-008,2026,Q2,June,DEP-010,CC-118,CAT-008,35663.07,Operating,REG-04
BUD-202606-DEP-010-CC-115-CAT-011,2026,Q2,June,DEP-010,CC-115,CAT-011,33733.01,Operating,REG-08
BUD-202606-DEP-010-CC-107-CAT-004,2026,Q2,June,DEP-010,CC-107,CAT-004,44702.9,Operating,REG-02
BUD-202606-DEP-010-CC-115-CAT-015,2026,Q2,June,DEP-010,CC-115,CAT-015,28721.83,Operating,REG-06
BUD-202606-DEP-010-CC-106-CAT-006,2026,Q2,June,DEP-010,CC-106,CAT-006,35411.91,Operating,REG-05
BUD-202606-DEP-010-CC-110-CAT-003,2026,Q2,June,DEP-010,CC-110,CAT-003,28475.68,Operating,REG-04
BUD-202606-DEP-010-CC-109-CAT-012,2026,Q2,June,DEP-010,CC-109,CAT-012,20660.86,Project,REG-01
BUD-202606-DEP-010-CC-101-CAT-006,2026,Q2,June,DEP-010,CC-101,CAT-006,33427.23,Operating,REG-06
BUD-202606-DEP-010-CC-120-CAT-006,2026,Q2,June,DEP-010,CC-120,CAT-006,36640.32,Operating,REG-04
BUD-202606-DEP-010-CC-104-CAT-010,2026,Q2,June,DEP-010,CC-104,CAT-010,26069.15,Operating,REG-06
BUD-202606-DEP-010-CC-116-CAT-010,2026,Q2,June,DEP-010,CC-116,CAT-010,23052.39,Departmental,REG-02
BUD-202606-DEP-010-CC-105-CAT-010,2026,Q2,June,DEP-010,CC-105,CAT-010,22668.36,Capital,REG-03
BUD-202606-DEP-010-CC-107-CAT-015,2026,Q2,June,DEP-010,CC-107,CAT-015,29705.23,Project,REG-06
BUD-202606-DEP-010-CC-109-CAT-001,2026,Q2,June,DEP-010,CC-109,CAT-001,34576.79,Operating,REG-02
BUD-202606-DEP-010-CC-101-CAT-003,2026,Q2,June,DEP-010,CC-101,CAT-003,27452.71,Capital,REG-07
BUD-202606-DEP-010-CC-111-CAT-014,2026,Q2,June,DEP-010,CC-111,CAT-014,28280.8,Capital,REG-07
BUD-202606-DEP-010-CC-104-CAT-007,2026,Q2,June,DEP-010,CC-104,CAT-007,21439.06,Operating,REG-08
BUD-202606-DEP-010-CC-101-CAT-011,2026,Q2,June,DEP-010,CC-101,CAT-011,31435.51,Project,REG-08
BUD-202606-DEP-010-CC-109-CAT-010,2026,Q2,June,DEP-010,CC-109,CAT-010,27627.39,Project,REG-03
BUD-202606-DEP-010-CC-101-CAT-015,2026,Q2,June,DEP-010,CC-101,CAT-015,30963.63,Operating,REG-05
BUD-202606-DEP-010-CC-108-CAT-004,2026,Q2,June,DEP-010,CC-108,CAT-004,46979.0,Departmental,REG-02
BUD-202606-DEP-010-CC-102-CAT-001,2026,Q2,June,DEP-010,CC-102,CAT-001,34301.85,Project,REG-06
BUD-202606-DEP-010-CC-116-CAT-005,2026,Q2,June,DEP-010,CC-116,CAT-005,26195.23,Operating,REG-03
BUD-202606-DEP-010-CC-109-CAT-012,2026,Q2,June,DEP-010,CC-109,CAT-012,22821.98,Operating,REG-03
BUD-202606-DEP-010-CC-116-CAT-006,2026,Q2,June,DEP-010,CC-116,CAT-006,33593.9,Operating,REG-03
BUD-202606-DEP-010-CC-118-CAT-007,2026,Q2,June,DEP-010,CC-118,CAT-007,17867.22,Departmental,REG-08
BUD-202606-DEP-010-CC-109-CAT-011,2026,Q2,June,DEP-010,CC-109,CAT-011,34135.68,Operating,REG-06
BUD-202606-DEP-010-CC-112-CAT-014,2026,Q2,June,DEP-010,CC-112,CAT-014,29287.57,Departmental,REG-04
BUD-202606-DEP-010-CC-106-CAT-011,2026,Q2,June,DEP-010,CC-106,CAT-011,29593.27,Project,REG-08
BUD-202606-DEP-010-CC-101-CAT-011,2026,Q2,June,DEP-010,CC-101,CAT-011,35408.55,Departmental,REG-03
BUD-202606-DEP-010-CC-104-CAT-011,2026,Q2,June,DEP-010,CC-104,CAT-011,35042.49,Departmental,REG-02
BUD-202603-DEP-001-CC-105-CAT-004,2026,Q1,March,DEP-001,CC-105,CAT-004,53522.87,Departmental,REG-05
BUD-202603-DEP-001-CC-115-CAT-007,2026,Q1,March,DEP-001,CC-115,CAT-007,19205.73,Operating,REG-08
BUD-202603-DEP-001-CC-101-CAT-012,2026,Q1,March,DEP-001,CC-101,CAT-012,25143.36,Departmental,REG-06
BUD-202603-DEP-001-CC-119-CAT-002,2026,Q1,March,DEP-001,CC-119,CAT-002,23134.24,Operating,REG-03
BUD-202603-DEP-001-CC-117-CAT-015,2026,Q1,March,DEP-001,CC-117,CAT-015,34240.83,Capital,REG-03
BUD-202603-DEP-001-CC-108-CAT-001,2026,Q1,March,DEP-001,CC-108,CAT-001,36830.23,Operating,REG-06
BUD-202603-DEP-001-CC-109-CAT-008,2026,Q1,March,DEP-001,CC-109,CAT-008,46576.36,Operating,REG-06
BUD-202603-DEP-001-CC-112-CAT-009,2026,Q1,March,DEP-001,CC-112,CAT-009,28120.61,Capital,REG-05
BUD-202603-DEP-001-CC-116-CAT-010,2026,Q1,March,DEP-001,CC-116,CAT-010,27804.47,Departmental,REG-03
BUD-202603-DEP-001-CC-117-CAT-004,2026,Q1,March,DEP-001,CC-117,CAT-004,49543.07,Project,REG-03
BUD-202603-DEP-001-CC-113-CAT-013,2026,Q1,March,DEP-001,CC-113,CAT-013,39302.95,Departmental,REG-05
BUD-202603-DEP-001-CC-110-CAT-006,2026,Q1,March,DEP-001,CC-110,CAT-006,36622.94,Project,REG-02
BUD-202603-DEP-001-CC-120-CAT-013,2026,Q1,March,DEP-001,CC-120,CAT-013,37230.35,Capital,REG-07
BUD-202603-DEP-001-CC-119-CAT-010,2026,Q1,March,DEP-001,CC-119,CAT-010,25731.47,Departmental,REG-08
BUD-202603-DEP-001-CC-119-CAT-005,2026,Q1,March,DEP-001,CC-119,CAT-005,31514.82,Operating,REG-06
BUD-202603-DEP-001-CC-106-CAT-009,2026,Q1,March,DEP-001,CC-106,CAT-009,33971.16,Operating,REG-07
BUD-202603-DEP-001-CC-111-CAT-010,2026,Q1,March,DEP-001,CC-111,CAT-010,26684.52,Operating,REG-04
BUD-202603-DEP-001-CC-120-CAT-001,2026,Q1,March,DEP-001,CC-120,CAT-001,41040.5,Operating,REG-05
BUD-202603-DEP-001-CC-104-CAT-009,2026,Q1,March,DEP-001,CC-104,CAT-009,32223.99,Operating,REG-07
BUD-202603-DEP-001-CC-106-CAT-003,2026,Q1,March,DEP-001,CC-106,CAT-003,31300.28,Departmental,REG-08
BUD-202603-DEP-001-CC-102-CAT-001,2026,Q1,March,DEP-001,CC-102,CAT-001,40632.98,Project,REG-04
BUD-202603-DEP-001-CC-101-CAT-010,2026,Q1,March,DEP-001,CC-101,CAT-010,27934.86,Operating,REG-02
BUD-202603-DEP-001-CC-119-CAT-009,2026,Q1,March,DEP-001,CC-119,CAT-009,32496.82,Operating,REG-08
BUD-202603-DEP-001-CC-101-CAT-012,2026,Q1,March,DEP-001,CC-101,CAT-012,27164.69,Capital,REG-04
BUD-202603-DEP-001-CC-116-CAT-007,2026,Q1,March,DEP-001,CC-116,CAT-007,23548.73,Project,REG-02
BUD-202603-DEP-001-CC-108-CAT-008,2026,Q1,March,DEP-001,CC-108,CAT-008,39758.15,Operating,REG-08
BUD-202603-DEP-001-CC-106-CAT-009,2026,Q1,March,DEP-001,CC-106,CAT-009,27836.72,Operating,REG-01
BUD-202603-DEP-001-CC-105-CAT-011,2026,Q1,March,DEP-001,CC-105,CAT-011,36021.64,Capital,REG-02
BUD-202603-DEP-001-CC-104-CAT-009,2026,Q1,March,DEP-001,CC-104,CAT-009,30069.17,Operating,REG-06
BUD-202603-DEP-001-CC-113-CAT-014,2026,Q1,March,DEP-001,CC-113,CAT-014,28318.37,Operating,REG-01
BUD-202603-DEP-001-CC-102-CAT-001,2026,Q1,March,DEP-001,CC-102,CAT-001,37854.84,Capital,REG-03
BUD-202603-DEP-001-CC-118-CAT-005,2026,Q1,March,DEP-001,CC-118,CAT-005,29568.69,Project,REG-01
BUD-202603-DEP-001-CC-120-CAT-005,2026,Q1,March,DEP-001,CC-120,CAT-005,29028.59,Operating,REG-08
BUD-202603-DEP-001-CC-105-CAT-013,2026,Q1,March,DEP-001,CC-105,CAT-013,39813.08,Operating,REG-06
BUD-202603-DEP-001-CC-107-CAT-015,2026,Q1,March,DEP-001,CC-107,CAT-015,38941.51,Capital,REG-04
BUD-202603-DEP-001-CC-103-CAT-005,2026,Q1,March,DEP-001,CC-103,CAT-005,30671.52,Operating,REG-06
BUD-202603-DEP-002-CC-120-CAT-014,2026,Q1,March,DEP-002,CC-120,CAT-014,24385.8,Operating,REG-04
BUD-202603-DEP-002-CC-109-CAT-007,2026,Q1,March,DEP-002,CC-109,CAT-007,13810.39,Capital,REG-01
BUD-202603-DEP-002-CC-117-CAT-014,2026,Q1,March,DEP-002,CC-117,CAT-014,21108.47,Departmental,REG-06
BUD-202603-DEP-002-CC-109-CAT-007,2026,Q1,March,DEP-002,CC-109,CAT-007,15320.34,Departmental,REG-07
BUD-202603-DEP-002-CC-110-CAT-014,2026,Q1,March,DEP-002,CC-110,CAT-014,21101.48,Departmental,REG-06
BUD-202603-DEP-002-CC-114-CAT-015,2026,Q1,March,DEP-002,CC-114,CAT-015,22071.82,Operating,REG-07
BUD-202603-DEP-002-CC-114-CAT-001,2026,Q1,March,DEP-002,CC-114,CAT-001,29345.0,Capital,REG-03
BUD-202603-DEP-002-CC-110-CAT-009,2026,Q1,March,DEP-002,CC-110,CAT-009,24270.61,Project,REG-06
BUD-202603-DEP-002-CC-103-CAT-011,2026,Q1,March,DEP-002,CC-103,CAT-011,27659.05,Operating,REG-02
BUD-202603-DEP-002-CC-117-CAT-013,2026,Q1,March,DEP-002,CC-117,CAT-013,28798.87,Operating,REG-06
BUD-202603-DEP-002-CC-102-CAT-001,2026,Q1,March,DEP-002,CC-102,CAT-001,25869.52,Operating,REG-03
BUD-202603-DEP-002-CC-117-CAT-014,2026,Q1,March,DEP-002,CC-117,CAT-014,20752.25,Project,REG-07
BUD-202603-DEP-002-CC-103-CAT-001,2026,Q1,March,DEP-002,CC-103,CAT-001,31843.15,Operating,REG-01
BUD-202603-DEP-002-CC-119-CAT-001,2026,Q1,March,DEP-002,CC-119,CAT-001,28712.62,Operating,REG-01
BUD-202603-DEP-002-CC-102-CAT-011,2026,Q1,March,DEP-002,CC-102,CAT-011,24547.78,Capital,REG-05
BUD-202603-DEP-002-CC-111-CAT-004,2026,Q1,March,DEP-002,CC-111,CAT-004,33563.76,Operating,REG-02
BUD-202603-DEP-002-CC-105-CAT-009,2026,Q1,March,DEP-002,CC-105,CAT-009,23859.66,Capital,REG-06
BUD-202603-DEP-002-CC-120-CAT-009,2026,Q1,March,DEP-002,CC-120,CAT-009,19543.97,Operating,REG-04
BUD-202603-DEP-002-CC-110-CAT-003,2026,Q1,March,DEP-002,CC-110,CAT-003,26228.03,Operating,REG-06
BUD-202603-DEP-002-CC-112-CAT-001,2026,Q1,March,DEP-002,CC-112,CAT-001,28457.22,Departmental,REG-05
BUD-202603-DEP-002-CC-119-CAT-001,2026,Q1,March,DEP-002,CC-119,CAT-001,26399.04,Departmental,REG-06
BUD-202603-DEP-002-CC-103-CAT-014,2026,Q1,March,DEP-002,CC-103,CAT-014,21517.5,Departmental,REG-04
BUD-202603-DEP-002-CC-114-CAT-013,2026,Q1,March,DEP-002,CC-114,CAT-013,29622.51,Departmental,REG-05
BUD-202603-DEP-002-CC-116-CAT-012,2026,Q1,March,DEP-002,CC-116,CAT-012,19899.24,Operating,REG-03
BUD-202603-DEP-002-CC-110-CAT-007,2026,Q1,March,DEP-002,CC-110,CAT-007,16040.13,Operating,REG-01
BUD-202603-DEP-002-CC-111-CAT-004,2026,Q1,March,DEP-002,CC-111,CAT-004,32964.77,Departmental,REG-02
BUD-202603-DEP-002-CC-102-CAT-008,2026,Q1,March,DEP-002,CC-102,CAT-008,31802.07,Operating,REG-06
BUD-202603-DEP-002-CC-107-CAT-003,2026,Q1,March,DEP-002,CC-107,CAT-003,23226.41,Operating,REG-04
BUD-202603-DEP-002-CC-104-CAT-014,2026,Q1,March,DEP-002,CC-104,CAT-014,21534.29,Operating,REG-08
BUD-202603-DEP-002-CC-102-CAT-008,2026,Q1,March,DEP-002,CC-102,CAT-008,29267.68,Project,REG-02
BUD-202603-DEP-002-CC-104-CAT-002,2026,Q1,March,DEP-002,CC-104,CAT-002,17321.85,Project,REG-06
BUD-202603-DEP-002-CC-119-CAT-011,2026,Q1,March,DEP-002,CC-119,CAT-011,25301.44,Departmental,REG-03
BUD-202603-DEP-002-CC-101-CAT-004,2026,Q1,March,DEP-002,CC-101,CAT-004,32568.15,Operating,REG-08
BUD-202603-DEP-002-CC-113-CAT-004,2026,Q1,March,DEP-002,CC-113,CAT-004,34135.71,Departmental,REG-05
BUD-202603-DEP-002-CC-109-CAT-010,2026,Q1,March,DEP-002,CC-109,CAT-010,20795.94,Departmental,REG-04
BUD-202603-DEP-002-CC-117-CAT-008,2026,Q1,March,DEP-002,CC-117,CAT-008,31934.14,Operating,REG-03
BUD-202603-DEP-002-CC-106-CAT-015,2026,Q1,March,DEP-002,CC-106,CAT-015,23122.63,Project,REG-06
BUD-202603-DEP-003-CC-106-CAT-003,2026,Q1,March,DEP-003,CC-106,CAT-003,43060.45,Operating,REG-08
BUD-202603-DEP-003-CC-109-CAT-010,2026,Q1,March,DEP-003,CC-109,CAT-010,30515.5,Operating,REG-07
BUD-202603-DEP-003-CC-113-CAT-008,2026,Q1,March,DEP-003,CC-113,CAT-008,47971.83,Operating,REG-01
BUD-202603-DEP-003-CC-103-CAT-012,2026,Q1,March,DEP-003,CC-103,CAT-012,30560.8,Departmental,REG-01
BUD-202603-DEP-003-CC-106-CAT-011,2026,Q1,March,DEP-003,CC-106,CAT-011,40597.27,Operating,REG-01
BUD-202603-DEP-003-CC-113-CAT-014,2026,Q1,March,DEP-003,CC-113,CAT-014,39449.3,Capital,REG-01
BUD-202603-DEP-003-CC-103-CAT-013,2026,Q1,March,DEP-003,CC-103,CAT-013,51258.46,Capital,REG-03
BUD-202603-DEP-003-CC-107-CAT-012,2026,Q1,March,DEP-003,CC-107,CAT-012,29196.67,Project,REG-08
BUD-202603-DEP-003-CC-106-CAT-008,2026,Q1,March,DEP-003,CC-106,CAT-008,46740.42,Operating,REG-08
BUD-202603-DEP-003-CC-108-CAT-002,2026,Q1,March,DEP-003,CC-108,CAT-002,31371.3,Capital,REG-03
BUD-202603-DEP-003-CC-112-CAT-003,2026,Q1,March,DEP-003,CC-112,CAT-003,39304.21,Operating,REG-08
BUD-202603-DEP-003-CC-110-CAT-015,2026,Q1,March,DEP-003,CC-110,CAT-015,38142.11,Operating,REG-05
BUD-202603-DEP-003-CC-119-CAT-013,2026,Q1,March,DEP-003,CC-119,CAT-013,42078.07,Capital,REG-08
BUD-202603-DEP-003-CC-113-CAT-013,2026,Q1,March,DEP-003,CC-113,CAT-013,49235.26,Departmental,REG-01
BUD-202603-DEP-003-CC-108-CAT-004,2026,Q1,March,DEP-003,CC-108,CAT-004,58792.76,Project,REG-08
BUD-202603-DEP-003-CC-115-CAT-001,2026,Q1,March,DEP-003,CC-115,CAT-001,46872.38,Capital,REG-03
BUD-202603-DEP-003-CC-113-CAT-010,2026,Q1,March,DEP-003,CC-113,CAT-010,31054.87,Capital,REG-01
BUD-202603-DEP-003-CC-119-CAT-001,2026,Q1,March,DEP-003,CC-119,CAT-001,53210.38,Operating,REG-03
BUD-202603-DEP-003-CC-111-CAT-001,2026,Q1,March,DEP-003,CC-111,CAT-001,43527.5,Operating,REG-08
BUD-202603-DEP-003-CC-116-CAT-010,2026,Q1,March,DEP-003,CC-116,CAT-010,30487.81,Operating,REG-03
BUD-202603-DEP-003-CC-107-CAT-007,2026,Q1,March,DEP-003,CC-107,CAT-007,23659.04,Project,REG-03
BUD-202603-DEP-003-CC-120-CAT-014,2026,Q1,March,DEP-003,CC-120,CAT-014,38218.45,Operating,REG-07
BUD-202603-DEP-003-CC-119-CAT-012,2026,Q1,March,DEP-003,CC-119,CAT-012,29988.33,Capital,REG-07
BUD-202603-DEP-003-CC-102-CAT-009,2026,Q1,March,DEP-003,CC-102,CAT-009,38903.64,Departmental,REG-08
BUD-202603-DEP-003-CC-115-CAT-012,2026,Q1,March,DEP-003,CC-115,CAT-012,28887.98,Operating,REG-01
BUD-202603-DEP-003-CC-112-CAT-009,2026,Q1,March,DEP-003,CC-112,CAT-009,35412.96,Operating,REG-08
BUD-202603-DEP-003-CC-118-CAT-007,2026,Q1,March,DEP-003,CC-118,CAT-007,26944.91,Operating,REG-04
BUD-202603-DEP-003-CC-107-CAT-013,2026,Q1,March,DEP-003,CC-107,CAT-013,50388.41,Project,REG-06
BUD-202603-DEP-003-CC-119-CAT-008,2026,Q1,March,DEP-003,CC-119,CAT-008,56790.03,Operating,REG-02
BUD-202603-DEP-003-CC-107-CAT-004,2026,Q1,March,DEP-003,CC-107,CAT-004,55097.38,Operating,REG-01
BUD-202603-DEP-003-CC-109-CAT-012,2026,Q1,March,DEP-003,CC-109,CAT-012,31129.42,Operating,REG-01
BUD-202603-DEP-003-CC-109-CAT-001,2026,Q1,March,DEP-003,CC-109,CAT-001,43811.82,Capital,REG-06
BUD-202603-DEP-003-CC-120-CAT-014,2026,Q1,March,DEP-003,CC-120,CAT-014,38225.59,Project,REG-06
BUD-202603-DEP-003-CC-113-CAT-014,2026,Q1,March,DEP-003,CC-113,CAT-014,39190.44,Operating,REG-05
BUD-202603-DEP-003-CC-104-CAT-009,2026,Q1,March,DEP-003,CC-104,CAT-009,38660.74,Operating,REG-04
BUD-202603-DEP-003-CC-106-CAT-002,2026,Q1,March,DEP-003,CC-106,CAT-002,28029.5,Operating,REG-03
BUD-202603-DEP-003-CC-108-CAT-011,2026,Q1,March,DEP-003,CC-108,CAT-011,43854.51,Project,REG-03
BUD-202603-DEP-003-CC-106-CAT-013,2026,Q1,March,DEP-003,CC-106,CAT-013,43402.74,Operating,REG-02
BUD-202603-DEP-003-CC-104-CAT-001,2026,Q1,March,DEP-003,CC-104,CAT-001,49524.95,Operating,REG-07
BUD-202603-DEP-003-CC-107-CAT-003,2026,Q1,March,DEP-003,CC-107,CAT-003,41464.56,Operating,REG-06
BUD-202603-DEP-003-CC-103-CAT-011,2026,Q1,March,DEP-003,CC-103,CAT-011,43326.17,Capital,REG-07
BUD-202603-DEP-003-CC-120-CAT-013,2026,Q1,March,DEP-003,CC-120,CAT-013,47041.97,Project,REG-08
BUD-202603-DEP-003-CC-114-CAT-008,2026,Q1,March,DEP-003,CC-114,CAT-008,48586.31,Operating,REG-02
BUD-202603-DEP-003-CC-113-CAT-013,2026,Q1,March,DEP-003,CC-113,CAT-013,40943.57,Departmental,REG-05
BUD-202603-DEP-003-CC-115-CAT-005,2026,Q1,March,DEP-003,CC-115,CAT-005,34986.65,Project,REG-05
BUD-202603-DEP-003-CC-113-CAT-002,2026,Q1,March,DEP-003,CC-113,CAT-002,29866.66,Operating,REG-04
BUD-202603-DEP-003-CC-119-CAT-004,2026,Q1,March,DEP-003,CC-119,CAT-004,63517.65,Capital,REG-02
BUD-202603-DEP-003-CC-116-CAT-006,2026,Q1,March,DEP-003,CC-116,CAT-006,42327.2,Operating,REG-02
BUD-202603-DEP-003-CC-112-CAT-003,2026,Q1,March,DEP-003,CC-112,CAT-003,41601.91,Operating,REG-04
BUD-202603-DEP-003-CC-102-CAT-015,2026,Q1,March,DEP-003,CC-102,CAT-015,40931.85,Departmental,REG-02
BUD-202603-DEP-003-CC-102-CAT-013,2026,Q1,March,DEP-003,CC-102,CAT-013,46540.92,Project,REG-08
BUD-202603-DEP-004-CC-106-CAT-012,2026,Q1,March,DEP-004,CC-106,CAT-012,22041.79,Departmental,REG-06
BUD-202603-DEP-004-CC-112-CAT-012,2026,Q1,March,DEP-004,CC-112,CAT-012,19247.07,Departmental,REG-04
BUD-202603-DEP-004-CC-103-CAT-007,2026,Q1,March,DEP-004,CC-103,CAT-007,17112.89,Departmental,REG-04
BUD-202603-DEP-004-CC-115-CAT-010,2026,Q1,March,DEP-004,CC-115,CAT-010,23466.7,Operating,REG-05
BUD-202603-DEP-004-CC-102-CAT-014,2026,Q1,March,DEP-004,CC-102,CAT-014,26159.59,Operating,REG-04
BUD-202603-DEP-004-CC-120-CAT-014,2026,Q1,March,DEP-004,CC-120,CAT-014,23758.0,Operating,REG-08
BUD-202603-DEP-004-CC-104-CAT-001,2026,Q1,March,DEP-004,CC-104,CAT-001,32702.94,Operating,REG-05
BUD-202603-DEP-004-CC-108-CAT-004,2026,Q1,March,DEP-004,CC-108,CAT-004,41664.76,Capital,REG-07
BUD-202603-DEP-004-CC-112-CAT-008,2026,Q1,March,DEP-004,CC-112,CAT-008,34367.51,Capital,REG-01
BUD-202603-DEP-004-CC-119-CAT-011,2026,Q1,March,DEP-004,CC-119,CAT-011,31855.84,Departmental,REG-07
BUD-202603-DEP-004-CC-115-CAT-015,2026,Q1,March,DEP-004,CC-115,CAT-015,27653.53,Operating,REG-05
BUD-202603-DEP-004-CC-115-CAT-014,2026,Q1,March,DEP-004,CC-115,CAT-014,24118.49,Operating,REG-02
BUD-202603-DEP-004-CC-103-CAT-002,2026,Q1,March,DEP-004,CC-103,CAT-002,19570.34,Operating,REG-08
BUD-202603-DEP-004-CC-109-CAT-002,2026,Q1,March,DEP-004,CC-109,CAT-002,20303.31,Project,REG-03
BUD-202603-DEP-004-CC-114-CAT-009,2026,Q1,March,DEP-004,CC-114,CAT-009,24403.69,Operating,REG-02
BUD-202603-DEP-004-CC-120-CAT-015,2026,Q1,March,DEP-004,CC-120,CAT-015,25912.2,Operating,REG-08
BUD-202603-DEP-004-CC-102-CAT-007,2026,Q1,March,DEP-004,CC-102,CAT-007,16791.7,Operating,REG-05
BUD-202603-DEP-004-CC-113-CAT-015,2026,Q1,March,DEP-004,CC-113,CAT-015,28643.5,Project,REG-06
BUD-202603-DEP-004-CC-118-CAT-005,2026,Q1,March,DEP-004,CC-118,CAT-005,25397.98,Operating,REG-06
BUD-202603-DEP-004-CC-104-CAT-009,2026,Q1,March,DEP-004,CC-104,CAT-009,23021.29,Capital,REG-01
BUD-202603-DEP-004-CC-105-CAT-010,2026,Q1,March,DEP-004,CC-105,CAT-010,20199.72,Operating,REG-08
BUD-202603-DEP-004-CC-120-CAT-003,2026,Q1,March,DEP-004,CC-120,CAT-003,28098.97,Operating,REG-08
BUD-202603-DEP-004-CC-111-CAT-008,2026,Q1,March,DEP-004,CC-111,CAT-008,31797.83,Project,REG-06
BUD-202603-DEP-004-CC-112-CAT-004,2026,Q1,March,DEP-004,CC-112,CAT-004,36289.88,Operating,REG-01
BUD-202603-DEP-004-CC-115-CAT-002,2026,Q1,March,DEP-004,CC-115,CAT-002,20218.22,Project,REG-01
BUD-202603-DEP-004-CC-118-CAT-013,2026,Q1,March,DEP-004,CC-118,CAT-013,31783.22,Operating,REG-04
BUD-202603-DEP-004-CC-118-CAT-006,2026,Q1,March,DEP-004,CC-118,CAT-006,29325.77,Capital,REG-01
BUD-202603-DEP-004-CC-106-CAT-007,2026,Q1,March,DEP-004,CC-106,CAT-007,18033.27,Operating,REG-04
BUD-202603-DEP-004-CC-103-CAT-005,2026,Q1,March,DEP-004,CC-103,CAT-005,20412.55,Operating,REG-05
BUD-202603-DEP-004-CC-102-CAT-007,2026,Q1,March,DEP-004,CC-102,CAT-007,18361.4,Capital,REG-03
BUD-202603-DEP-004-CC-111-CAT-010,2026,Q1,March,DEP-004,CC-111,CAT-010,23191.58,Project,REG-07
BUD-202603-DEP-004-CC-107-CAT-013,2026,Q1,March,DEP-004,CC-107,CAT-013,31144.13,Operating,REG-02
BUD-202603-DEP-004-CC-114-CAT-012,2026,Q1,March,DEP-004,CC-114,CAT-012,20137.34,Operating,REG-08
BUD-202603-DEP-004-CC-110-CAT-003,2026,Q1,March,DEP-004,CC-110,CAT-003,27365.84,Capital,REG-04
BUD-202603-DEP-004-CC-116-CAT-004,2026,Q1,March,DEP-004,CC-116,CAT-004,34572.65,Operating,REG-01
BUD-202603-DEP-004-CC-105-CAT-011,2026,Q1,March,DEP-004,CC-105,CAT-011,32209.43,Departmental,REG-04
BUD-202603-DEP-004-CC-102-CAT-005,2026,Q1,March,DEP-004,CC-102,CAT-005,22680.3,Capital,REG-04
BUD-202603-DEP-004-CC-118-CAT-001,2026,Q1,March,DEP-004,CC-118,CAT-001,29152.38,Operating,REG-01
BUD-202603-DEP-004-CC-118-CAT-006,2026,Q1,March,DEP-004,CC-118,CAT-006,33019.48,Operating,REG-06
BUD-202603-DEP-004-CC-110-CAT-014,2026,Q1,March,DEP-004,CC-110,CAT-014,23465.09,Operating,REG-08
BUD-202603-DEP-004-CC-101-CAT-002,2026,Q1,March,DEP-004,CC-101,CAT-002,18687.81,Project,REG-07
BUD-202603-DEP-004-CC-104-CAT-001,2026,Q1,March,DEP-004,CC-104,CAT-001,28842.32,Operating,REG-03
BUD-202603-DEP-004-CC-109-CAT-012,2026,Q1,March,DEP-004,CC-109,CAT-012,19080.73,Project,REG-04
BUD-202603-DEP-004-CC-116-CAT-008,2026,Q1,March,DEP-004,CC-116,CAT-008,35329.65,Project,REG-02
BUD-202603-DEP-004-CC-105-CAT-014,2026,Q1,March,DEP-004,CC-105,CAT-014,24615.26,Operating,REG-04
BUD-202603-DEP-004-CC-117-CAT-007,2026,Q1,March,DEP-004,CC-117,CAT-007,17444.35,Operating,REG-02
BUD-202603-DEP-004-CC-118-CAT-007,2026,Q1,March,DEP-004,CC-118,CAT-007,16312.71,Operating,REG-03
BUD-202603-DEP-004-CC-109-CAT-001,2026,Q1,March,DEP-004,CC-109,CAT-001,33648.66,Project,REG-07
BUD-202603-DEP-004-CC-115-CAT-004,2026,Q1,March,DEP-004,CC-115,CAT-004,36503.76,Operating,REG-03
BUD-202603-DEP-004-CC-120-CAT-004,2026,Q1,March,DEP-004,CC-120,CAT-004,40007.69,Departmental,REG-08
BUD-202603-DEP-004-CC-104-CAT-003,2026,Q1,March,DEP-004,CC-104,CAT-003,28355.26,Departmental,REG-04
BUD-202603-DEP-004-CC-102-CAT-008,2026,Q1,March,DEP-004,CC-102,CAT-008,35495.11,Operating,REG-02
BUD-202603-DEP-004-CC-105-CAT-013,2026,Q1,March,DEP-004,CC-105,CAT-013,32088.97,Operating,REG-07
BUD-202603-DEP-005-CC-116-CAT-007,2026,Q1,March,DEP-005,CC-116,CAT-007,17703.1,Operating,REG-01
BUD-202603-DEP-005-CC-111-CAT-015,2026,Q1,March,DEP-005,CC-111,CAT-015,35666.71,Operating,REG-07
BUD-202603-DEP-005-CC-117-CAT-005,2026,Q1,March,DEP-005,CC-117,CAT-005,27239.49,Operating,REG-05
BUD-202603-DEP-005-CC-115-CAT-015,2026,Q1,March,DEP-005,CC-115,CAT-015,29619.58,Operating,REG-08
BUD-202603-DEP-005-CC-103-CAT-010,2026,Q1,March,DEP-005,CC-103,CAT-010,27776.07,Operating,REG-06
BUD-202603-DEP-005-CC-108-CAT-015,2026,Q1,March,DEP-005,CC-108,CAT-015,35000.42,Capital,REG-04
BUD-202603-DEP-005-CC-116-CAT-002,2026,Q1,March,DEP-005,CC-116,CAT-002,20164.75,Project,REG-03
BUD-202603-DEP-005-CC-118-CAT-010,2026,Q1,March,DEP-005,CC-118,CAT-010,23954.63,Operating,REG-01
BUD-202603-DEP-005-CC-111-CAT-013,2026,Q1,March,DEP-005,CC-111,CAT-013,40749.38,Operating,REG-08
BUD-202603-DEP-005-CC-101-CAT-014,2026,Q1,March,DEP-005,CC-101,CAT-014,26535.04,Operating,REG-06
BUD-202603-DEP-005-CC-112-CAT-008,2026,Q1,March,DEP-005,CC-112,CAT-008,44440.37,Departmental,REG-07
BUD-202603-DEP-005-CC-115-CAT-015,2026,Q1,March,DEP-005,CC-115,CAT-015,35586.63,Departmental,REG-08
BUD-202603-DEP-005-CC-106-CAT-002,2026,Q1,March,DEP-005,CC-106,CAT-002,20015.26,Operating,REG-05
BUD-202603-DEP-005-CC-118-CAT-006,2026,Q1,March,DEP-005,CC-118,CAT-006,32063.12,Departmental,REG-08
BUD-202603-DEP-005-CC-116-CAT-015,2026,Q1,March,DEP-005,CC-116,CAT-015,35834.47,Operating,REG-08
BUD-202603-DEP-005-CC-115-CAT-015,2026,Q1,March,DEP-005,CC-115,CAT-015,35820.38,Capital,REG-02
BUD-202603-DEP-005-CC-114-CAT-011,2026,Q1,March,DEP-005,CC-114,CAT-011,31764.04,Project,REG-05
BUD-202603-DEP-005-CC-113-CAT-014,2026,Q1,March,DEP-005,CC-113,CAT-014,27653.37,Operating,REG-05
BUD-202603-DEP-005-CC-116-CAT-006,2026,Q1,March,DEP-005,CC-116,CAT-006,33497.04,Operating,REG-04
BUD-202603-DEP-005-CC-119-CAT-002,2026,Q1,March,DEP-005,CC-119,CAT-002,22153.86,Operating,REG-02
BUD-202603-DEP-005-CC-106-CAT-015,2026,Q1,March,DEP-005,CC-106,CAT-015,32938.14,Operating,REG-05
BUD-202603-DEP-005-CC-111-CAT-001,2026,Q1,March,DEP-005,CC-111,CAT-001,33663.8,Operating,REG-08
BUD-202603-DEP-005-CC-120-CAT-004,2026,Q1,March,DEP-005,CC-120,CAT-004,41464.21,Departmental,REG-08
BUD-202603-DEP-005-CC-120-CAT-015,2026,Q1,March,DEP-005,CC-120,CAT-015,30981.48,Operating,REG-02
BUD-202603-DEP-005-CC-102-CAT-008,2026,Q1,March,DEP-005,CC-102,CAT-008,36967.35,Departmental,REG-04
BUD-202603-DEP-005-CC-114-CAT-001,2026,Q1,March,DEP-005,CC-114,CAT-001,42306.83,Project,REG-05
BUD-202603-DEP-005-CC-116-CAT-011,2026,Q1,March,DEP-005,CC-116,CAT-011,33770.88,Project,REG-04
BUD-202603-DEP-005-CC-116-CAT-013,2026,Q1,March,DEP-005,CC-116,CAT-013,35697.67,Project,REG-06
BUD-202603-DEP-005-CC-112-CAT-003,2026,Q1,March,DEP-005,CC-112,CAT-003,28276.93,Operating,REG-01
BUD-202603-DEP-005-CC-115-CAT-006,2026,Q1,March,DEP-005,CC-115,CAT-006,38321.68,Project,REG-08
BUD-202603-DEP-005-CC-103-CAT-006,2026,Q1,March,DEP-005,CC-103,CAT-006,32673.05,Operating,REG-04
BUD-202603-DEP-005-CC-104-CAT-001,2026,Q1,March,DEP-005,CC-104,CAT-001,42116.59,Operating,REG-04
BUD-202603-DEP-005-CC-105-CAT-010,2026,Q1,March,DEP-005,CC-105,CAT-010,28097.13,Operating,REG-02
BUD-202603-DEP-005-CC-114-CAT-011,2026,Q1,March,DEP-005,CC-114,CAT-011,34553.27,Capital,REG-03
BUD-202603-DEP-005-CC-118-CAT-006,2026,Q1,March,DEP-005,CC-118,CAT-006,37017.45,Operating,REG-05
BUD-202603-DEP-005-CC-116-CAT-008,2026,Q1,March,DEP-005,CC-116,CAT-008,36059.4,Operating,REG-01
BUD-202603-DEP-005-CC-105-CAT-006,2026,Q1,March,DEP-005,CC-105,CAT-006,37902.74,Capital,REG-05
BUD-202603-DEP-005-CC-101-CAT-005,2026,Q1,March,DEP-005,CC-101,CAT-005,24675.12,Operating,REG-03
BUD-202603-DEP-005-CC-106-CAT-001,2026,Q1,March,DEP-005,CC-106,CAT-001,34985.62,Capital,REG-06
BUD-202603-DEP-005-CC-116-CAT-009,2026,Q1,March,DEP-005,CC-116,CAT-009,26278.88,Capital,REG-03
BUD-202603-DEP-005-CC-119-CAT-010,2026,Q1,March,DEP-005,CC-119,CAT-010,22249.28,Operating,REG-08
BUD-202603-DEP-005-CC-106-CAT-015,2026,Q1,March,DEP-005,CC-106,CAT-015,31547.7,Operating,REG-07
BUD-202603-DEP-005-CC-103-CAT-011,2026,Q1,March,DEP-005,CC-103,CAT-011,36530.37,Operating,REG-01
BUD-202603-DEP-005-CC-117-CAT-011,2026,Q1,March,DEP-005,CC-117,CAT-011,31047.24,Operating,REG-01
BUD-202603-DEP-006-CC-113-CAT-014,2026,Q1,March,DEP-006,CC-113,CAT-014,19842.23,Operating,REG-04
BUD-202603-DEP-006-CC-115-CAT-010,2026,Q1,March,DEP-006,CC-115,CAT-010,18588.44,Project,REG-05
BUD-202603-DEP-006-CC-111-CAT-007,2026,Q1,March,DEP-006,CC-111,CAT-007,13821.32,Operating,REG-05
BUD-202603-DEP-006-CC-119-CAT-005,2026,Q1,March,DEP-006,CC-119,CAT-005,17157.65,Capital,REG-06
BUD-202603-DEP-006-CC-115-CAT-015,2026,Q1,March,DEP-006,CC-115,CAT-015,23008.68,Departmental,REG-04
BUD-202603-DEP-006-CC-112-CAT-001,2026,Q1,March,DEP-006,CC-112,CAT-001,24348.42,Operating,REG-04
BUD-202603-DEP-006-CC-111-CAT-010,2026,Q1,March,DEP-006,CC-111,CAT-010,17646.82,Project,REG-01
BUD-202603-DEP-006-CC-110-CAT-002,2026,Q1,March,DEP-006,CC-110,CAT-002,14818.95,Operating,REG-05
BUD-202603-DEP-006-CC-113-CAT-001,2026,Q1,March,DEP-006,CC-113,CAT-001,23147.16,Operating,REG-07
BUD-202603-DEP-006-CC-106-CAT-015,2026,Q1,March,DEP-006,CC-106,CAT-015,20102.88,Capital,REG-07
BUD-202603-DEP-006-CC-109-CAT-002,2026,Q1,March,DEP-006,CC-109,CAT-002,15025.21,Operating,REG-08
BUD-202603-DEP-006-CC-114-CAT-004,2026,Q1,March,DEP-006,CC-114,CAT-004,31644.65,Operating,REG-06
BUD-202603-DEP-006-CC-112-CAT-015,2026,Q1,March,DEP-006,CC-112,CAT-015,19894.53,Capital,REG-02
BUD-202603-DEP-006-CC-106-CAT-006,2026,Q1,March,DEP-006,CC-106,CAT-006,23718.94,Capital,REG-07
BUD-202603-DEP-006-CC-102-CAT-010,2026,Q1,March,DEP-006,CC-102,CAT-010,16698.07,Capital,REG-02
BUD-202603-DEP-006-CC-103-CAT-010,2026,Q1,March,DEP-006,CC-103,CAT-010,18032.08,Departmental,REG-01
BUD-202603-DEP-006-CC-108-CAT-004,2026,Q1,March,DEP-006,CC-108,CAT-004,34218.03,Operating,REG-07
BUD-202603-DEP-006-CC-103-CAT-013,2026,Q1,March,DEP-006,CC-103,CAT-013,23619.86,Departmental,REG-03
BUD-202603-DEP-006-CC-115-CAT-014,2026,Q1,March,DEP-006,CC-115,CAT-014,20062.5,Operating,REG-06
BUD-202603-DEP-006-CC-104-CAT-009,2026,Q1,March,DEP-006,CC-104,CAT-009,20730.02,Operating,REG-04
BUD-202603-DEP-006-CC-101-CAT-008,2026,Q1,March,DEP-006,CC-101,CAT-008,28910.61,Project,REG-02
BUD-202603-DEP-006-CC-106-CAT-014,2026,Q1,March,DEP-006,CC-106,CAT-014,18052.23,Departmental,REG-02
BUD-202603-DEP-006-CC-108-CAT-009,2026,Q1,March,DEP-006,CC-108,CAT-009,18280.26,Departmental,REG-06
BUD-202603-DEP-006-CC-105-CAT-012,2026,Q1,March,DEP-006,CC-105,CAT-012,16428.34,Project,REG-06
BUD-202603-DEP-006-CC-108-CAT-004,2026,Q1,March,DEP-006,CC-108,CAT-004,32050.22,Operating,REG-08
BUD-202603-DEP-006-CC-109-CAT-015,2026,Q1,March,DEP-006,CC-109,CAT-015,24045.81,Operating,REG-01
BUD-202603-DEP-006-CC-117-CAT-005,2026,Q1,March,DEP-006,CC-117,CAT-005,18694.16,Operating,REG-06
BUD-202603-DEP-006-CC-113-CAT-007,2026,Q1,March,DEP-006,CC-113,CAT-007,13297.16,Project,REG-08
BUD-202603-DEP-006-CC-116-CAT-013,2026,Q1,March,DEP-006,CC-116,CAT-013,25710.67,Operating,REG-03
BUD-202603-DEP-006-CC-111-CAT-014,2026,Q1,March,DEP-006,CC-111,CAT-014,19509.25,Operating,REG-03
BUD-202603-DEP-006-CC-105-CAT-006,2026,Q1,March,DEP-006,CC-105,CAT-006,21450.39,Operating,REG-03
BUD-202603-DEP-006-CC-117-CAT-015,2026,Q1,March,DEP-006,CC-117,CAT-015,21724.27,Project,REG-02
BUD-202603-DEP-006-CC-116-CAT-008,2026,Q1,March,DEP-006,CC-116,CAT-008,26720.41,Capital,REG-07
BUD-202603-DEP-006-CC-118-CAT-007,2026,Q1,March,DEP-006,CC-118,CAT-007,13136.56,Operating,REG-07
BUD-202603-DEP-006-CC-108-CAT-005,2026,Q1,March,DEP-006,CC-108,CAT-005,19882.67,Operating,REG-08
BUD-202603-DEP-006-CC-109-CAT-007,2026,Q1,March,DEP-006,CC-109,CAT-007,13725.38,Operating,REG-04
BUD-202603-DEP-006-CC-102-CAT-011,2026,Q1,March,DEP-006,CC-102,CAT-011,20368.09,Operating,REG-02
BUD-202603-DEP-006-CC-114-CAT-005,2026,Q1,March,DEP-006,CC-114,CAT-005,17860.68,Operating,REG-02
BUD-202603-DEP-006-CC-101-CAT-009,2026,Q1,March,DEP-006,CC-101,CAT-009,18624.67,Capital,REG-04
BUD-202603-DEP-006-CC-116-CAT-004,2026,Q1,March,DEP-006,CC-116,CAT-004,31505.43,Capital,REG-03
BUD-202603-DEP-006-CC-110-CAT-003,2026,Q1,March,DEP-006,CC-110,CAT-003,18777.87,Operating,REG-08
BUD-202603-DEP-006-CC-106-CAT-004,2026,Q1,March,DEP-006,CC-106,CAT-004,27071.57,Operating,REG-08
BUD-202603-DEP-007-CC-113-CAT-012,2026,Q1,March,DEP-007,CC-113,CAT-012,26334.51,Project,REG-04
BUD-202603-DEP-007-CC-107-CAT-009,2026,Q1,March,DEP-007,CC-107,CAT-009,30383.08,Departmental,REG-04
BUD-202603-DEP-007-CC-116-CAT-007,2026,Q1,March,DEP-007,CC-116,CAT-007,25650.61,Capital,REG-05
BUD-202603-DEP-007-CC-110-CAT-008,2026,Q1,March,DEP-007,CC-110,CAT-008,47338.12,Operating,REG-08
BUD-202603-DEP-007-CC-115-CAT-008,2026,Q1,March,DEP-007,CC-115,CAT-008,51018.04,Capital,REG-08
BUD-202603-DEP-007-CC-102-CAT-008,2026,Q1,March,DEP-007,CC-102,CAT-008,46563.27,Departmental,REG-06
BUD-202603-DEP-007-CC-101-CAT-002,2026,Q1,March,DEP-007,CC-101,CAT-002,28854.15,Operating,REG-05
BUD-202603-DEP-007-CC-104-CAT-005,2026,Q1,March,DEP-007,CC-104,CAT-005,27732.77,Capital,REG-04
BUD-202603-DEP-007-CC-105-CAT-013,2026,Q1,March,DEP-007,CC-105,CAT-013,47580.92,Operating,REG-05
BUD-202603-DEP-007-CC-105-CAT-002,2026,Q1,March,DEP-007,CC-105,CAT-002,29338.19,Operating,REG-02
BUD-202603-DEP-007-CC-107-CAT-010,2026,Q1,March,DEP-007,CC-107,CAT-010,29470.46,Departmental,REG-08
BUD-202603-DEP-007-CC-108-CAT-015,2026,Q1,March,DEP-007,CC-108,CAT-015,40708.14,Operating,REG-02
BUD-202603-DEP-007-CC-106-CAT-006,2026,Q1,March,DEP-007,CC-106,CAT-006,43672.6,Capital,REG-08
BUD-202603-DEP-007-CC-120-CAT-007,2026,Q1,March,DEP-007,CC-120,CAT-007,25337.8,Operating,REG-07
BUD-202603-DEP-007-CC-101-CAT-002,2026,Q1,March,DEP-007,CC-101,CAT-002,25275.85,Operating,REG-04
BUD-202603-DEP-007-CC-113-CAT-003,2026,Q1,March,DEP-007,CC-113,CAT-003,37318.74,Operating,REG-01
BUD-202603-DEP-007-CC-109-CAT-014,2026,Q1,March,DEP-007,CC-109,CAT-014,37591.6,Departmental,REG-05
BUD-202603-DEP-007-CC-106-CAT-002,2026,Q1,March,DEP-007,CC-106,CAT-002,28264.39,Operating,REG-02
BUD-202603-DEP-007-CC-102-CAT-008,2026,Q1,March,DEP-007,CC-102,CAT-008,45058.45,Operating,REG-04
BUD-202603-DEP-007-CC-107-CAT-002,2026,Q1,March,DEP-007,CC-107,CAT-002,29504.03,Departmental,REG-05
BUD-202603-DEP-007-CC-103-CAT-010,2026,Q1,March,DEP-007,CC-103,CAT-010,27288.69,Operating,REG-05
BUD-202603-DEP-007-CC-101-CAT-006,2026,Q1,March,DEP-007,CC-101,CAT-006,45322.81,Capital,REG-07
BUD-202603-DEP-007-CC-110-CAT-008,2026,Q1,March,DEP-007,CC-110,CAT-008,47999.85,Capital,REG-01
BUD-202603-DEP-007-CC-112-CAT-004,2026,Q1,March,DEP-007,CC-112,CAT-004,57861.39,Operating,REG-08
BUD-202603-DEP-007-CC-111-CAT-003,2026,Q1,March,DEP-007,CC-111,CAT-003,33895.79,Capital,REG-07
BUD-202603-DEP-007-CC-105-CAT-001,2026,Q1,March,DEP-007,CC-105,CAT-001,46200.71,Operating,REG-03
BUD-202603-DEP-007-CC-117-CAT-001,2026,Q1,March,DEP-007,CC-117,CAT-001,46022.09,Operating,REG-01
BUD-202603-DEP-007-CC-103-CAT-001,2026,Q1,March,DEP-007,CC-103,CAT-001,46609.59,Departmental,REG-05
BUD-202603-DEP-007-CC-106-CAT-003,2026,Q1,March,DEP-007,CC-106,CAT-003,37917.75,Capital,REG-05
BUD-202603-DEP-007-CC-118-CAT-001,2026,Q1,March,DEP-007,CC-118,CAT-001,41284.85,Operating,REG-04
BUD-202603-DEP-007-CC-117-CAT-005,2026,Q1,March,DEP-007,CC-117,CAT-005,33052.34,Operating,REG-01
BUD-202603-DEP-007-CC-110-CAT-013,2026,Q1,March,DEP-007,CC-110,CAT-013,42268.75,Departmental,REG-06
BUD-202603-DEP-007-CC-118-CAT-004,2026,Q1,March,DEP-007,CC-118,CAT-004,47488.46,Operating,REG-04
BUD-202603-DEP-007-CC-110-CAT-013,2026,Q1,March,DEP-007,CC-110,CAT-013,39688.76,Operating,REG-05
BUD-202603-DEP-007-CC-104-CAT-007,2026,Q1,March,DEP-007,CC-104,CAT-007,25512.05,Departmental,REG-01
BUD-202603-DEP-007-CC-120-CAT-005,2026,Q1,March,DEP-007,CC-120,CAT-005,35056.04,Operating,REG-01
BUD-202603-DEP-007-CC-106-CAT-007,2026,Q1,March,DEP-007,CC-106,CAT-007,24917.7,Operating,REG-08
BUD-202603-DEP-007-CC-107-CAT-013,2026,Q1,March,DEP-007,CC-107,CAT-013,40249.58,Operating,REG-03
BUD-202603-DEP-007-CC-114-CAT-011,2026,Q1,March,DEP-007,CC-114,CAT-011,39810.72,Project,REG-04
BUD-202603-DEP-007-CC-108-CAT-008,2026,Q1,March,DEP-007,CC-108,CAT-008,47716.74,Departmental,REG-03
BUD-202603-DEP-007-CC-103-CAT-002,2026,Q1,March,DEP-007,CC-103,CAT-002,28418.79,Project,REG-03
BUD-202603-DEP-007-CC-117-CAT-013,2026,Q1,March,DEP-007,CC-117,CAT-013,39756.3,Capital,REG-06
BUD-202603-DEP-007-CC-108-CAT-003,2026,Q1,March,DEP-007,CC-108,CAT-003,34497.1,Operating,REG-08
BUD-202603-DEP-007-CC-102-CAT-015,2026,Q1,March,DEP-007,CC-102,CAT-015,41633.4,Capital,REG-01
BUD-202603-DEP-007-CC-113-CAT-012,2026,Q1,March,DEP-007,CC-113,CAT-012,28196.49,Capital,REG-03
BUD-202603-DEP-007-CC-115-CAT-011,2026,Q1,March,DEP-007,CC-115,CAT-011,38232.72,Operating,REG-04
BUD-202603-DEP-007-CC-107-CAT-011,2026,Q1,March,DEP-007,CC-107,CAT-011,41606.62,Project,REG-06
BUD-202603-DEP-007-CC-114-CAT-001,2026,Q1,March,DEP-007,CC-114,CAT-001,40527.91,Operating,REG-06
BUD-202603-DEP-007-CC-115-CAT-009,2026,Q1,March,DEP-007,CC-115,CAT-009,30514.03,Project,REG-04
BUD-202603-DEP-007-CC-118-CAT-010,2026,Q1,March,DEP-007,CC-118,CAT-010,30502.39,Operating,REG-06
BUD-202603-DEP-007-CC-114-CAT-002,2026,Q1,March,DEP-007,CC-114,CAT-002,29676.97,Departmental,REG-06
BUD-202603-DEP-007-CC-120-CAT-007,2026,Q1,March,DEP-007,CC-120,CAT-007,22948.33,Operating,REG-03
BUD-202603-DEP-008-CC-110-CAT-014,2026,Q1,March,DEP-008,CC-110,CAT-014,26931.18,Operating,REG-05
BUD-202603-DEP-008-CC-117-CAT-005,2026,Q1,March,DEP-008,CC-117,CAT-005,23660.92,Departmental,REG-08
BUD-202603-DEP-008-CC-103-CAT-005,2026,Q1,March,DEP-008,CC-103,CAT-005,23659.31,Project,REG-03
BUD-202603-DEP-008-CC-114-CAT-005,2026,Q1,March,DEP-008,CC-114,CAT-005,22059.09,Operating,REG-03
BUD-202603-DEP-008-CC-109-CAT-012,2026,Q1,March,DEP-008,CC-109,CAT-012,21677.82,Project,REG-04
BUD-202603-DEP-008-CC-109-CAT-003,2026,Q1,March,DEP-008,CC-109,CAT-003,23503.67,Departmental,REG-02
BUD-202603-DEP-008-CC-119-CAT-002,2026,Q1,March,DEP-008,CC-119,CAT-002,16970.55,Operating,REG-04
BUD-202603-DEP-008-CC-114-CAT-010,2026,Q1,March,DEP-008,CC-114,CAT-010,18769.83,Project,REG-02
BUD-202603-DEP-008-CC-120-CAT-010,2026,Q1,March,DEP-008,CC-120,CAT-010,21886.78,Operating,REG-01
BUD-202603-DEP-008-CC-103-CAT-002,2026,Q1,March,DEP-008,CC-103,CAT-002,17313.88,Operating,REG-04
BUD-202603-DEP-008-CC-106-CAT-015,2026,Q1,March,DEP-008,CC-106,CAT-015,28812.27,Departmental,REG-07
BUD-202603-DEP-008-CC-111-CAT-014,2026,Q1,March,DEP-008,CC-111,CAT-014,22314.25,Operating,REG-06
BUD-202603-DEP-008-CC-102-CAT-002,2026,Q1,March,DEP-008,CC-102,CAT-002,17065.52,Operating,REG-05
BUD-202603-DEP-008-CC-112-CAT-004,2026,Q1,March,DEP-008,CC-112,CAT-004,37790.43,Operating,REG-02
BUD-202603-DEP-008-CC-104-CAT-010,2026,Q1,March,DEP-008,CC-104,CAT-010,19140.57,Operating,REG-05
BUD-202603-DEP-008-CC-117-CAT-008,2026,Q1,March,DEP-008,CC-117,CAT-008,32360.53,Operating,REG-04
BUD-202603-DEP-008-CC-110-CAT-006,2026,Q1,March,DEP-008,CC-110,CAT-006,32011.03,Operating,REG-04
BUD-202603-DEP-008-CC-120-CAT-002,2026,Q1,March,DEP-008,CC-120,CAT-002,19201.03,Operating,REG-06
BUD-202603-DEP-008-CC-104-CAT-003,2026,Q1,March,DEP-008,CC-104,CAT-003,24006.43,Operating,REG-03
BUD-202603-DEP-008-CC-115-CAT-003,2026,Q1,March,DEP-008,CC-115,CAT-003,26501.78,Capital,REG-05
BUD-202603-DEP-008-CC-116-CAT-005,2026,Q1,March,DEP-008,CC-116,CAT-005,22354.03,Project,REG-01
BUD-202603-DEP-008-CC-117-CAT-005,2026,Q1,March,DEP-008,CC-117,CAT-005,21477.58,Capital,REG-05
BUD-202603-DEP-008-CC-102-CAT-015,2026,Q1,March,DEP-008,CC-102,CAT-015,27095.07,Operating,REG-08
BUD-202603-DEP-008-CC-114-CAT-011,2026,Q1,March,DEP-008,CC-114,CAT-011,26036.35,Capital,REG-04
BUD-202603-DEP-008-CC-118-CAT-009,2026,Q1,March,DEP-008,CC-118,CAT-009,23284.84,Operating,REG-08
BUD-202603-DEP-008-CC-103-CAT-003,2026,Q1,March,DEP-008,CC-103,CAT-003,24585.82,Operating,REG-07
BUD-202603-DEP-008-CC-102-CAT-013,2026,Q1,March,DEP-008,CC-102,CAT-013,26749.5,Project,REG-07
BUD-202603-DEP-008-CC-112-CAT-015,2026,Q1,March,DEP-008,CC-112,CAT-015,25760.26,Operating,REG-03
BUD-202603-DEP-008-CC-108-CAT-013,2026,Q1,March,DEP-008,CC-108,CAT-013,31786.05,Operating,REG-07
BUD-202603-DEP-008-CC-107-CAT-001,2026,Q1,March,DEP-008,CC-107,CAT-001,33140.88,Operating,REG-08
BUD-202603-DEP-008-CC-117-CAT-010,2026,Q1,March,DEP-008,CC-117,CAT-010,22963.76,Capital,REG-01
BUD-202603-DEP-008-CC-115-CAT-009,2026,Q1,March,DEP-008,CC-115,CAT-009,22903.25,Project,REG-01
BUD-202603-DEP-008-CC-119-CAT-009,2026,Q1,March,DEP-008,CC-119,CAT-009,22118.31,Operating,REG-05
BUD-202603-DEP-008-CC-101-CAT-009,2026,Q1,March,DEP-008,CC-101,CAT-009,21424.98,Operating,REG-06
BUD-202603-DEP-008-CC-108-CAT-008,2026,Q1,March,DEP-008,CC-108,CAT-008,30067.92,Operating,REG-02
BUD-202603-DEP-008-CC-120-CAT-009,2026,Q1,March,DEP-008,CC-120,CAT-009,23883.94,Operating,REG-07
BUD-202603-DEP-008-CC-114-CAT-005,2026,Q1,March,DEP-008,CC-114,CAT-005,21748.39,Operating,REG-06
BUD-202603-DEP-008-CC-115-CAT-010,2026,Q1,March,DEP-008,CC-115,CAT-010,21173.25,Operating,REG-02
BUD-202603-DEP-009-CC-115-CAT-009,2026,Q1,March,DEP-009,CC-115,CAT-009,35054.01,Operating,REG-03
BUD-202603-DEP-009-CC-119-CAT-002,2026,Q1,March,DEP-009,CC-119,CAT-002,34308.35,Departmental,REG-06
BUD-202603-DEP-009-CC-103-CAT-006,2026,Q1,March,DEP-009,CC-103,CAT-006,46328.63,Operating,REG-02
BUD-202603-DEP-009-CC-110-CAT-007,2026,Q1,March,DEP-009,CC-110,CAT-007,28074.33,Capital,REG-03
BUD-202603-DEP-009-CC-106-CAT-013,2026,Q1,March,DEP-009,CC-106,CAT-013,54053.47,Operating,REG-03
BUD-202603-DEP-009-CC-107-CAT-002,2026,Q1,March,DEP-009,CC-107,CAT-002,30934.93,Operating,REG-07
BUD-202603-DEP-009-CC-107-CAT-013,2026,Q1,March,DEP-009,CC-107,CAT-013,52114.86,Operating,REG-08
BUD-202603-DEP-009-CC-107-CAT-003,2026,Q1,March,DEP-009,CC-107,CAT-003,42622.94,Departmental,REG-01
BUD-202603-DEP-009-CC-110-CAT-011,2026,Q1,March,DEP-009,CC-110,CAT-011,49254.84,Capital,REG-04
BUD-202603-DEP-009-CC-119-CAT-010,2026,Q1,March,DEP-009,CC-119,CAT-010,37744.96,Operating,REG-06
BUD-202603-DEP-009-CC-114-CAT-012,2026,Q1,March,DEP-009,CC-114,CAT-012,29708.04,Operating,REG-07
BUD-202603-DEP-009-CC-110-CAT-013,2026,Q1,March,DEP-009,CC-110,CAT-013,55454.88,Operating,REG-03
BUD-202603-DEP-009-CC-102-CAT-006,2026,Q1,March,DEP-009,CC-102,CAT-006,50607.16,Operating,REG-03
BUD-202603-DEP-009-CC-103-CAT-015,2026,Q1,March,DEP-009,CC-103,CAT-015,48747.43,Capital,REG-05
BUD-202603-DEP-009-CC-105-CAT-010,2026,Q1,March,DEP-009,CC-105,CAT-010,37969.52,Capital,REG-02
BUD-202603-DEP-009-CC-102-CAT-001,2026,Q1,March,DEP-009,CC-102,CAT-001,48767.95,Operating,REG-03
BUD-202603-DEP-009-CC-112-CAT-005,2026,Q1,March,DEP-009,CC-112,CAT-005,41733.98,Operating,REG-08
BUD-202603-DEP-009-CC-111-CAT-006,2026,Q1,March,DEP-009,CC-111,CAT-006,44054.25,Operating,REG-05
BUD-202603-DEP-009-CC-115-CAT-015,2026,Q1,March,DEP-009,CC-115,CAT-015,42831.68,Operating,REG-02
BUD-202603-DEP-009-CC-113-CAT-004,2026,Q1,March,DEP-009,CC-113,CAT-004,56243.12,Departmental,REG-06
BUD-202603-DEP-009-CC-108-CAT-014,2026,Q1,March,DEP-009,CC-108,CAT-014,43751.2,Project,REG-01
BUD-202603-DEP-009-CC-107-CAT-015,2026,Q1,March,DEP-009,CC-107,CAT-015,45904.57,Operating,REG-08
BUD-202603-DEP-009-CC-102-CAT-005,2026,Q1,March,DEP-009,CC-102,CAT-005,35740.1,Operating,REG-01
BUD-202603-DEP-009-CC-104-CAT-014,2026,Q1,March,DEP-009,CC-104,CAT-014,43286.2,Operating,REG-08
BUD-202603-DEP-009-CC-104-CAT-004,2026,Q1,March,DEP-009,CC-104,CAT-004,65126.46,Operating,REG-03
BUD-202603-DEP-009-CC-112-CAT-013,2026,Q1,March,DEP-009,CC-112,CAT-013,51443.25,Project,REG-04
BUD-202603-DEP-009-CC-114-CAT-014,2026,Q1,March,DEP-009,CC-114,CAT-014,41589.95,Operating,REG-05
BUD-202603-DEP-009-CC-103-CAT-008,2026,Q1,March,DEP-009,CC-103,CAT-008,52903.37,Operating,REG-08
BUD-202603-DEP-009-CC-107-CAT-014,2026,Q1,March,DEP-009,CC-107,CAT-014,45252.89,Capital,REG-02
BUD-202603-DEP-009-CC-111-CAT-011,2026,Q1,March,DEP-009,CC-111,CAT-011,49371.97,Project,REG-06
BUD-202603-DEP-009-CC-120-CAT-009,2026,Q1,March,DEP-009,CC-120,CAT-009,42944.23,Operating,REG-08
BUD-202603-DEP-009-CC-110-CAT-001,2026,Q1,March,DEP-009,CC-110,CAT-001,50925.89,Operating,REG-08
BUD-202603-DEP-009-CC-104-CAT-004,2026,Q1,March,DEP-009,CC-104,CAT-004,68752.29,Departmental,REG-06
BUD-202603-DEP-009-CC-112-CAT-006,2026,Q1,March,DEP-009,CC-112,CAT-006,44640.98,Project,REG-07
BUD-202603-DEP-009-CC-112-CAT-015,2026,Q1,March,DEP-009,CC-112,CAT-015,49963.84,Project,REG-03
BUD-202603-DEP-009-CC-107-CAT-004,2026,Q1,March,DEP-009,CC-107,CAT-004,64397.22,Project,REG-08
BUD-202603-DEP-009-CC-108-CAT-013,2026,Q1,March,DEP-009,CC-108,CAT-013,49387.33,Departmental,REG-04
BUD-202603-DEP-009-CC-115-CAT-006,2026,Q1,March,DEP-009,CC-115,CAT-006,51284.04,Capital,REG-02
BUD-202603-DEP-009-CC-110-CAT-013,2026,Q1,March,DEP-009,CC-110,CAT-013,52525.14,Operating,REG-05
BUD-202603-DEP-009-CC-119-CAT-010,2026,Q1,March,DEP-009,CC-119,CAT-010,38747.69,Project,REG-01
BUD-202603-DEP-009-CC-118-CAT-001,2026,Q1,March,DEP-009,CC-118,CAT-001,53704.77,Operating,REG-08
BUD-202603-DEP-009-CC-102-CAT-003,2026,Q1,March,DEP-009,CC-102,CAT-003,41210.09,Operating,REG-05
BUD-202603-DEP-009-CC-101-CAT-005,2026,Q1,March,DEP-009,CC-101,CAT-005,38641.38,Operating,REG-01
BUD-202603-DEP-010-CC-117-CAT-012,2026,Q1,March,DEP-010,CC-117,CAT-012,22350.08,Operating,REG-07
BUD-202603-DEP-010-CC-120-CAT-012,2026,Q1,March,DEP-010,CC-120,CAT-012,20967.28,Operating,REG-02
BUD-202603-DEP-010-CC-114-CAT-001,2026,Q1,March,DEP-010,CC-114,CAT-001,34174.38,Operating,REG-01
BUD-202603-DEP-010-CC-115-CAT-008,2026,Q1,March,DEP-010,CC-115,CAT-008,33974.7,Operating,REG-02
BUD-202603-DEP-010-CC-103-CAT-005,2026,Q1,March,DEP-010,CC-103,CAT-005,26111.44,Project,REG-03
BUD-202603-DEP-010-CC-102-CAT-012,2026,Q1,March,DEP-010,CC-102,CAT-012,22321.0,Operating,REG-08
BUD-202603-DEP-010-CC-103-CAT-013,2026,Q1,March,DEP-010,CC-103,CAT-013,30877.05,Departmental,REG-02
BUD-202603-DEP-010-CC-101-CAT-010,2026,Q1,March,DEP-010,CC-101,CAT-010,24584.18,Operating,REG-06
BUD-202603-DEP-010-CC-111-CAT-015,2026,Q1,March,DEP-010,CC-111,CAT-015,30754.14,Capital,REG-01
BUD-202603-DEP-010-CC-102-CAT-007,2026,Q1,March,DEP-010,CC-102,CAT-007,18292.23,Operating,REG-01
BUD-202603-DEP-010-CC-105-CAT-001,2026,Q1,March,DEP-010,CC-105,CAT-001,35093.61,Operating,REG-08
BUD-202603-DEP-010-CC-106-CAT-004,2026,Q1,March,DEP-010,CC-106,CAT-004,40197.4,Operating,REG-03
BUD-202603-DEP-010-CC-114-CAT-014,2026,Q1,March,DEP-010,CC-114,CAT-014,24656.63,Operating,REG-07
BUD-202603-DEP-010-CC-109-CAT-001,2026,Q1,March,DEP-010,CC-109,CAT-001,35750.25,Operating,REG-03
BUD-202603-DEP-010-CC-101-CAT-001,2026,Q1,March,DEP-010,CC-101,CAT-001,34499.58,Capital,REG-08
BUD-202603-DEP-010-CC-105-CAT-007,2026,Q1,March,DEP-010,CC-105,CAT-007,18257.46,Capital,REG-02
BUD-202603-DEP-010-CC-109-CAT-001,2026,Q1,March,DEP-010,CC-109,CAT-001,30343.9,Operating,REG-01
BUD-202603-DEP-010-CC-101-CAT-007,2026,Q1,March,DEP-010,CC-101,CAT-007,18901.92,Operating,REG-01
BUD-202603-DEP-010-CC-117-CAT-008,2026,Q1,March,DEP-010,CC-117,CAT-008,36605.03,Departmental,REG-06
BUD-202603-DEP-010-CC-107-CAT-013,2026,Q1,March,DEP-010,CC-107,CAT-013,33840.92,Operating,REG-04
BUD-202603-DEP-010-CC-115-CAT-002,2026,Q1,March,DEP-010,CC-115,CAT-002,21750.6,Operating,REG-02
BUD-202603-DEP-010-CC-106-CAT-006,2026,Q1,March,DEP-010,CC-106,CAT-006,34966.89,Operating,REG-06
BUD-202603-DEP-010-CC-108-CAT-013,2026,Q1,March,DEP-010,CC-108,CAT-013,30278.62,Departmental,REG-02
BUD-202603-DEP-010-CC-106-CAT-015,2026,Q1,March,DEP-010,CC-106,CAT-015,28175.09,Operating,REG-06
BUD-202603-DEP-010-CC-114-CAT-014,2026,Q1,March,DEP-010,CC-114,CAT-014,25839.68,Project,REG-07
BUD-202603-DEP-010-CC-106-CAT-002,2026,Q1,March,DEP-010,CC-106,CAT-002,21337.74,Operating,REG-04
BUD-202603-DEP-010-CC-115-CAT-008,2026,Q1,March,DEP-010,CC-115,CAT-008,35379.79,Departmental,REG-08
BUD-202603-DEP-010-CC-114-CAT-001,2026,Q1,March,DEP-010,CC-114,CAT-001,37560.85,Departmental,REG-06
BUD-202603-DEP-010-CC-106-CAT-006,2026,Q1,March,DEP-010,CC-106,CAT-006,28349.75,Operating,REG-02
BUD-202603-DEP-010-CC-119-CAT-003,2026,Q1,March,DEP-010,CC-119,CAT-003,30652.61,Project,REG-01
BUD-202603-DEP-010-CC-111-CAT-001,2026,Q1,March,DEP-010,CC-111,CAT-001,37933.39,Project,REG-05
BUD-202603-DEP-010-CC-115-CAT-009,2026,Q1,March,DEP-010,CC-115,CAT-009,24920.79,Departmental,REG-04
BUD-202603-DEP-010-CC-115-CAT-007,2026,Q1,March,DEP-010,CC-115,CAT-007,19127.15,Operating,REG-08
BUD-202603-DEP-010-CC-120-CAT-011,2026,Q1,March,DEP-010,CC-120,CAT-011,33619.32,Project,REG-04
BUD-202603-DEP-010-CC-112-CAT-003,2026,Q1,March,DEP-010,CC-112,CAT-003,28018.04,Operating,REG-04
BUD-202603-DEP-010-CC-103-CAT-002,2026,Q1,March,DEP-010,CC-103,CAT-002,19224.78,Capital,REG-07
BUD-202603-DEP-010-CC-103-CAT-013,2026,Q1,March,DEP-010,CC-103,CAT-013,34509.29,Operating,REG-07
BUD-202603-DEP-010-CC-108-CAT-003,2026,Q1,March,DEP-010,CC-108,CAT-003,29958.85,Capital,REG-01
BUD-202605-DEP-001-CC-120-CAT-015,2026,Q2,May,DEP-001,CC-120,CAT-015,32671.52,Operating,REG-06
BUD-202605-DEP-001-CC-113-CAT-013,2026,Q2,May,DEP-001,CC-113,CAT-013,37329.96,Departmental,REG-08
BUD-202605-DEP-001-CC-115-CAT-009,2026,Q2,May,DEP-001,CC-115,CAT-009,27812.6,Project,REG-02
BUD-202605-DEP-001-CC-108-CAT-011,2026,Q2,May,DEP-001,CC-108,CAT-011,35677.23,Capital,REG-04
BUD-202605-DEP-001-CC-110-CAT-005,2026,Q2,May,DEP-001,CC-110,CAT-005,29504.5,Operating,REG-02
BUD-202605-DEP-001-CC-112-CAT-013,2026,Q2,May,DEP-001,CC-112,CAT-013,43257.91,Departmental,REG-03
BUD-202605-DEP-001-CC-115-CAT-014,2026,Q2,May,DEP-001,CC-115,CAT-014,35002.44,Operating,REG-06
BUD-202605-DEP-001-CC-104-CAT-003,2026,Q2,May,DEP-001,CC-104,CAT-003,34843.03,Operating,REG-07
BUD-202605-DEP-001-CC-112-CAT-002,2026,Q2,May,DEP-001,CC-112,CAT-002,23914.15,Capital,REG-05
BUD-202605-DEP-001-CC-111-CAT-004,2026,Q2,May,DEP-001,CC-111,CAT-004,45441.96,Capital,REG-08
BUD-202605-DEP-001-CC-112-CAT-003,2026,Q2,May,DEP-001,CC-112,CAT-003,31973.27,Capital,REG-06
BUD-202605-DEP-001-CC-107-CAT-014,2026,Q2,May,DEP-001,CC-107,CAT-014,29838.88,Operating,REG-02
BUD-202605-DEP-001-CC-104-CAT-001,2026,Q2,May,DEP-001,CC-104,CAT-001,44534.23,Operating,REG-02
BUD-202605-DEP-001-CC-103-CAT-003,2026,Q2,May,DEP-001,CC-103,CAT-003,33432.3,Departmental,REG-05
BUD-202605-DEP-001-CC-116-CAT-006,2026,Q2,May,DEP-001,CC-116,CAT-006,41341.42,Operating,REG-03
BUD-202605-DEP-001-CC-117-CAT-015,2026,Q2,May,DEP-001,CC-117,CAT-015,34424.78,Capital,REG-05
BUD-202605-DEP-001-CC-106-CAT-012,2026,Q2,May,DEP-001,CC-106,CAT-012,29667.43,Operating,REG-07
BUD-202605-DEP-001-CC-111-CAT-014,2026,Q2,May,DEP-001,CC-111,CAT-014,35757.1,Operating,REG-04
BUD-202605-DEP-001-CC-103-CAT-001,2026,Q2,May,DEP-001,CC-103,CAT-001,46744.86,Operating,REG-03
BUD-202605-DEP-001-CC-110-CAT-003,2026,Q2,May,DEP-001,CC-110,CAT-003,37656.0,Operating,REG-04
BUD-202605-DEP-001-CC-105-CAT-014,2026,Q2,May,DEP-001,CC-105,CAT-014,35445.26,Departmental,REG-02
BUD-202605-DEP-001-CC-101-CAT-011,2026,Q2,May,DEP-001,CC-101,CAT-011,38947.47,Project,REG-03
BUD-202605-DEP-001-CC-110-CAT-008,2026,Q2,May,DEP-001,CC-110,CAT-008,45847.47,Operating,REG-07
BUD-202605-DEP-001-CC-101-CAT-010,2026,Q2,May,DEP-001,CC-101,CAT-010,24838.66,Operating,REG-04
BUD-202605-DEP-001-CC-107-CAT-015,2026,Q2,May,DEP-001,CC-107,CAT-015,37386.22,Operating,REG-02
BUD-202605-DEP-001-CC-106-CAT-003,2026,Q2,May,DEP-001,CC-106,CAT-003,30545.01,Operating,REG-08
BUD-202605-DEP-001-CC-114-CAT-005,2026,Q2,May,DEP-001,CC-114,CAT-005,28252.16,Operating,REG-01
BUD-202605-DEP-001-CC-107-CAT-009,2026,Q2,May,DEP-001,CC-107,CAT-009,32969.05,Operating,REG-01
BUD-202605-DEP-001-CC-113-CAT-009,2026,Q2,May,DEP-001,CC-113,CAT-009,29679.81,Capital,REG-03
BUD-202605-DEP-001-CC-118-CAT-002,2026,Q2,May,DEP-001,CC-118,CAT-002,24813.71,Project,REG-07
BUD-202605-DEP-001-CC-110-CAT-005,2026,Q2,May,DEP-001,CC-110,CAT-005,27802.81,Capital,REG-06
BUD-202605-DEP-001-CC-115-CAT-011,2026,Q2,May,DEP-001,CC-115,CAT-011,33866.24,Project,REG-06
BUD-202605-DEP-001-CC-107-CAT-015,2026,Q2,May,DEP-001,CC-107,CAT-015,36238.61,Operating,REG-03
BUD-202605-DEP-001-CC-107-CAT-003,2026,Q2,May,DEP-001,CC-107,CAT-003,35761.27,Operating,REG-06
BUD-202605-DEP-001-CC-111-CAT-006,2026,Q2,May,DEP-001,CC-111,CAT-006,43216.12,Project,REG-02
BUD-202605-DEP-001-CC-116-CAT-005,2026,Q2,May,DEP-001,CC-116,CAT-005,26184.51,Operating,REG-08
BUD-202605-DEP-001-CC-117-CAT-008,2026,Q2,May,DEP-001,CC-117,CAT-008,42781.28,Operating,REG-05
BUD-202605-DEP-001-CC-105-CAT-006,2026,Q2,May,DEP-001,CC-105,CAT-006,39064.4,Operating,REG-04
BUD-202605-DEP-001-CC-115-CAT-009,2026,Q2,May,DEP-001,CC-115,CAT-009,29229.12,Project,REG-06
BUD-202605-DEP-001-CC-108-CAT-010,2026,Q2,May,DEP-001,CC-108,CAT-010,30349.85,Project,REG-05
BUD-202605-DEP-001-CC-104-CAT-014,2026,Q2,May,DEP-001,CC-104,CAT-014,30183.65,Operating,REG-01
BUD-202605-DEP-001-CC-110-CAT-015,2026,Q2,May,DEP-001,CC-110,CAT-015,39736.93,Operating,REG-02
BUD-202605-DEP-001-CC-104-CAT-004,2026,Q2,May,DEP-001,CC-104,CAT-004,44623.91,Operating,REG-04
BUD-202605-DEP-001-CC-105-CAT-007,2026,Q2,May,DEP-001,CC-105,CAT-007,23417.51,Operating,REG-07
BUD-202605-DEP-001-CC-117-CAT-002,2026,Q2,May,DEP-001,CC-117,CAT-002,26019.65,Project,REG-08
BUD-202605-DEP-001-CC-104-CAT-015,2026,Q2,May,DEP-001,CC-104,CAT-015,37892.11,Capital,REG-08
BUD-202605-DEP-001-CC-104-CAT-015,2026,Q2,May,DEP-001,CC-104,CAT-015,37012.15,Capital,REG-05
BUD-202605-DEP-002-CC-117-CAT-006,2026,Q2,May,DEP-002,CC-117,CAT-006,27757.76,Project,REG-05
BUD-202605-DEP-002-CC-104-CAT-004,2026,Q2,May,DEP-002,CC-104,CAT-004,33852.32,Operating,REG-02
BUD-202605-DEP-002-CC-119-CAT-001,2026,Q2,May,DEP-002,CC-119,CAT-001,27196.71,Project,REG-05
BUD-202605-DEP-002-CC-113-CAT-002,2026,Q2,May,DEP-002,CC-113,CAT-002,15933.44,Operating,REG-02
BUD-202605-DEP-002-CC-109-CAT-012,2026,Q2,May,DEP-002,CC-109,CAT-012,17249.89,Capital,REG-05
BUD-202605-DEP-002-CC-106-CAT-004,2026,Q2,May,DEP-002,CC-106,CAT-004,34680.69,Operating,REG-08
BUD-202605-DEP-002-CC-114-CAT-009,2026,Q2,May,DEP-002,CC-114,CAT-009,21574.35,Operating,REG-05
BUD-202605-DEP-002-CC-113-CAT-010,2026,Q2,May,DEP-002,CC-113,CAT-010,21634.45,Operating,REG-08
BUD-202605-DEP-002-CC-110-CAT-015,2026,Q2,May,DEP-002,CC-110,CAT-015,22809.43,Project,REG-05
BUD-202605-DEP-002-CC-111-CAT-013,2026,Q2,May,DEP-002,CC-111,CAT-013,28231.26,Operating,REG-01
BUD-202605-DEP-002-CC-119-CAT-013,2026,Q2,May,DEP-002,CC-119,CAT-013,28388.45,Operating,REG-02
BUD-202605-DEP-002-CC-104-CAT-009,2026,Q2,May,DEP-002,CC-104,CAT-009,21548.61,Operating,REG-05
BUD-202605-DEP-002-CC-113-CAT-007,2026,Q2,May,DEP-002,CC-113,CAT-007,16288.13,Operating,REG-08
BUD-202605-DEP-002-CC-115-CAT-009,2026,Q2,May,DEP-002,CC-115,CAT-009,24368.09,Operating,REG-02
BUD-202605-DEP-002-CC-109-CAT-015,2026,Q2,May,DEP-002,CC-109,CAT-015,28123.38,Capital,REG-08
BUD-202605-DEP-002-CC-115-CAT-005,2026,Q2,May,DEP-002,CC-115,CAT-005,22320.26,Project,REG-03
BUD-202605-DEP-002-CC-116-CAT-013,2026,Q2,May,DEP-002,CC-116,CAT-013,25736.11,Operating,REG-07
BUD-202605-DEP-002-CC-102-CAT-013,2026,Q2,May,DEP-002,CC-102,CAT-013,27513.04,Operating,REG-04
BUD-202605-DEP-002-CC-111-CAT-007,2026,Q2,May,DEP-002,CC-111,CAT-007,14213.36,Operating,REG-04
BUD-202605-DEP-002-CC-120-CAT-002,2026,Q2,May,DEP-002,CC-120,CAT-002,18770.48,Project,REG-05
BUD-202605-DEP-002-CC-108-CAT-015,2026,Q2,May,DEP-002,CC-108,CAT-015,25211.58,Operating,REG-07
BUD-202605-DEP-002-CC-119-CAT-011,2026,Q2,May,DEP-002,CC-119,CAT-011,26984.94,Capital,REG-03
BUD-202605-DEP-002-CC-101-CAT-003,2026,Q2,May,DEP-002,CC-101,CAT-003,26192.96,Capital,REG-03
BUD-202605-DEP-002-CC-103-CAT-002,2026,Q2,May,DEP-002,CC-103,CAT-002,16465.29,Operating,REG-02
BUD-202605-DEP-002-CC-116-CAT-001,2026,Q2,May,DEP-002,CC-116,CAT-001,26998.06,Project,REG-08
BUD-202605-DEP-002-CC-105-CAT-005,2026,Q2,May,DEP-002,CC-105,CAT-005,20270.31,Project,REG-04
BUD-202605-DEP-002-CC-113-CAT-015,2026,Q2,May,DEP-002,CC-113,CAT-015,26332.51,Operating,REG-03
BUD-202605-DEP-002-CC-118-CAT-006,2026,Q2,May,DEP-002,CC-118,CAT-006,25162.43,Operating,REG-05
BUD-202605-DEP-002-CC-110-CAT-014,2026,Q2,May,DEP-002,CC-110,CAT-014,23362.18,Operating,REG-01
BUD-202605-DEP-002-CC-119-CAT-006,2026,Q2,May,DEP-002,CC-119,CAT-006,29805.9,Capital,REG-03
BUD-202605-DEP-002-CC-103-CAT-015,2026,Q2,May,DEP-002,CC-103,CAT-015,24269.24,Capital,REG-05
BUD-202605-DEP-002-CC-119-CAT-010,2026,Q2,May,DEP-002,CC-119,CAT-010,20247.53,Departmental,REG-02
BUD-202605-DEP-002-CC-103-CAT-005,2026,Q2,May,DEP-002,CC-103,CAT-005,19881.33,Operating,REG-01
BUD-202605-DEP-002-CC-111-CAT-006,2026,Q2,May,DEP-002,CC-111,CAT-006,28505.06,Operating,REG-01
BUD-202605-DEP-002-CC-117-CAT-009,2026,Q2,May,DEP-002,CC-117,CAT-009,21054.14,Operating,REG-03
BUD-202605-DEP-002-CC-117-CAT-003,2026,Q2,May,DEP-002,CC-117,CAT-003,24867.18,Operating,REG-07
BUD-202605-DEP-002-CC-105-CAT-006,2026,Q2,May,DEP-002,CC-105,CAT-006,29660.43,Capital,REG-05
BUD-202605-DEP-002-CC-103-CAT-007,2026,Q2,May,DEP-002,CC-103,CAT-007,17121.71,Operating,REG-04
BUD-202605-DEP-002-CC-111-CAT-015,2026,Q2,May,DEP-002,CC-111,CAT-015,23919.84,Departmental,REG-08
BUD-202605-DEP-002-CC-118-CAT-015,2026,Q2,May,DEP-002,CC-118,CAT-015,27266.26,Operating,REG-01
BUD-202605-DEP-002-CC-103-CAT-013,2026,Q2,May,DEP-002,CC-103,CAT-013,27633.1,Capital,REG-04
BUD-202605-DEP-002-CC-118-CAT-001,2026,Q2,May,DEP-002,CC-118,CAT-001,29668.02,Operating,REG-02
BUD-202605-DEP-003-CC-101-CAT-015,2026,Q2,May,DEP-003,CC-101,CAT-015,43089.99,Operating,REG-05
BUD-202605-DEP-003-CC-110-CAT-013,2026,Q2,May,DEP-003,CC-110,CAT-013,42533.21,Operating,REG-02
BUD-202605-DEP-003-CC-101-CAT-009,2026,Q2,May,DEP-003,CC-101,CAT-009,40111.94,Operating,REG-03
BUD-202605-DEP-003-CC-102-CAT-002,2026,Q2,May,DEP-003,CC-102,CAT-002,27532.21,Departmental,REG-04
BUD-202605-DEP-003-CC-111-CAT-009,2026,Q2,May,DEP-003,CC-111,CAT-009,39883.48,Operating,REG-01
BUD-202605-DEP-003-CC-110-CAT-012,2026,Q2,May,DEP-003,CC-110,CAT-012,32099.76,Departmental,REG-04
BUD-202605-DEP-003-CC-101-CAT-011,2026,Q2,May,DEP-003,CC-101,CAT-011,48376.29,Operating,REG-06
BUD-202605-DEP-003-CC-111-CAT-009,2026,Q2,May,DEP-003,CC-111,CAT-009,37867.24,Project,REG-06
BUD-202605-DEP-003-CC-108-CAT-006,2026,Q2,May,DEP-003,CC-108,CAT-006,44855.13,Project,REG-01
BUD-202605-DEP-003-CC-113-CAT-002,2026,Q2,May,DEP-003,CC-113,CAT-002,27313.32,Departmental,REG-04
BUD-202605-DEP-003-CC-107-CAT-003,2026,Q2,May,DEP-003,CC-107,CAT-003,44165.69,Operating,REG-04
BUD-202605-DEP-003-CC-110-CAT-010,2026,Q2,May,DEP-003,CC-110,CAT-010,34163.52,Operating,REG-07
BUD-202605-DEP-003-CC-114-CAT-010,2026,Q2,May,DEP-003,CC-114,CAT-010,31082.29,Operating,REG-07
BUD-202605-DEP-003-CC-107-CAT-006,2026,Q2,May,DEP-003,CC-107,CAT-006,45278.17,Operating,REG-02
BUD-202605-DEP-003-CC-108-CAT-011,2026,Q2,May,DEP-003,CC-108,CAT-011,46429.39,Departmental,REG-02
BUD-202605-DEP-003-CC-109-CAT-007,2026,Q2,May,DEP-003,CC-109,CAT-007,25539.37,Operating,REG-01
BUD-202605-DEP-003-CC-103-CAT-007,2026,Q2,May,DEP-003,CC-103,CAT-007,26101.24,Project,REG-06
BUD-202605-DEP-003-CC-116-CAT-015,2026,Q2,May,DEP-003,CC-116,CAT-015,45599.24,Project,REG-08
BUD-202605-DEP-003-CC-101-CAT-009,2026,Q2,May,DEP-003,CC-101,CAT-009,32822.41,Operating,REG-07
BUD-202605-DEP-003-CC-102-CAT-014,2026,Q2,May,DEP-003,CC-102,CAT-014,38414.95,Operating,REG-04
BUD-202605-DEP-003-CC-112-CAT-003,2026,Q2,May,DEP-003,CC-112,CAT-003,36075.95,Project,REG-06
BUD-202605-DEP-003-CC-114-CAT-008,2026,Q2,May,DEP-003,CC-114,CAT-008,55675.58,Capital,REG-02
BUD-202605-DEP-003-CC-120-CAT-009,2026,Q2,May,DEP-003,CC-120,CAT-009,39664.25,Operating,REG-07
BUD-202605-DEP-003-CC-119-CAT-005,2026,Q2,May,DEP-003,CC-119,CAT-005,36134.63,Operating,REG-05
BUD-202605-DEP-003-CC-117-CAT-001,2026,Q2,May,DEP-003,CC-117,CAT-001,48170.84,Departmental,REG-04
BUD-202605-DEP-003-CC-101-CAT-007,2026,Q2,May,DEP-003,CC-101,CAT-007,28467.68,Operating,REG-05
BUD-202605-DEP-003-CC-111-CAT-015,2026,Q2,May,DEP-003,CC-111,CAT-015,44953.07,Capital,REG-02
BUD-202605-DEP-003-CC-118-CAT-002,2026,Q2,May,DEP-003,CC-118,CAT-002,27907.56,Project,REG-03
BUD-202605-DEP-003-CC-116-CAT-005,2026,Q2,May,DEP-003,CC-116,CAT-005,35825.48,Operating,REG-05
BUD-202605-DEP-003-CC-113-CAT-003,2026,Q2,May,DEP-003,CC-113,CAT-003,42208.38,Departmental,REG-08
BUD-202605-DEP-003-CC-105-CAT-001,2026,Q2,May,DEP-003,CC-105,CAT-001,50362.6,Project,REG-06
BUD-202605-DEP-003-CC-106-CAT-006,2026,Q2,May,DEP-003,CC-106,CAT-006,43137.8,Departmental,REG-07
BUD-202605-DEP-004-CC-109-CAT-005,2026,Q2,May,DEP-004,CC-109,CAT-005,24523.67,Project,REG-07
BUD-202605-DEP-004-CC-113-CAT-014,2026,Q2,May,DEP-004,CC-113,CAT-014,26481.55,Operating,REG-07
BUD-202605-DEP-004-CC-114-CAT-013,2026,Q2,May,DEP-004,CC-114,CAT-013,32609.11,Operating,REG-03
BUD-202605-DEP-004-CC-115-CAT-010,2026,Q2,May,DEP-004,CC-115,CAT-010,19668.18,Departmental,REG-06
BUD-202605-DEP-004-CC-120-CAT-008,2026,Q2,May,DEP-004,CC-120,CAT-008,37142.14,Departmental,REG-08
BUD-202605-DEP-004-CC-101-CAT-015,2026,Q2,May,DEP-004,CC-101,CAT-015,25598.65,Operating,REG-06
BUD-202605-DEP-004-CC-107-CAT-004,2026,Q2,May,DEP-004,CC-107,CAT-004,42602.66,Departmental,REG-01
BUD-202605-DEP-004-CC-115-CAT-004,2026,Q2,May,DEP-004,CC-115,CAT-004,37591.89,Project,REG-04
BUD-202605-DEP-004-CC-102-CAT-007,2026,Q2,May,DEP-004,CC-102,CAT-007,18043.42,Operating,REG-01
BUD-202605-DEP-004-CC-107-CAT-013,2026,Q2,May,DEP-004,CC-107,CAT-013,32269.71,Departmental,REG-01
BUD-202605-DEP-004-CC-107-CAT-003,2026,Q2,May,DEP-004,CC-107,CAT-003,24409.4,Operating,REG-05
BUD-202605-DEP-004-CC-101-CAT-008,2026,Q2,May,DEP-004,CC-101,CAT-008,34080.83,Departmental,REG-04
BUD-202605-DEP-004-CC-108-CAT-011,2026,Q2,May,DEP-004,CC-108,CAT-011,27695.17,Capital,REG-03
BUD-202605-DEP-004-CC-118-CAT-014,2026,Q2,May,DEP-004,CC-118,CAT-014,27301.34,Project,REG-08
BUD-202605-DEP-004-CC-113-CAT-006,2026,Q2,May,DEP-004,CC-113,CAT-006,33278.38,Departmental,REG-08
BUD-202605-DEP-004-CC-105-CAT-012,2026,Q2,May,DEP-004,CC-105,CAT-012,22280.99,Operating,REG-01
BUD-202605-DEP-004-CC-106-CAT-011,2026,Q2,May,DEP-004,CC-106,CAT-011,26153.45,Project,REG-01
BUD-202605-DEP-004-CC-106-CAT-003,2026,Q2,May,DEP-004,CC-106,CAT-003,29978.68,Capital,REG-07
BUD-202605-DEP-004-CC-111-CAT-011,2026,Q2,May,DEP-004,CC-111,CAT-011,33066.29,Project,REG-01
BUD-202605-DEP-004-CC-115-CAT-005,2026,Q2,May,DEP-004,CC-115,CAT-005,22105.51,Capital,REG-07
BUD-202605-DEP-004-CC-119-CAT-001,2026,Q2,May,DEP-004,CC-119,CAT-001,31775.74,Operating,REG-01
BUD-202605-DEP-004-CC-110-CAT-011,2026,Q2,May,DEP-004,CC-110,CAT-011,30974.03,Project,REG-07
BUD-202605-DEP-004-CC-116-CAT-009,2026,Q2,May,DEP-004,CC-116,CAT-009,24204.18,Operating,REG-06
BUD-202605-DEP-004-CC-117-CAT-008,2026,Q2,May,DEP-004,CC-117,CAT-008,34451.46,Operating,REG-07
BUD-202605-DEP-004-CC-116-CAT-007,2026,Q2,May,DEP-004,CC-116,CAT-007,16560.45,Departmental,REG-05
BUD-202605-DEP-004-CC-108-CAT-006,2026,Q2,May,DEP-004,CC-108,CAT-006,27312.44,Operating,REG-01
BUD-202605-DEP-004-CC-101-CAT-011,2026,Q2,May,DEP-004,CC-101,CAT-011,26705.42,Departmental,REG-06
BUD-202605-DEP-004-CC-113-CAT-013,2026,Q2,May,DEP-004,CC-113,CAT-013,35797.22,Project,REG-05
BUD-202605-DEP-004-CC-112-CAT-005,2026,Q2,May,DEP-004,CC-112,CAT-005,24777.69,Operating,REG-02
BUD-202605-DEP-004-CC-106-CAT-012,2026,Q2,May,DEP-004,CC-106,CAT-012,22499.04,Operating,REG-08
BUD-202605-DEP-004-CC-113-CAT-014,2026,Q2,May,DEP-004,CC-113,CAT-014,23670.21,Departmental,REG-06
BUD-202605-DEP-004-CC-114-CAT-001,2026,Q2,May,DEP-004,CC-114,CAT-001,31299.04,Operating,REG-06
BUD-202605-DEP-004-CC-101-CAT-005,2026,Q2,May,DEP-004,CC-101,CAT-005,22164.94,Operating,REG-06
BUD-202605-DEP-004-CC-115-CAT-009,2026,Q2,May,DEP-004,CC-115,CAT-009,26099.87,Operating,REG-04
BUD-202605-DEP-004-CC-120-CAT-006,2026,Q2,May,DEP-004,CC-120,CAT-006,33611.72,Operating,REG-07
BUD-202605-DEP-004-CC-105-CAT-009,2026,Q2,May,DEP-004,CC-105,CAT-009,25076.18,Departmental,REG-08
BUD-202605-DEP-004-CC-102-CAT-002,2026,Q2,May,DEP-004,CC-102,CAT-002,18616.35,Capital,REG-08
BUD-202605-DEP-005-CC-117-CAT-003,2026,Q2,May,DEP-005,CC-117,CAT-003,31919.7,Project,REG-04
BUD-202605-DEP-005-CC-117-CAT-002,2026,Q2,May,DEP-005,CC-117,CAT-002,22025.73,Operating,REG-08
BUD-202605-DEP-005-CC-112-CAT-002,2026,Q2,May,DEP-005,CC-112,CAT-002,22182.75,Capital,REG-05
BUD-202605-DEP-005-CC-111-CAT-001,2026,Q2,May,DEP-005,CC-111,CAT-001,38508.52,Departmental,REG-07
BUD-202605-DEP-005-CC-107-CAT-007,2026,Q2,May,DEP-005,CC-107,CAT-007,19987.95,Operating,REG-01
BUD-202605-DEP-005-CC-116-CAT-008,2026,Q2,May,DEP-005,CC-116,CAT-008,44637.85,Operating,REG-05
BUD-202605-DEP-005-CC-102-CAT-006,2026,Q2,May,DEP-005,CC-102,CAT-006,36294.49,Operating,REG-01
BUD-202605-DEP-005-CC-118-CAT-004,2026,Q2,May,DEP-005,CC-118,CAT-004,46687.61,Capital,REG-01
BUD-202605-DEP-005-CC-115-CAT-013,2026,Q2,May,DEP-005,CC-115,CAT-013,33390.81,Departmental,REG-07
BUD-202605-DEP-005-CC-117-CAT-007,2026,Q2,May,DEP-005,CC-117,CAT-007,20580.68,Operating,REG-03
BUD-202605-DEP-005-CC-110-CAT-013,2026,Q2,May,DEP-005,CC-110,CAT-013,41406.67,Departmental,REG-01
BUD-202605-DEP-005-CC-103-CAT-007,2026,Q2,May,DEP-005,CC-103,CAT-007,19066.52,Operating,REG-07
BUD-202605-DEP-005-CC-112-CAT-007,2026,Q2,May,DEP-005,CC-112,CAT-007,20869.31,Departmental,REG-01
BUD-202605-DEP-005-CC-103-CAT-009,2026,Q2,May,DEP-005,CC-103,CAT-009,27744.13,Operating,REG-04
BUD-202605-DEP-005-CC-118-CAT-005,2026,Q2,May,DEP-005,CC-118,CAT-005,29367.23,Operating,REG-04
BUD-202605-DEP-005-CC-109-CAT-005,2026,Q2,May,DEP-005,CC-109,CAT-005,26229.52,Departmental,REG-07
BUD-202605-DEP-005-CC-115-CAT-014,2026,Q2,May,DEP-005,CC-115,CAT-014,29987.43,Operating,REG-01
BUD-202605-DEP-005-CC-114-CAT-004,2026,Q2,May,DEP-005,CC-114,CAT-004,45163.13,Capital,REG-04
BUD-202605-DEP-005-CC-101-CAT-001,2026,Q2,May,DEP-005,CC-101,CAT-001,38943.1,Project,REG-07
BUD-202605-DEP-005-CC-110-CAT-014,2026,Q2,May,DEP-005,CC-110,CAT-014,31548.82,Operating,REG-02
BUD-202605-DEP-005-CC-118-CAT-007,2026,Q2,May,DEP-005,CC-118,CAT-007,21559.04,Departmental,REG-03
BUD-202605-DEP-005-CC-106-CAT-012,2026,Q2,May,DEP-005,CC-106,CAT-012,25969.21,Capital,REG-07
BUD-202605-DEP-005-CC-101-CAT-011,2026,Q2,May,DEP-005,CC-101,CAT-011,32984.03,Operating,REG-01
BUD-202605-DEP-005-CC-113-CAT-014,2026,Q2,May,DEP-005,CC-113,CAT-014,30175.31,Departmental,REG-02
BUD-202605-DEP-005-CC-106-CAT-003,2026,Q2,May,DEP-005,CC-106,CAT-003,31045.78,Operating,REG-05
BUD-202605-DEP-005-CC-108-CAT-004,2026,Q2,May,DEP-005,CC-108,CAT-004,41995.24,Operating,REG-05
BUD-202605-DEP-005-CC-115-CAT-006,2026,Q2,May,DEP-005,CC-115,CAT-006,35404.29,Capital,REG-06
BUD-202605-DEP-005-CC-115-CAT-013,2026,Q2,May,DEP-005,CC-115,CAT-013,37533.84,Operating,REG-03
BUD-202605-DEP-005-CC-120-CAT-011,2026,Q2,May,DEP-005,CC-120,CAT-011,31065.31,Project,REG-08
BUD-202605-DEP-005-CC-111-CAT-014,2026,Q2,May,DEP-005,CC-111,CAT-014,31634.58,Operating,REG-04
BUD-202605-DEP-005-CC-120-CAT-002,2026,Q2,May,DEP-005,CC-120,CAT-002,23901.69,Operating,REG-01
BUD-202605-DEP-006-CC-110-CAT-010,2026,Q2,May,DEP-006,CC-110,CAT-010,18826.97,Project,REG-08
BUD-202605-DEP-006-CC-115-CAT-011,2026,Q2,May,DEP-006,CC-115,CAT-011,24145.47,Operating,REG-05
BUD-202605-DEP-006-CC-115-CAT-008,2026,Q2,May,DEP-006,CC-115,CAT-008,31421.71,Operating,REG-04
BUD-202605-DEP-006-CC-104-CAT-001,2026,Q2,May,DEP-006,CC-104,CAT-001,25250.97,Capital,REG-04
BUD-202605-DEP-006-CC-109-CAT-001,2026,Q2,May,DEP-006,CC-109,CAT-001,25750.35,Departmental,REG-06
BUD-202605-DEP-006-CC-119-CAT-010,2026,Q2,May,DEP-006,CC-119,CAT-010,17873.29,Operating,REG-02
BUD-202605-DEP-006-CC-118-CAT-001,2026,Q2,May,DEP-006,CC-118,CAT-001,27198.32,Operating,REG-05
BUD-202605-DEP-006-CC-118-CAT-007,2026,Q2,May,DEP-006,CC-118,CAT-007,14750.08,Project,REG-02
BUD-202605-DEP-006-CC-116-CAT-012,2026,Q2,May,DEP-006,CC-116,CAT-012,16702.19,Operating,REG-02
BUD-202605-DEP-006-CC-106-CAT-004,2026,Q2,May,DEP-006,CC-106,CAT-004,28925.12,Operating,REG-04
BUD-202605-DEP-006-CC-111-CAT-008,2026,Q2,May,DEP-006,CC-111,CAT-008,28395.94,Project,REG-03
BUD-202605-DEP-006-CC-117-CAT-003,2026,Q2,May,DEP-006,CC-117,CAT-003,22177.69,Operating,REG-01
BUD-202605-DEP-006-CC-101-CAT-005,2026,Q2,May,DEP-006,CC-101,CAT-005,18713.96,Operating,REG-05
BUD-202605-DEP-006-CC-113-CAT-012,2026,Q2,May,DEP-006,CC-113,CAT-012,14758.24,Departmental,REG-06
BUD-202605-DEP-006-CC-117-CAT-010,2026,Q2,May,DEP-006,CC-117,CAT-010,18720.73,Operating,REG-08
BUD-202605-DEP-006-CC-110-CAT-003,2026,Q2,May,DEP-006,CC-110,CAT-003,23701.97,Operating,REG-03
BUD-202605-DEP-006-CC-104-CAT-008,2026,Q2,May,DEP-006,CC-104,CAT-008,29285.32,Project,REG-04
BUD-202605-DEP-006-CC-110-CAT-010,2026,Q2,May,DEP-006,CC-110,CAT-010,18916.71,Project,REG-05
BUD-202605-DEP-006-CC-101-CAT-014,2026,Q2,May,DEP-006,CC-101,CAT-014,22122.19,Capital,REG-03
BUD-202605-DEP-006-CC-112-CAT-007,2026,Q2,May,DEP-006,CC-112,CAT-007,13243.97,Operating,REG-06
BUD-202605-DEP-006-CC-113-CAT-015,2026,Q2,May,DEP-006,CC-113,CAT-015,22378.91,Operating,REG-05
BUD-202605-DEP-006-CC-114-CAT-005,2026,Q2,May,DEP-006,CC-114,CAT-005,16777.34,Departmental,REG-02
BUD-202605-DEP-006-CC-104-CAT-014,2026,Q2,May,DEP-006,CC-104,CAT-014,22549.84,Operating,REG-08
BUD-202605-DEP-006-CC-114-CAT-002,2026,Q2,May,DEP-006,CC-114,CAT-002,14472.58,Project,REG-07
BUD-202605-DEP-006-CC-119-CAT-002,2026,Q2,May,DEP-006,CC-119,CAT-002,15481.48,Departmental,REG-02
BUD-202605-DEP-006-CC-107-CAT-003,2026,Q2,May,DEP-006,CC-107,CAT-003,23984.44,Project,REG-07
BUD-202605-DEP-006-CC-113-CAT-012,2026,Q2,May,DEP-006,CC-113,CAT-012,17901.75,Operating,REG-01
BUD-202605-DEP-006-CC-119-CAT-001,2026,Q2,May,DEP-006,CC-119,CAT-001,27352.61,Departmental,REG-02
BUD-202605-DEP-006-CC-111-CAT-006,2026,Q2,May,DEP-006,CC-111,CAT-006,24395.28,Departmental,REG-06
BUD-202605-DEP-006-CC-101-CAT-015,2026,Q2,May,DEP-006,CC-101,CAT-015,23790.39,Operating,REG-07
BUD-202605-DEP-006-CC-107-CAT-002,2026,Q2,May,DEP-006,CC-107,CAT-002,15646.16,Operating,REG-04
BUD-202605-DEP-006-CC-112-CAT-009,2026,Q2,May,DEP-006,CC-112,CAT-009,21592.0,Operating,REG-01
BUD-202605-DEP-006-CC-120-CAT-009,2026,Q2,May,DEP-006,CC-120,CAT-009,21746.14,Operating,REG-07
BUD-202605-DEP-006-CC-112-CAT-011,2026,Q2,May,DEP-006,CC-112,CAT-011,23707.84,Capital,REG-07
BUD-202605-DEP-006-CC-115-CAT-004,2026,Q2,May,DEP-006,CC-115,CAT-004,28268.91,Capital,REG-02
BUD-202605-DEP-006-CC-115-CAT-008,2026,Q2,May,DEP-006,CC-115,CAT-008,28746.01,Operating,REG-02
BUD-202605-DEP-006-CC-115-CAT-006,2026,Q2,May,DEP-006,CC-115,CAT-006,23675.46,Operating,REG-08
BUD-202605-DEP-006-CC-112-CAT-004,2026,Q2,May,DEP-006,CC-112,CAT-004,31892.82,Operating,REG-02
BUD-202605-DEP-006-CC-111-CAT-015,2026,Q2,May,DEP-006,CC-111,CAT-015,22308.25,Departmental,REG-08
BUD-202605-DEP-006-CC-118-CAT-003,2026,Q2,May,DEP-006,CC-118,CAT-003,23460.9,Departmental,REG-02
BUD-202605-DEP-006-CC-104-CAT-001,2026,Q2,May,DEP-006,CC-104,CAT-001,26990.16,Operating,REG-02
BUD-202605-DEP-006-CC-120-CAT-015,2026,Q2,May,DEP-006,CC-120,CAT-015,24382.52,Departmental,REG-04
BUD-202605-DEP-006-CC-115-CAT-003,2026,Q2,May,DEP-006,CC-115,CAT-003,19773.3,Operating,REG-08
BUD-202605-DEP-006-CC-120-CAT-009,2026,Q2,May,DEP-006,CC-120,CAT-009,21089.87,Operating,REG-03
BUD-202605-DEP-006-CC-113-CAT-009,2026,Q2,May,DEP-006,CC-113,CAT-009,21038.68,Operating,REG-01
BUD-202605-DEP-006-CC-103-CAT-008,2026,Q2,May,DEP-006,CC-103,CAT-008,30983.88,Capital,REG-04
BUD-202605-DEP-006-CC-111-CAT-010,2026,Q2,May,DEP-006,CC-111,CAT-010,19226.59,Project,REG-08
BUD-202605-DEP-006-CC-111-CAT-008,2026,Q2,May,DEP-006,CC-111,CAT-008,26735.09,Departmental,REG-05
BUD-202605-DEP-006-CC-110-CAT-008,2026,Q2,May,DEP-006,CC-110,CAT-008,31390.87,Operating,REG-03
BUD-202605-DEP-006-CC-110-CAT-013,2026,Q2,May,DEP-006,CC-110,CAT-013,22352.65,Departmental,REG-07
BUD-202605-DEP-006-CC-113-CAT-010,2026,Q2,May,DEP-006,CC-113,CAT-010,15447.4,Departmental,REG-05
BUD-202605-DEP-006-CC-103-CAT-015,2026,Q2,May,DEP-006,CC-103,CAT-015,24300.17,Project,REG-07
BUD-202605-DEP-007-CC-117-CAT-014,2026,Q2,May,DEP-007,CC-117,CAT-014,39345.57,Operating,REG-07
BUD-202605-DEP-007-CC-109-CAT-009,2026,Q2,May,DEP-007,CC-109,CAT-009,37589.13,Capital,REG-05
BUD-202605-DEP-007-CC-120-CAT-006,2026,Q2,May,DEP-007,CC-120,CAT-006,43653.32,Project,REG-07
BUD-202605-DEP-007-CC-107-CAT-001,2026,Q2,May,DEP-007,CC-107,CAT-001,46382.96,Operating,REG-04
BUD-202605-DEP-007-CC-118-CAT-004,2026,Q2,May,DEP-007,CC-118,CAT-004,48220.08,Operating,REG-03
BUD-202605-DEP-007-CC-119-CAT-011,2026,Q2,May,DEP-007,CC-119,CAT-011,39218.37,Operating,REG-05
BUD-202605-DEP-007-CC-118-CAT-013,2026,Q2,May,DEP-007,CC-118,CAT-013,41367.37,Project,REG-06
BUD-202605-DEP-007-CC-107-CAT-002,2026,Q2,May,DEP-007,CC-107,CAT-002,29316.65,Capital,REG-01
BUD-202605-DEP-007-CC-104-CAT-008,2026,Q2,May,DEP-007,CC-104,CAT-008,50123.37,Operating,REG-04
BUD-202605-DEP-007-CC-118-CAT-010,2026,Q2,May,DEP-007,CC-118,CAT-010,33894.51,Operating,REG-03
BUD-202605-DEP-007-CC-106-CAT-012,2026,Q2,May,DEP-007,CC-106,CAT-012,27442.45,Operating,REG-05
BUD-202605-DEP-007-CC-117-CAT-007,2026,Q2,May,DEP-007,CC-117,CAT-007,24684.79,Operating,REG-05
BUD-202605-DEP-007-CC-110-CAT-013,2026,Q2,May,DEP-007,CC-110,CAT-013,41318.58,Operating,REG-03
BUD-202605-DEP-007-CC-119-CAT-010,2026,Q2,May,DEP-007,CC-119,CAT-010,31275.09,Capital,REG-01
BUD-202605-DEP-007-CC-118-CAT-014,2026,Q2,May,DEP-007,CC-118,CAT-014,35048.35,Capital,REG-02
BUD-202605-DEP-007-CC-106-CAT-011,2026,Q2,May,DEP-007,CC-106,CAT-011,36039.46,Operating,REG-04
BUD-202605-DEP-007-CC-109-CAT-008,2026,Q2,May,DEP-007,CC-109,CAT-008,46876.06,Project,REG-08
BUD-202605-DEP-007-CC-108-CAT-004,2026,Q2,May,DEP-007,CC-108,CAT-004,48642.8,Project,REG-08
BUD-202605-DEP-007-CC-105-CAT-008,2026,Q2,May,DEP-007,CC-105,CAT-008,46832.29,Operating,REG-06
BUD-202605-DEP-007-CC-108-CAT-008,2026,Q2,May,DEP-007,CC-108,CAT-008,47117.54,Project,REG-07
BUD-202605-DEP-007-CC-115-CAT-015,2026,Q2,May,DEP-007,CC-115,CAT-015,36247.16,Operating,REG-06
BUD-202605-DEP-007-CC-103-CAT-011,2026,Q2,May,DEP-007,CC-103,CAT-011,41602.0,Operating,REG-07
BUD-202605-DEP-007-CC-107-CAT-007,2026,Q2,May,DEP-007,CC-107,CAT-007,24069.43,Operating,REG-07
BUD-202605-DEP-007-CC-118-CAT-009,2026,Q2,May,DEP-007,CC-118,CAT-009,34314.36,Operating,REG-07
BUD-202605-DEP-007-CC-111-CAT-010,2026,Q2,May,DEP-007,CC-111,CAT-010,30305.31,Operating,REG-08
BUD-202605-DEP-007-CC-119-CAT-010,2026,Q2,May,DEP-007,CC-119,CAT-010,31803.15,Operating,REG-06
BUD-202605-DEP-007-CC-103-CAT-006,2026,Q2,May,DEP-007,CC-103,CAT-006,38873.28,Project,REG-02
BUD-202605-DEP-007-CC-117-CAT-012,2026,Q2,May,DEP-007,CC-117,CAT-012,27972.36,Operating,REG-05
BUD-202605-DEP-007-CC-110-CAT-001,2026,Q2,May,DEP-007,CC-110,CAT-001,44967.64,Operating,REG-01
BUD-202605-DEP-007-CC-104-CAT-001,2026,Q2,May,DEP-007,CC-104,CAT-001,44411.26,Operating,REG-07
BUD-202605-DEP-007-CC-104-CAT-009,2026,Q2,May,DEP-007,CC-104,CAT-009,36179.47,Operating,REG-03
BUD-202605-DEP-007-CC-115-CAT-014,2026,Q2,May,DEP-007,CC-115,CAT-014,32315.32,Operating,REG-03
BUD-202605-DEP-007-CC-112-CAT-001,2026,Q2,May,DEP-007,CC-112,CAT-001,41446.77,Project,REG-02
BUD-202605-DEP-007-CC-119-CAT-003,2026,Q2,May,DEP-007,CC-119,CAT-003,35501.73,Project,REG-05
BUD-202605-DEP-007-CC-119-CAT-013,2026,Q2,May,DEP-007,CC-119,CAT-013,41882.68,Operating,REG-07
BUD-202605-DEP-007-CC-119-CAT-005,2026,Q2,May,DEP-007,CC-119,CAT-005,29551.23,Operating,REG-01
BUD-202605-DEP-007-CC-120-CAT-002,2026,Q2,May,DEP-007,CC-120,CAT-002,27511.8,Operating,REG-07
BUD-202605-DEP-007-CC-105-CAT-002,2026,Q2,May,DEP-007,CC-105,CAT-002,27937.61,Operating,REG-07
BUD-202605-DEP-008-CC-117-CAT-009,2026,Q2,May,DEP-008,CC-117,CAT-009,26029.42,Departmental,REG-05
BUD-202605-DEP-008-CC-108-CAT-013,2026,Q2,May,DEP-008,CC-108,CAT-013,32010.34,Operating,REG-07
BUD-202605-DEP-008-CC-112-CAT-002,2026,Q2,May,DEP-008,CC-112,CAT-002,16866.26,Operating,REG-02
BUD-202605-DEP-008-CC-112-CAT-002,2026,Q2,May,DEP-008,CC-112,CAT-002,20386.19,Operating,REG-02
BUD-202605-DEP-008-CC-102-CAT-011,2026,Q2,May,DEP-008,CC-102,CAT-011,29873.58,Capital,REG-06
BUD-202605-DEP-008-CC-101-CAT-006,2026,Q2,May,DEP-008,CC-101,CAT-006,30254.1,Operating,REG-05
BUD-202605-DEP-008-CC-103-CAT-015,2026,Q2,May,DEP-008,CC-103,CAT-015,24160.32,Operating,REG-07
BUD-202605-DEP-008-CC-115-CAT-013,2026,Q2,May,DEP-008,CC-115,CAT-013,32629.0,Departmental,REG-08
BUD-202605-DEP-008-CC-115-CAT-011,2026,Q2,May,DEP-008,CC-115,CAT-011,27955.67,Operating,REG-04
BUD-202605-DEP-008-CC-105-CAT-004,2026,Q2,May,DEP-008,CC-105,CAT-004,41686.85,Capital,REG-02
BUD-202605-DEP-008-CC-102-CAT-008,2026,Q2,May,DEP-008,CC-102,CAT-008,36671.74,Operating,REG-05
BUD-202605-DEP-008-CC-114-CAT-013,2026,Q2,May,DEP-008,CC-114,CAT-013,28452.38,Operating,REG-01
BUD-202605-DEP-008-CC-111-CAT-015,2026,Q2,May,DEP-008,CC-111,CAT-015,28841.2,Operating,REG-04
BUD-202605-DEP-008-CC-103-CAT-003,2026,Q2,May,DEP-008,CC-103,CAT-003,26910.21,Operating,REG-07
BUD-202605-DEP-008-CC-105-CAT-007,2026,Q2,May,DEP-008,CC-105,CAT-007,17432.51,Capital,REG-06
BUD-202605-DEP-008-CC-110-CAT-004,2026,Q2,May,DEP-008,CC-110,CAT-004,39289.87,Operating,REG-01
BUD-202605-DEP-008-CC-118-CAT-006,2026,Q2,May,DEP-008,CC-118,CAT-006,26109.58,Operating,REG-04
BUD-202605-DEP-008-CC-102-CAT-004,2026,Q2,May,DEP-008,CC-102,CAT-004,35778.68,Departmental,REG-03
BUD-202605-DEP-008-CC-109-CAT-006,2026,Q2,May,DEP-008,CC-109,CAT-006,30107.08,Operating,REG-08
BUD-202605-DEP-008-CC-120-CAT-012,2026,Q2,May,DEP-008,CC-120,CAT-012,20150.23,Project,REG-08
BUD-202605-DEP-008-CC-113-CAT-007,2026,Q2,May,DEP-008,CC-113,CAT-007,17319.83,Operating,REG-08
BUD-202605-DEP-008-CC-102-CAT-011,2026,Q2,May,DEP-008,CC-102,CAT-011,30926.34,Operating,REG-05
BUD-202605-DEP-008-CC-120-CAT-004,2026,Q2,May,DEP-008,CC-120,CAT-004,41635.24,Operating,REG-05
BUD-202605-DEP-008-CC-117-CAT-009,2026,Q2,May,DEP-008,CC-117,CAT-009,24169.09,Departmental,REG-03
BUD-202605-DEP-008-CC-116-CAT-007,2026,Q2,May,DEP-008,CC-116,CAT-007,14582.48,Project,REG-06
BUD-202605-DEP-008-CC-120-CAT-012,2026,Q2,May,DEP-008,CC-120,CAT-012,20591.68,Project,REG-02
BUD-202605-DEP-008-CC-105-CAT-008,2026,Q2,May,DEP-008,CC-105,CAT-008,33132.11,Operating,REG-05
BUD-202605-DEP-008-CC-115-CAT-015,2026,Q2,May,DEP-008,CC-115,CAT-015,25966.27,Operating,REG-04
BUD-202605-DEP-008-CC-105-CAT-003,2026,Q2,May,DEP-008,CC-105,CAT-003,28130.23,Operating,REG-06
BUD-202605-DEP-008-CC-106-CAT-013,2026,Q2,May,DEP-008,CC-106,CAT-013,29089.03,Capital,REG-02
BUD-202605-DEP-008-CC-109-CAT-002,2026,Q2,May,DEP-008,CC-109,CAT-002,20764.48,Operating,REG-04
BUD-202605-DEP-008-CC-107-CAT-013,2026,Q2,May,DEP-008,CC-107,CAT-013,32608.92,Operating,REG-08
BUD-202605-DEP-008-CC-113-CAT-003,2026,Q2,May,DEP-008,CC-113,CAT-003,24868.98,Operating,REG-07
BUD-202605-DEP-008-CC-119-CAT-012,2026,Q2,May,DEP-008,CC-119,CAT-012,18272.27,Operating,REG-03
BUD-202605-DEP-008-CC-109-CAT-007,2026,Q2,May,DEP-008,CC-109,CAT-007,16250.76,Project,REG-07
BUD-202605-DEP-008-CC-110-CAT-002,2026,Q2,May,DEP-008,CC-110,CAT-002,20061.69,Project,REG-03
BUD-202605-DEP-008-CC-116-CAT-005,2026,Q2,May,DEP-008,CC-116,CAT-005,24416.99,Project,REG-07
BUD-202605-DEP-008-CC-109-CAT-010,2026,Q2,May,DEP-008,CC-109,CAT-010,23438.71,Departmental,REG-07
BUD-202605-DEP-008-CC-111-CAT-002,2026,Q2,May,DEP-008,CC-111,CAT-002,19932.75,Project,REG-03
BUD-202605-DEP-008-CC-117-CAT-003,2026,Q2,May,DEP-008,CC-117,CAT-003,22873.84,Departmental,REG-02
BUD-202605-DEP-008-CC-105-CAT-001,2026,Q2,May,DEP-008,CC-105,CAT-001,34480.96,Operating,REG-05
BUD-202605-DEP-008-CC-104-CAT-004,2026,Q2,May,DEP-008,CC-104,CAT-004,37972.18,Capital,REG-04
BUD-202605-DEP-008-CC-101-CAT-012,2026,Q2,May,DEP-008,CC-101,CAT-012,17894.33,Capital,REG-04
BUD-202605-DEP-008-CC-102-CAT-004,2026,Q2,May,DEP-008,CC-102,CAT-004,40333.36,Operating,REG-04
BUD-202605-DEP-008-CC-113-CAT-015,2026,Q2,May,DEP-008,CC-113,CAT-015,29268.15,Operating,REG-03
BUD-202605-DEP-008-CC-104-CAT-010,2026,Q2,May,DEP-008,CC-104,CAT-010,19502.98,Operating,REG-05
BUD-202605-DEP-009-CC-111-CAT-010,2026,Q2,May,DEP-009,CC-111,CAT-010,39846.02,Operating,REG-03
BUD-202605-DEP-009-CC-117-CAT-012,2026,Q2,May,DEP-009,CC-117,CAT-012,37429.15,Operating,REG-07
BUD-202605-DEP-009-CC-109-CAT-015,2026,Q2,May,DEP-009,CC-109,CAT-015,44601.0,Operating,REG-06
BUD-202605-DEP-009-CC-109-CAT-010,2026,Q2,May,DEP-009,CC-109,CAT-010,31986.32,Operating,REG-01
BUD-202605-DEP-009-CC-109-CAT-011,2026,Q2,May,DEP-009,CC-109,CAT-011,43953.91,Capital,REG-01
BUD-202605-DEP-009-CC-106-CAT-001,2026,Q2,May,DEP-009,CC-106,CAT-001,57223.38,Operating,REG-07
BUD-202605-DEP-009-CC-118-CAT-003,2026,Q2,May,DEP-009,CC-118,CAT-003,48459.44,Operating,REG-05
BUD-202605-DEP-009-CC-118-CAT-014,2026,Q2,May,DEP-009,CC-118,CAT-014,42497.0,Operating,REG-08
BUD-202605-DEP-009-CC-101-CAT-006,2026,Q2,May,DEP-009,CC-101,CAT-006,47418.96,Departmental,REG-02
BUD-202605-DEP-009-CC-112-CAT-010,2026,Q2,May,DEP-009,CC-112,CAT-010,40066.94,Operating,REG-01
BUD-202605-DEP-009-CC-101-CAT-008,2026,Q2,May,DEP-009,CC-101,CAT-008,57504.65,Departmental,REG-07
BUD-202605-DEP-009-CC-110-CAT-002,2026,Q2,May,DEP-009,CC-110,CAT-002,35949.4,Operating,REG-06
BUD-202605-DEP-009-CC-102-CAT-005,2026,Q2,May,DEP-009,CC-102,CAT-005,38975.92,Capital,REG-04
BUD-202605-DEP-009-CC-111-CAT-005,2026,Q2,May,DEP-009,CC-111,CAT-005,34752.0,Capital,REG-04
BUD-202605-DEP-009-CC-102-CAT-010,2026,Q2,May,DEP-009,CC-102,CAT-010,34985.57,Project,REG-08
BUD-202605-DEP-009-CC-113-CAT-007,2026,Q2,May,DEP-009,CC-113,CAT-007,27808.68,Project,REG-07
BUD-202605-DEP-009-CC-110-CAT-010,2026,Q2,May,DEP-009,CC-110,CAT-010,33811.24,Operating,REG-08
BUD-202605-DEP-009-CC-117-CAT-009,2026,Q2,May,DEP-009,CC-117,CAT-009,41790.19,Project,REG-06
BUD-202605-DEP-009-CC-120-CAT-013,2026,Q2,May,DEP-009,CC-120,CAT-013,46782.97,Operating,REG-07
BUD-202605-DEP-009-CC-114-CAT-004,2026,Q2,May,DEP-009,CC-114,CAT-004,58177.25,Operating,REG-02
BUD-202605-DEP-009-CC-107-CAT-008,2026,Q2,May,DEP-009,CC-107,CAT-008,56026.76,Capital,REG-05
BUD-202605-DEP-009-CC-118-CAT-013,2026,Q2,May,DEP-009,CC-118,CAT-013,48450.67,Departmental,REG-08
BUD-202605-DEP-009-CC-119-CAT-002,2026,Q2,May,DEP-009,CC-119,CAT-002,32589.69,Capital,REG-02
BUD-202605-DEP-009-CC-120-CAT-005,2026,Q2,May,DEP-009,CC-120,CAT-005,38052.29,Operating,REG-05
BUD-202605-DEP-009-CC-116-CAT-010,2026,Q2,May,DEP-009,CC-116,CAT-010,33362.89,Project,REG-01
BUD-202605-DEP-009-CC-101-CAT-010,2026,Q2,May,DEP-009,CC-101,CAT-010,35035.59,Capital,REG-07
BUD-202605-DEP-009-CC-112-CAT-002,2026,Q2,May,DEP-009,CC-112,CAT-002,31271.94,Operating,REG-02
BUD-202605-DEP-009-CC-101-CAT-015,2026,Q2,May,DEP-009,CC-101,CAT-015,47854.45,Project,REG-05
BUD-202605-DEP-009-CC-104-CAT-007,2026,Q2,May,DEP-009,CC-104,CAT-007,25068.06,Departmental,REG-04
BUD-202605-DEP-009-CC-117-CAT-008,2026,Q2,May,DEP-009,CC-117,CAT-008,56802.0,Operating,REG-06
BUD-202605-DEP-009-CC-118-CAT-010,2026,Q2,May,DEP-009,CC-118,CAT-010,35524.13,Operating,REG-05
BUD-202605-DEP-009-CC-114-CAT-004,2026,Q2,May,DEP-009,CC-114,CAT-004,61778.01,Operating,REG-07
BUD-202605-DEP-009-CC-117-CAT-005,2026,Q2,May,DEP-009,CC-117,CAT-005,34786.56,Operating,REG-03
BUD-202605-DEP-009-CC-103-CAT-005,2026,Q2,May,DEP-009,CC-103,CAT-005,37417.94,Operating,REG-07
BUD-202605-DEP-009-CC-110-CAT-014,2026,Q2,May,DEP-009,CC-110,CAT-014,37598.28,Project,REG-08
BUD-202605-DEP-009-CC-120-CAT-006,2026,Q2,May,DEP-009,CC-120,CAT-006,47216.55,Operating,REG-08
BUD-202605-DEP-009-CC-111-CAT-001,2026,Q2,May,DEP-009,CC-111,CAT-001,56418.71,Project,REG-04
BUD-202605-DEP-009-CC-113-CAT-001,2026,Q2,May,DEP-009,CC-113,CAT-001,50093.11,Capital,REG-07
BUD-202605-DEP-009-CC-120-CAT-013,2026,Q2,May,DEP-009,CC-120,CAT-013,48301.72,Operating,REG-02
BUD-202605-DEP-009-CC-120-CAT-007,2026,Q2,May,DEP-009,CC-120,CAT-007,27097.39,Departmental,REG-03
BUD-202605-DEP-009-CC-107-CAT-011,2026,Q2,May,DEP-009,CC-107,CAT-011,49713.66,Project,REG-07
BUD-202605-DEP-010-CC-119-CAT-003,2026,Q2,May,DEP-010,CC-119,CAT-003,31545.08,Operating,REG-03
BUD-202605-DEP-010-CC-112-CAT-011,2026,Q2,May,DEP-010,CC-112,CAT-011,30207.29,Departmental,REG-06
BUD-202605-DEP-010-CC-111-CAT-005,2026,Q2,May,DEP-010,CC-111,CAT-005,23355.08,Operating,REG-08
BUD-202605-DEP-010-CC-113-CAT-015,2026,Q2,May,DEP-010,CC-113,CAT-015,30756.1,Operating,REG-08
BUD-202605-DEP-010-CC-112-CAT-007,2026,Q2,May,DEP-010,CC-112,CAT-007,17892.01,Departmental,REG-04
BUD-202605-DEP-010-CC-104-CAT-006,2026,Q2,May,DEP-010,CC-104,CAT-006,34296.81,Operating,REG-01
BUD-202605-DEP-010-CC-113-CAT-007,2026,Q2,May,DEP-010,CC-113,CAT-007,17382.06,Project,REG-08
BUD-202605-DEP-010-CC-115-CAT-014,2026,Q2,May,DEP-010,CC-115,CAT-014,25575.75,Operating,REG-06
BUD-202605-DEP-010-CC-115-CAT-001,2026,Q2,May,DEP-010,CC-115,CAT-001,37435.31,Project,REG-01
BUD-202605-DEP-010-CC-102-CAT-013,2026,Q2,May,DEP-010,CC-102,CAT-013,36951.78,Departmental,REG-08
BUD-202605-DEP-010-CC-107-CAT-012,2026,Q2,May,DEP-010,CC-107,CAT-012,23661.01,Capital,REG-05
BUD-202605-DEP-010-CC-114-CAT-007,2026,Q2,May,DEP-010,CC-114,CAT-007,17307.29,Operating,REG-07
BUD-202605-DEP-010-CC-120-CAT-005,2026,Q2,May,DEP-010,CC-120,CAT-005,22205.12,Operating,REG-06
BUD-202605-DEP-010-CC-114-CAT-014,2026,Q2,May,DEP-010,CC-114,CAT-014,26331.69,Departmental,REG-03
BUD-202605-DEP-010-CC-107-CAT-013,2026,Q2,May,DEP-010,CC-107,CAT-013,33402.18,Operating,REG-06
BUD-202605-DEP-010-CC-116-CAT-001,2026,Q2,May,DEP-010,CC-116,CAT-001,34575.92,Operating,REG-06
BUD-202605-DEP-010-CC-105-CAT-001,2026,Q2,May,DEP-010,CC-105,CAT-001,34648.83,Operating,REG-07
BUD-202605-DEP-010-CC-117-CAT-009,2026,Q2,May,DEP-010,CC-117,CAT-009,24661.57,Capital,REG-07
BUD-202605-DEP-010-CC-101-CAT-010,2026,Q2,May,DEP-010,CC-101,CAT-010,25032.28,Operating,REG-07
BUD-202605-DEP-010-CC-103-CAT-014,2026,Q2,May,DEP-010,CC-103,CAT-014,29538.61,Project,REG-01
BUD-202605-DEP-010-CC-120-CAT-004,2026,Q2,May,DEP-010,CC-120,CAT-004,37712.67,Operating,REG-04
BUD-202605-DEP-010-CC-107-CAT-015,2026,Q2,May,DEP-010,CC-107,CAT-015,30307.58,Project,REG-08
BUD-202605-DEP-010-CC-115-CAT-005,2026,Q2,May,DEP-010,CC-115,CAT-005,25121.2,Operating,REG-08
BUD-202605-DEP-010-CC-116-CAT-011,2026,Q2,May,DEP-010,CC-116,CAT-011,33269.94,Operating,REG-08
BUD-202605-DEP-010-CC-115-CAT-005,2026,Q2,May,DEP-010,CC-115,CAT-005,25452.7,Departmental,REG-04
BUD-202605-DEP-010-CC-115-CAT-013,2026,Q2,May,DEP-010,CC-115,CAT-013,32090.84,Operating,REG-02
BUD-202605-DEP-010-CC-116-CAT-012,2026,Q2,May,DEP-010,CC-116,CAT-012,20770.58,Project,REG-06
BUD-202605-DEP-010-CC-117-CAT-009,2026,Q2,May,DEP-010,CC-117,CAT-009,28267.59,Capital,REG-08
BUD-202605-DEP-010-CC-105-CAT-001,2026,Q2,May,DEP-010,CC-105,CAT-001,37664.65,Capital,REG-01
BUD-202605-DEP-010-CC-108-CAT-003,2026,Q2,May,DEP-010,CC-108,CAT-003,28393.77,Operating,REG-05
BUD-202605-DEP-010-CC-108-CAT-002,2026,Q2,May,DEP-010,CC-108,CAT-002,22956.02,Project,REG-02
BUD-202605-DEP-010-CC-111-CAT-009,2026,Q2,May,DEP-010,CC-111,CAT-009,28528.62,Operating,REG-08
BUD-202605-DEP-010-CC-113-CAT-001,2026,Q2,May,DEP-010,CC-113,CAT-001,36732.1,Operating,REG-07
BUD-202605-DEP-010-CC-113-CAT-007,2026,Q2,May,DEP-010,CC-113,CAT-007,17648.65,Operating,REG-03
BUD-202605-DEP-010-CC-119-CAT-001,2026,Q2,May,DEP-010,CC-119,CAT-001,36972.03,Departmental,REG-04
BUD-202605-DEP-010-CC-104-CAT-002,2026,Q2,May,DEP-010,CC-104,CAT-002,19452.97,Operating,REG-04
BUD-202605-DEP-010-CC-119-CAT-015,2026,Q2,May,DEP-010,CC-119,CAT-015,32321.7,Capital,REG-02
BUD-202605-DEP-010-CC-114-CAT-001,2026,Q2,May,DEP-010,CC-114,CAT-001,31682.46,Operating,REG-06
BUD-202605-DEP-010-CC-116-CAT-015,2026,Q2,May,DEP-010,CC-116,CAT-015,29126.76,Operating,REG-06
BUD-202605-DEP-010-CC-106-CAT-004,2026,Q2,May,DEP-010,CC-106,CAT-004,37306.39,Project,REG-07
BUD-202605-DEP-010-CC-106-CAT-014,2026,Q2,May,DEP-010,CC-106,CAT-014,25747.16,Operating,REG-08
BUD-202605-DEP-010-CC-111-CAT-007,2026,Q2,May,DEP-010,CC-111,CAT-007,17889.67,Project,REG-08
BUD-202605-DEP-010-CC-116-CAT-013,2026,Q2,May,DEP-010,CC-116,CAT-013,32594.2,Operating,REG-07
BUD-202605-DEP-010-CC-112-CAT-009,2026,Q2,May,DEP-010,CC-112,CAT-009,27328.96,Capital,REG-01
BUD-202611-DEP-001-CC-112-CAT-014,2026,Q4,November,DEP-001,CC-112,CAT-014,35350.79,Capital,REG-01
BUD-202611-DEP-001-CC-114-CAT-013,2026,Q4,November,DEP-001,CC-114,CAT-013,37544.04,Operating,REG-06
BUD-202611-DEP-001-CC-117-CAT-010,2026,Q4,November,DEP-001,CC-117,CAT-010,29703.89,Project,REG-07
BUD-202611-DEP-001-CC-109-CAT-012,2026,Q4,November,DEP-001,CC-109,CAT-012,25294.21,Operating,REG-06
BUD-202611-DEP-001-CC-111-CAT-009,2026,Q4,November,DEP-001,CC-111,CAT-009,32582.15,Operating,REG-04
BUD-202611-DEP-001-CC-109-CAT-010,2026,Q4,November,DEP-001,CC-109,CAT-010,29277.58,Operating,REG-08
BUD-202611-DEP-001-CC-117-CAT-012,2026,Q4,November,DEP-001,CC-117,CAT-012,26042.08,Operating,REG-06
BUD-202611-DEP-001-CC-105-CAT-010,2026,Q4,November,DEP-001,CC-105,CAT-010,29780.04,Operating,REG-02
BUD-202611-DEP-001-CC-105-CAT-012,2026,Q4,November,DEP-001,CC-105,CAT-012,29094.95,Departmental,REG-02
BUD-202611-DEP-001-CC-119-CAT-014,2026,Q4,November,DEP-001,CC-119,CAT-014,37198.69,Capital,REG-02
BUD-202611-DEP-001-CC-101-CAT-015,2026,Q4,November,DEP-001,CC-101,CAT-015,39375.04,Operating,REG-01
BUD-202611-DEP-001-CC-113-CAT-011,2026,Q4,November,DEP-001,CC-113,CAT-011,39163.93,Operating,REG-06
BUD-202611-DEP-001-CC-104-CAT-011,2026,Q4,November,DEP-001,CC-104,CAT-011,37403.15,Operating,REG-03
BUD-202611-DEP-001-CC-107-CAT-007,2026,Q4,November,DEP-001,CC-107,CAT-007,23027.09,Operating,REG-05
BUD-202611-DEP-001-CC-117-CAT-009,2026,Q4,November,DEP-001,CC-117,CAT-009,33898.74,Operating,REG-04
BUD-202611-DEP-001-CC-107-CAT-005,2026,Q4,November,DEP-001,CC-107,CAT-005,32486.16,Operating,REG-02
BUD-202611-DEP-001-CC-113-CAT-004,2026,Q4,November,DEP-001,CC-113,CAT-004,56001.69,Project,REG-06
BUD-202611-DEP-001-CC-116-CAT-005,2026,Q4,November,DEP-001,CC-116,CAT-005,29349.44,Departmental,REG-06
BUD-202611-DEP-001-CC-108-CAT-010,2026,Q4,November,DEP-001,CC-108,CAT-010,29123.36,Operating,REG-05
BUD-202611-DEP-001-CC-115-CAT-001,2026,Q4,November,DEP-001,CC-115,CAT-001,45536.56,Operating,REG-04
BUD-202611-DEP-001-CC-111-CAT-007,2026,Q4,November,DEP-001,CC-111,CAT-007,23120.4,Operating,REG-02
BUD-202611-DEP-001-CC-102-CAT-013,2026,Q4,November,DEP-001,CC-102,CAT-013,43123.23,Operating,REG-03
BUD-202611-DEP-001-CC-115-CAT-003,2026,Q4,November,DEP-001,CC-115,CAT-003,38953.58,Project,REG-08
BUD-202611-DEP-001-CC-119-CAT-014,2026,Q4,November,DEP-001,CC-119,CAT-014,37856.37,Departmental,REG-08
BUD-202611-DEP-001-CC-109-CAT-010,2026,Q4,November,DEP-001,CC-109,CAT-010,26641.16,Departmental,REG-06
BUD-202611-DEP-001-CC-117-CAT-001,2026,Q4,November,DEP-001,CC-117,CAT-001,45095.38,Capital,REG-07
BUD-202611-DEP-001-CC-108-CAT-012,2026,Q4,November,DEP-001,CC-108,CAT-012,28449.78,Operating,REG-01
BUD-202611-DEP-001-CC-119-CAT-013,2026,Q4,November,DEP-001,CC-119,CAT-013,41091.59,Departmental,REG-06
BUD-202611-DEP-001-CC-103-CAT-011,2026,Q4,November,DEP-001,CC-103,CAT-011,38671.69,Operating,REG-02
BUD-202611-DEP-001-CC-119-CAT-010,2026,Q4,November,DEP-001,CC-119,CAT-010,27031.35,Departmental,REG-08
BUD-202611-DEP-001-CC-104-CAT-004,2026,Q4,November,DEP-001,CC-104,CAT-004,56442.69,Project,REG-08
BUD-202611-DEP-001-CC-116-CAT-010,2026,Q4,November,DEP-001,CC-116,CAT-010,26519.53,Operating,REG-07
BUD-202611-DEP-001-CC-108-CAT-012,2026,Q4,November,DEP-001,CC-108,CAT-012,29333.91,Operating,REG-04
BUD-202611-DEP-001-CC-110-CAT-012,2026,Q4,November,DEP-001,CC-110,CAT-012,25711.66,Departmental,REG-04
BUD-202611-DEP-001-CC-110-CAT-003,2026,Q4,November,DEP-001,CC-110,CAT-003,36021.56,Operating,REG-01
BUD-202611-DEP-001-CC-107-CAT-007,2026,Q4,November,DEP-001,CC-107,CAT-007,24720.61,Operating,REG-07
BUD-202611-DEP-001-CC-109-CAT-001,2026,Q4,November,DEP-001,CC-109,CAT-001,43845.57,Capital,REG-01
BUD-202611-DEP-001-CC-114-CAT-011,2026,Q4,November,DEP-001,CC-114,CAT-011,37789.81,Operating,REG-05
BUD-202611-DEP-001-CC-117-CAT-007,2026,Q4,November,DEP-001,CC-117,CAT-007,22929.34,Capital,REG-02
BUD-202611-DEP-001-CC-108-CAT-013,2026,Q4,November,DEP-001,CC-108,CAT-013,42549.1,Operating,REG-02
BUD-202611-DEP-002-CC-105-CAT-003,2026,Q4,November,DEP-002,CC-105,CAT-003,23300.82,Capital,REG-01
BUD-202611-DEP-002-CC-105-CAT-008,2026,Q4,November,DEP-002,CC-105,CAT-008,30744.55,Operating,REG-05
BUD-202611-DEP-002-CC-110-CAT-013,2026,Q4,November,DEP-002,CC-110,CAT-013,31799.35,Operating,REG-08
BUD-202611-DEP-002-CC-119-CAT-002,2026,Q4,November,DEP-002,CC-119,CAT-002,18470.01,Operating,REG-02
BUD-202611-DEP-002-CC-111-CAT-008,2026,Q4,November,DEP-002,CC-111,CAT-008,35737.66,Operating,REG-06
BUD-202611-DEP-002-CC-117-CAT-001,2026,Q4,November,DEP-002,CC-117,CAT-001,33689.29,Operating,REG-08
BUD-202611-DEP-002-CC-115-CAT-001,2026,Q4,November,DEP-002,CC-115,CAT-001,34657.21,Operating,REG-06
BUD-202611-DEP-002-CC-112-CAT-014,2026,Q4,November,DEP-002,CC-112,CAT-014,21372.1,Departmental,REG-03
BUD-202611-DEP-002-CC-115-CAT-006,2026,Q4,November,DEP-002,CC-115,CAT-006,30912.76,Operating,REG-01
BUD-202611-DEP-002-CC-104-CAT-013,2026,Q4,November,DEP-002,CC-104,CAT-013,31358.47,Project,REG-05
BUD-202611-DEP-002-CC-103-CAT-003,2026,Q4,November,DEP-002,CC-103,CAT-003,23652.51,Operating,REG-05
BUD-202611-DEP-002-CC-120-CAT-005,2026,Q4,November,DEP-002,CC-120,CAT-005,22103.67,Operating,REG-02
BUD-202611-DEP-002-CC-108-CAT-010,2026,Q4,November,DEP-002,CC-108,CAT-010,20941.4,Operating,REG-01
BUD-202611-DEP-002-CC-103-CAT-009,2026,Q4,November,DEP-002,CC-103,CAT-009,22329.34,Project,REG-07
BUD-202611-DEP-002-CC-118-CAT-001,2026,Q4,November,DEP-002,CC-118,CAT-001,29062.31,Capital,REG-01
BUD-202611-DEP-002-CC-103-CAT-014,2026,Q4,November,DEP-002,CC-103,CAT-014,26667.34,Departmental,REG-08
BUD-202611-DEP-002-CC-111-CAT-003,2026,Q4,November,DEP-002,CC-111,CAT-003,24429.59,Operating,REG-05
BUD-202611-DEP-002-CC-118-CAT-008,2026,Q4,November,DEP-002,CC-118,CAT-008,37065.01,Operating,REG-04
BUD-202611-DEP-002-CC-101-CAT-008,2026,Q4,November,DEP-002,CC-101,CAT-008,31817.11,Departmental,REG-02
BUD-202611-DEP-002-CC-108-CAT-001,2026,Q4,November,DEP-002,CC-108,CAT-001,28479.62,Operating,REG-03
BUD-202611-DEP-002-CC-112-CAT-008,2026,Q4,November,DEP-002,CC-112,CAT-008,35971.33,Operating,REG-08
BUD-202611-DEP-002-CC-111-CAT-006,2026,Q4,November,DEP-002,CC-111,CAT-006,28727.96,Capital,REG-01
BUD-202611-DEP-002-CC-104-CAT-002,2026,Q4,November,DEP-002,CC-104,CAT-002,16979.76,Operating,REG-08
BUD-202611-DEP-002-CC-115-CAT-010,2026,Q4,November,DEP-002,CC-115,CAT-010,22927.52,Departmental,REG-07
BUD-202611-DEP-002-CC-107-CAT-014,2026,Q4,November,DEP-002,CC-107,CAT-014,24604.21,Operating,REG-02
BUD-202611-DEP-002-CC-101-CAT-004,2026,Q4,November,DEP-002,CC-101,CAT-004,39979.83,Departmental,REG-02
BUD-202611-DEP-002-CC-117-CAT-002,2026,Q4,November,DEP-002,CC-117,CAT-002,19972.55,Operating,REG-03
BUD-202611-DEP-002-CC-103-CAT-014,2026,Q4,November,DEP-002,CC-103,CAT-014,26007.66,Operating,REG-06
BUD-202611-DEP-002-CC-105-CAT-004,2026,Q4,November,DEP-002,CC-105,CAT-004,34661.78,Departmental,REG-07
BUD-202611-DEP-002-CC-108-CAT-011,2026,Q4,November,DEP-002,CC-108,CAT-011,29463.81,Departmental,REG-01
BUD-202611-DEP-002-CC-112-CAT-012,2026,Q4,November,DEP-002,CC-112,CAT-012,21239.6,Capital,REG-04
BUD-202611-DEP-002-CC-120-CAT-015,2026,Q4,November,DEP-002,CC-120,CAT-015,25137.51,Capital,REG-08
BUD-202611-DEP-002-CC-107-CAT-004,2026,Q4,November,DEP-002,CC-107,CAT-004,35150.08,Operating,REG-08
BUD-202611-DEP-002-CC-113-CAT-014,2026,Q4,November,DEP-002,CC-113,CAT-014,21849.67,Capital,REG-06
BUD-202611-DEP-002-CC-113-CAT-009,2026,Q4,November,DEP-002,CC-113,CAT-009,21695.68,Operating,REG-03
BUD-202611-DEP-002-CC-101-CAT-008,2026,Q4,November,DEP-002,CC-101,CAT-008,32524.8,Operating,REG-05
BUD-202611-DEP-002-CC-105-CAT-009,2026,Q4,November,DEP-002,CC-105,CAT-009,25095.85,Operating,REG-06
BUD-202611-DEP-002-CC-111-CAT-007,2026,Q4,November,DEP-002,CC-111,CAT-007,15294.51,Capital,REG-03
BUD-202611-DEP-002-CC-116-CAT-002,2026,Q4,November,DEP-002,CC-116,CAT-002,20064.76,Operating,REG-03
BUD-202611-DEP-002-CC-102-CAT-002,2026,Q4,November,DEP-002,CC-102,CAT-002,18134.86,Operating,REG-02
BUD-202611-DEP-002-CC-114-CAT-003,2026,Q4,November,DEP-002,CC-114,CAT-003,26393.35,Operating,REG-08
BUD-202611-DEP-002-CC-114-CAT-012,2026,Q4,November,DEP-002,CC-114,CAT-012,20263.19,Project,REG-06
BUD-202611-DEP-002-CC-116-CAT-003,2026,Q4,November,DEP-002,CC-116,CAT-003,22516.99,Operating,REG-05
BUD-202611-DEP-002-CC-102-CAT-007,2026,Q4,November,DEP-002,CC-102,CAT-007,14336.31,Operating,REG-08
BUD-202611-DEP-003-CC-117-CAT-005,2026,Q4,November,DEP-003,CC-117,CAT-005,38094.88,Operating,REG-06
BUD-202611-DEP-003-CC-102-CAT-015,2026,Q4,November,DEP-003,CC-102,CAT-015,41778.39,Capital,REG-08
BUD-202611-DEP-003-CC-110-CAT-009,2026,Q4,November,DEP-003,CC-110,CAT-009,38068.27,Project,REG-04
BUD-202611-DEP-003-CC-103-CAT-008,2026,Q4,November,DEP-003,CC-103,CAT-008,51372.6,Operating,REG-07
BUD-202611-DEP-003-CC-117-CAT-010,2026,Q4,November,DEP-003,CC-117,CAT-010,32611.72,Departmental,REG-05
BUD-202611-DEP-003-CC-101-CAT-005,2026,Q4,November,DEP-003,CC-101,CAT-005,36850.26,Capital,REG-06
BUD-202611-DEP-003-CC-109-CAT-009,2026,Q4,November,DEP-003,CC-109,CAT-009,36130.77,Operating,REG-03
BUD-202611-DEP-003-CC-107-CAT-002,2026,Q4,November,DEP-003,CC-107,CAT-002,26670.93,Capital,REG-03
BUD-202611-DEP-003-CC-119-CAT-009,2026,Q4,November,DEP-003,CC-119,CAT-009,40501.41,Capital,REG-04
BUD-202611-DEP-003-CC-114-CAT-008,2026,Q4,November,DEP-003,CC-114,CAT-008,53261.6,Project,REG-02
BUD-202611-DEP-003-CC-104-CAT-012,2026,Q4,November,DEP-003,CC-104,CAT-012,35142.94,Operating,REG-06
BUD-202611-DEP-003-CC-117-CAT-005,2026,Q4,November,DEP-003,CC-117,CAT-005,38862.78,Operating,REG-03
BUD-202611-DEP-003-CC-102-CAT-004,2026,Q4,November,DEP-003,CC-102,CAT-004,57785.08,Operating,REG-08
BUD-202611-DEP-003-CC-110-CAT-010,2026,Q4,November,DEP-003,CC-110,CAT-010,33289.31,Capital,REG-06
BUD-202611-DEP-003-CC-106-CAT-004,2026,Q4,November,DEP-003,CC-106,CAT-004,67453.46,Project,REG-05
BUD-202611-DEP-003-CC-120-CAT-001,2026,Q4,November,DEP-003,CC-120,CAT-001,53358.79,Operating,REG-02
BUD-202611-DEP-003-CC-108-CAT-014,2026,Q4,November,DEP-003,CC-108,CAT-014,38917.89,Project,REG-02
BUD-202611-DEP-003-CC-103-CAT-008,2026,Q4,November,DEP-003,CC-103,CAT-008,59135.84,Operating,REG-07
BUD-202611-DEP-003-CC-114-CAT-008,2026,Q4,November,DEP-003,CC-114,CAT-008,54488.28,Capital,REG-08
BUD-202611-DEP-003-CC-113-CAT-011,2026,Q4,November,DEP-003,CC-113,CAT-011,46692.47,Operating,REG-04
BUD-202611-DEP-003-CC-103-CAT-011,2026,Q4,November,DEP-003,CC-103,CAT-011,43062.17,Project,REG-05
BUD-202611-DEP-003-CC-118-CAT-014,2026,Q4,November,DEP-003,CC-118,CAT-014,40697.34,Operating,REG-03
BUD-202611-DEP-003-CC-115-CAT-003,2026,Q4,November,DEP-003,CC-115,CAT-003,42299.85,Departmental,REG-07
BUD-202611-DEP-003-CC-103-CAT-006,2026,Q4,November,DEP-003,CC-103,CAT-006,51524.83,Operating,REG-06
BUD-202611-DEP-003-CC-108-CAT-010,2026,Q4,November,DEP-003,CC-108,CAT-010,34566.32,Operating,REG-05
BUD-202611-DEP-003-CC-103-CAT-015,2026,Q4,November,DEP-003,CC-103,CAT-015,44921.48,Capital,REG-02
BUD-202611-DEP-003-CC-113-CAT-013,2026,Q4,November,DEP-003,CC-113,CAT-013,48940.17,Operating,REG-05
BUD-202611-DEP-003-CC-103-CAT-014,2026,Q4,November,DEP-003,CC-103,CAT-014,36454.72,Project,REG-06
BUD-202611-DEP-003-CC-109-CAT-014,2026,Q4,November,DEP-003,CC-109,CAT-014,36817.86,Departmental,REG-06
BUD-202611-DEP-003-CC-103-CAT-011,2026,Q4,November,DEP-003,CC-103,CAT-011,41965.54,Operating,REG-08
BUD-202611-DEP-003-CC-109-CAT-015,2026,Q4,November,DEP-003,CC-109,CAT-015,38567.26,Capital,REG-03
BUD-202611-DEP-003-CC-118-CAT-001,2026,Q4,November,DEP-003,CC-118,CAT-001,45708.12,Operating,REG-02
BUD-202611-DEP-004-CC-102-CAT-010,2026,Q4,November,DEP-004,CC-102,CAT-010,21473.43,Capital,REG-07
BUD-202611-DEP-004-CC-105-CAT-013,2026,Q4,November,DEP-004,CC-105,CAT-013,35258.42,Departmental,REG-05
BUD-202611-DEP-004-CC-102-CAT-007,2026,Q4,November,DEP-004,CC-102,CAT-007,16156.38,Operating,REG-05
BUD-202611-DEP-004-CC-105-CAT-010,2026,Q4,November,DEP-004,CC-105,CAT-010,25684.6,Operating,REG-07
BUD-202611-DEP-004-CC-104-CAT-002,2026,Q4,November,DEP-004,CC-104,CAT-002,19881.12,Operating,REG-06
BUD-202611-DEP-004-CC-115-CAT-004,2026,Q4,November,DEP-004,CC-115,CAT-004,40600.04,Operating,REG-05
BUD-202611-DEP-004-CC-106-CAT-001,2026,Q4,November,DEP-004,CC-106,CAT-001,35030.98,Operating,REG-02
BUD-202611-DEP-004-CC-109-CAT-010,2026,Q4,November,DEP-004,CC-109,CAT-010,21794.85,Operating,REG-07
BUD-202611-DEP-004-CC-114-CAT-013,2026,Q4,November,DEP-004,CC-114,CAT-013,29808.97,Departmental,REG-05
BUD-202611-DEP-004-CC-114-CAT-015,2026,Q4,November,DEP-004,CC-114,CAT-015,28726.73,Project,REG-02
BUD-202611-DEP-004-CC-115-CAT-006,2026,Q4,November,DEP-004,CC-115,CAT-006,34005.33,Operating,REG-02
BUD-202611-DEP-004-CC-104-CAT-004,2026,Q4,November,DEP-004,CC-104,CAT-004,43376.8,Operating,REG-08
BUD-202611-DEP-004-CC-113-CAT-010,2026,Q4,November,DEP-004,CC-113,CAT-010,20907.27,Operating,REG-03
BUD-202611-DEP-004-CC-117-CAT-007,2026,Q4,November,DEP-004,CC-117,CAT-007,17745.72,Departmental,REG-07
BUD-202611-DEP-004-CC-120-CAT-003,2026,Q4,November,DEP-004,CC-120,CAT-003,29390.66,Operating,REG-05
BUD-202611-DEP-004-CC-106-CAT-004,2026,Q4,November,DEP-004,CC-106,CAT-004,41596.53,Operating,REG-08
BUD-202611-DEP-004-CC-101-CAT-008,2026,Q4,November,DEP-004,CC-101,CAT-008,40292.32,Project,REG-05
BUD-202611-DEP-004-CC-107-CAT-002,2026,Q4,November,DEP-004,CC-107,CAT-002,20959.52,Project,REG-01
BUD-202611-DEP-004-CC-105-CAT-005,2026,Q4,November,DEP-004,CC-105,CAT-005,24097.17,Capital,REG-03
BUD-202611-DEP-004-CC-105-CAT-013,2026,Q4,November,DEP-004,CC-105,CAT-013,31115.51,Operating,REG-02
BUD-202611-DEP-004-CC-119-CAT-003,2026,Q4,November,DEP-004,CC-119,CAT-003,29436.42,Operating,REG-06
BUD-202611-DEP-004-CC-116-CAT-015,2026,Q4,November,DEP-004,CC-116,CAT-015,27723.01,Capital,REG-04
BUD-202611-DEP-004-CC-112-CAT-003,2026,Q4,November,DEP-004,CC-112,CAT-003,27281.41,Operating,REG-05
BUD-202611-DEP-004-CC-108-CAT-004,2026,Q4,November,DEP-004,CC-108,CAT-004,41645.89,Capital,REG-05
BUD-202611-DEP-004-CC-110-CAT-009,2026,Q4,November,DEP-004,CC-110,CAT-009,26976.52,Operating,REG-08
BUD-202611-DEP-004-CC-105-CAT-007,2026,Q4,November,DEP-004,CC-105,CAT-007,17746.11,Operating,REG-05
BUD-202611-DEP-004-CC-107-CAT-009,2026,Q4,November,DEP-004,CC-107,CAT-009,28311.28,Departmental,REG-02
BUD-202611-DEP-004-CC-115-CAT-008,2026,Q4,November,DEP-004,CC-115,CAT-008,39092.48,Operating,REG-01
BUD-202611-DEP-004-CC-118-CAT-004,2026,Q4,November,DEP-004,CC-118,CAT-004,41403.06,Project,REG-03
BUD-202611-DEP-004-CC-107-CAT-008,2026,Q4,November,DEP-004,CC-107,CAT-008,37980.0,Operating,REG-07
BUD-202611-DEP-004-CC-118-CAT-003,2026,Q4,November,DEP-004,CC-118,CAT-003,29482.73,Operating,REG-03
BUD-202611-DEP-004-CC-102-CAT-002,2026,Q4,November,DEP-004,CC-102,CAT-002,20064.57,Project,REG-06
BUD-202611-DEP-004-CC-110-CAT-004,2026,Q4,November,DEP-004,CC-110,CAT-004,41916.48,Operating,REG-03
BUD-202611-DEP-004-CC-108-CAT-004,2026,Q4,November,DEP-004,CC-108,CAT-004,37055.18,Operating,REG-06
BUD-202611-DEP-004-CC-114-CAT-003,2026,Q4,November,DEP-004,CC-114,CAT-003,25671.87,Operating,REG-05
BUD-202611-DEP-004-CC-109-CAT-004,2026,Q4,November,DEP-004,CC-109,CAT-004,43688.25,Operating,REG-04
BUD-202611-DEP-004-CC-109-CAT-010,2026,Q4,November,DEP-004,CC-109,CAT-010,23159.69,Operating,REG-03
BUD-202611-DEP-004-CC-112-CAT-010,2026,Q4,November,DEP-004,CC-112,CAT-010,25702.55,Operating,REG-02
BUD-202611-DEP-004-CC-101-CAT-002,2026,Q4,November,DEP-004,CC-101,CAT-002,20307.13,Departmental,REG-08
BUD-202611-DEP-005-CC-116-CAT-005,2026,Q4,November,DEP-005,CC-116,CAT-005,28280.06,Project,REG-04
BUD-202611-DEP-005-CC-106-CAT-005,2026,Q4,November,DEP-005,CC-106,CAT-005,27939.51,Operating,REG-07
BUD-202611-DEP-005-CC-112-CAT-011,2026,Q4,November,DEP-005,CC-112,CAT-011,36798.44,Operating,REG-03
BUD-202611-DEP-005-CC-114-CAT-007,2026,Q4,November,DEP-005,CC-114,CAT-007,20113.67,Operating,REG-04
BUD-202611-DEP-005-CC-111-CAT-006,2026,Q4,November,DEP-005,CC-111,CAT-006,36827.05,Project,REG-01
BUD-202611-DEP-005-CC-102-CAT-007,2026,Q4,November,DEP-005,CC-102,CAT-007,18509.18,Capital,REG-05
BUD-202611-DEP-005-CC-102-CAT-005,2026,Q4,November,DEP-005,CC-102,CAT-005,26907.85,Operating,REG-06
BUD-202611-DEP-005-CC-117-CAT-009,2026,Q4,November,DEP-005,CC-117,CAT-009,26517.98,Departmental,REG-02
BUD-202611-DEP-005-CC-108-CAT-013,2026,Q4,November,DEP-005,CC-108,CAT-013,41042.66,Project,REG-06
BUD-202611-DEP-005-CC-103-CAT-003,2026,Q4,November,DEP-005,CC-103,CAT-003,34920.73,Operating,REG-05
BUD-202611-DEP-005-CC-116-CAT-012,2026,Q4,November,DEP-005,CC-116,CAT-012,25455.86,Project,REG-07
BUD-202611-DEP-005-CC-107-CAT-002,2026,Q4,November,DEP-005,CC-107,CAT-002,24227.94,Capital,REG-02
BUD-202611-DEP-005-CC-118-CAT-010,2026,Q4,November,DEP-005,CC-118,CAT-010,23808.25,Operating,REG-05
BUD-202611-DEP-005-CC-112-CAT-005,2026,Q4,November,DEP-005,CC-112,CAT-005,29997.25,Operating,REG-07
BUD-202611-DEP-005-CC-118-CAT-002,2026,Q4,November,DEP-005,CC-118,CAT-002,23734.53,Operating,REG-01
BUD-202611-DEP-005-CC-117-CAT-011,2026,Q4,November,DEP-005,CC-117,CAT-011,38412.78,Departmental,REG-05
BUD-202611-DEP-005-CC-115-CAT-003,2026,Q4,November,DEP-005,CC-115,CAT-003,36181.76,Operating,REG-08
BUD-202611-DEP-005-CC-120-CAT-001,2026,Q4,November,DEP-005,CC-120,CAT-001,39137.71,Departmental,REG-05
BUD-202611-DEP-005-CC-114-CAT-011,2026,Q4,November,DEP-005,CC-114,CAT-011,38998.3,Operating,REG-07
BUD-202611-DEP-005-CC-110-CAT-006,2026,Q4,November,DEP-005,CC-110,CAT-006,35252.78,Capital,REG-05
BUD-202611-DEP-005-CC-106-CAT-002,2026,Q4,November,DEP-005,CC-106,CAT-002,22435.64,Capital,REG-03
BUD-202611-DEP-005-CC-103-CAT-014,2026,Q4,November,DEP-005,CC-103,CAT-014,33752.9,Project,REG-03
BUD-202611-DEP-005-CC-113-CAT-008,2026,Q4,November,DEP-005,CC-113,CAT-008,40093.91,Project,REG-05
BUD-202611-DEP-005-CC-105-CAT-015,2026,Q4,November,DEP-005,CC-105,CAT-015,34380.76,Operating,REG-08
BUD-202611-DEP-005-CC-104-CAT-009,2026,Q4,November,DEP-005,CC-104,CAT-009,32103.82,Project,REG-03
BUD-202611-DEP-005-CC-110-CAT-010,2026,Q4,November,DEP-005,CC-110,CAT-010,29055.59,Project,REG-06
BUD-202611-DEP-005-CC-101-CAT-004,2026,Q4,November,DEP-005,CC-101,CAT-004,52222.47,Departmental,REG-07
BUD-202611-DEP-005-CC-104-CAT-006,2026,Q4,November,DEP-005,CC-104,CAT-006,37775.1,Departmental,REG-02
BUD-202611-DEP-005-CC-119-CAT-005,2026,Q4,November,DEP-005,CC-119,CAT-005,29879.97,Departmental,REG-07
BUD-202611-DEP-005-CC-112-CAT-006,2026,Q4,November,DEP-005,CC-112,CAT-006,38847.51,Departmental,REG-06
BUD-202611-DEP-005-CC-109-CAT-009,2026,Q4,November,DEP-005,CC-109,CAT-009,32965.6,Operating,REG-08
BUD-202611-DEP-005-CC-108-CAT-014,2026,Q4,November,DEP-005,CC-108,CAT-014,32321.97,Operating,REG-08
BUD-202611-DEP-005-CC-105-CAT-014,2026,Q4,November,DEP-005,CC-105,CAT-014,27497.9,Departmental,REG-08
BUD-202611-DEP-005-CC-101-CAT-001,2026,Q4,November,DEP-005,CC-101,CAT-001,44672.55,Operating,REG-03
BUD-202611-DEP-005-CC-120-CAT-014,2026,Q4,November,DEP-005,CC-120,CAT-014,31191.61,Operating,REG-08
BUD-202611-DEP-005-CC-109-CAT-003,2026,Q4,November,DEP-005,CC-109,CAT-003,32273.09,Operating,REG-04
BUD-202611-DEP-005-CC-106-CAT-007,2026,Q4,November,DEP-005,CC-106,CAT-007,22385.98,Capital,REG-05
BUD-202611-DEP-005-CC-104-CAT-012,2026,Q4,November,DEP-005,CC-104,CAT-012,22613.06,Capital,REG-03
BUD-202611-DEP-005-CC-115-CAT-007,2026,Q4,November,DEP-005,CC-115,CAT-007,20338.18,Operating,REG-04
BUD-202611-DEP-005-CC-111-CAT-012,2026,Q4,November,DEP-005,CC-111,CAT-012,27203.65,Project,REG-06
BUD-202611-DEP-005-CC-106-CAT-011,2026,Q4,November,DEP-005,CC-106,CAT-011,37959.37,Operating,REG-05
BUD-202611-DEP-005-CC-116-CAT-012,2026,Q4,November,DEP-005,CC-116,CAT-012,25189.15,Operating,REG-04
BUD-202611-DEP-005-CC-101-CAT-009,2026,Q4,November,DEP-005,CC-101,CAT-009,32655.22,Capital,REG-06
BUD-202611-DEP-005-CC-116-CAT-007,2026,Q4,November,DEP-005,CC-116,CAT-007,22575.51,Project,REG-01
BUD-202611-DEP-005-CC-103-CAT-010,2026,Q4,November,DEP-005,CC-103,CAT-010,24537.76,Operating,REG-04
BUD-202611-DEP-006-CC-117-CAT-004,2026,Q4,November,DEP-006,CC-117,CAT-004,32967.5,Operating,REG-02
BUD-202611-DEP-006-CC-101-CAT-003,2026,Q4,November,DEP-006,CC-101,CAT-003,19970.94,Departmental,REG-07
BUD-202611-DEP-006-CC-109-CAT-001,2026,Q4,November,DEP-006,CC-109,CAT-001,24546.11,Operating,REG-02
BUD-202611-DEP-006-CC-111-CAT-009,2026,Q4,November,DEP-006,CC-111,CAT-009,20774.96,Capital,REG-01
BUD-202611-DEP-006-CC-109-CAT-007,2026,Q4,November,DEP-006,CC-109,CAT-007,13906.58,Operating,REG-05
BUD-202611-DEP-006-CC-106-CAT-014,2026,Q4,November,DEP-006,CC-106,CAT-014,22196.0,Operating,REG-05
BUD-202611-DEP-006-CC-102-CAT-013,2026,Q4,November,DEP-006,CC-102,CAT-013,24679.91,Departmental,REG-05
BUD-202611-DEP-006-CC-114-CAT-006,2026,Q4,November,DEP-006,CC-114,CAT-006,23782.43,Operating,REG-01
BUD-202611-DEP-006-CC-119-CAT-002,2026,Q4,November,DEP-006,CC-119,CAT-002,15886.23,Operating,REG-04
BUD-202611-DEP-006-CC-109-CAT-003,2026,Q4,November,DEP-006,CC-109,CAT-003,23114.36,Capital,REG-06
BUD-202611-DEP-006-CC-119-CAT-012,2026,Q4,November,DEP-006,CC-119,CAT-012,16190.1,Operating,REG-02
BUD-202611-DEP-006-CC-112-CAT-010,2026,Q4,November,DEP-006,CC-112,CAT-010,18308.39,Operating,REG-05
BUD-202611-DEP-006-CC-104-CAT-011,2026,Q4,November,DEP-006,CC-104,CAT-011,26430.77,Departmental,REG-04
BUD-202611-DEP-006-CC-116-CAT-010,2026,Q4,November,DEP-006,CC-116,CAT-010,16852.39,Departmental,REG-04
BUD-202611-DEP-006-CC-103-CAT-011,2026,Q4,November,DEP-006,CC-103,CAT-011,22052.91,Operating,REG-03
BUD-202611-DEP-006-CC-115-CAT-013,2026,Q4,November,DEP-006,CC-115,CAT-013,28061.79,Project,REG-06
BUD-202611-DEP-006-CC-108-CAT-008,2026,Q4,November,DEP-006,CC-108,CAT-008,27068.79,Operating,REG-03
BUD-202611-DEP-006-CC-113-CAT-013,2026,Q4,November,DEP-006,CC-113,CAT-013,23439.57,Departmental,REG-04
BUD-202611-DEP-006-CC-118-CAT-005,2026,Q4,November,DEP-006,CC-118,CAT-005,19861.32,Departmental,REG-04
BUD-202611-DEP-006-CC-110-CAT-008,2026,Q4,November,DEP-006,CC-110,CAT-008,26962.6,Departmental,REG-08
BUD-202611-DEP-006-CC-105-CAT-001,2026,Q4,November,DEP-006,CC-105,CAT-001,26785.9,Operating,REG-07
BUD-202611-DEP-006-CC-116-CAT-011,2026,Q4,November,DEP-006,CC-116,CAT-011,26263.65,Operating,REG-01
BUD-202611-DEP-006-CC-113-CAT-003,2026,Q4,November,DEP-006,CC-113,CAT-003,23343.31,Departmental,REG-02
BUD-202611-DEP-006-CC-106-CAT-005,2026,Q4,November,DEP-006,CC-106,CAT-005,20610.24,Operating,REG-05
BUD-202611-DEP-006-CC-112-CAT-003,2026,Q4,November,DEP-006,CC-112,CAT-003,23155.07,Capital,REG-05
BUD-202611-DEP-006-CC-111-CAT-015,2026,Q4,November,DEP-006,CC-111,CAT-015,21831.49,Operating,REG-01
BUD-202611-DEP-006-CC-103-CAT-006,2026,Q4,November,DEP-006,CC-103,CAT-006,28111.21,Capital,REG-03
BUD-202611-DEP-006-CC-108-CAT-003,2026,Q4,November,DEP-006,CC-108,CAT-003,20139.06,Departmental,REG-06
BUD-202611-DEP-006-CC-108-CAT-001,2026,Q4,November,DEP-006,CC-108,CAT-001,28182.4,Operating,REG-06
BUD-202611-DEP-006-CC-114-CAT-011,2026,Q4,November,DEP-006,CC-114,CAT-011,22915.08,Departmental,REG-01
BUD-202611-DEP-006-CC-120-CAT-010,2026,Q4,November,DEP-006,CC-120,CAT-010,18484.78,Capital,REG-01
BUD-202611-DEP-006-CC-111-CAT-006,2026,Q4,November,DEP-006,CC-111,CAT-006,25568.28,Operating,REG-02
BUD-202611-DEP-006-CC-115-CAT-003,2026,Q4,November,DEP-006,CC-115,CAT-003,24810.51,Operating,REG-07
BUD-202611-DEP-007-CC-104-CAT-007,2026,Q4,November,DEP-007,CC-104,CAT-007,26740.0,Project,REG-04
BUD-202611-DEP-007-CC-104-CAT-007,2026,Q4,November,DEP-007,CC-104,CAT-007,26418.07,Capital,REG-05
BUD-202611-DEP-007-CC-114-CAT-011,2026,Q4,November,DEP-007,CC-114,CAT-011,45202.48,Operating,REG-04
BUD-202611-DEP-007-CC-114-CAT-003,2026,Q4,November,DEP-007,CC-114,CAT-003,35907.3,Operating,REG-08
BUD-202611-DEP-007-CC-116-CAT-007,2026,Q4,November,DEP-007,CC-116,CAT-007,22582.63,Operating,REG-07
BUD-202611-DEP-007-CC-119-CAT-007,2026,Q4,November,DEP-007,CC-119,CAT-007,23219.67,Operating,REG-07
BUD-202611-DEP-007-CC-105-CAT-010,2026,Q4,November,DEP-007,CC-105,CAT-010,33908.25,Operating,REG-02
BUD-202611-DEP-007-CC-116-CAT-014,2026,Q4,November,DEP-007,CC-116,CAT-014,38386.17,Project,REG-07
BUD-202611-DEP-007-CC-118-CAT-012,2026,Q4,November,DEP-007,CC-118,CAT-012,28188.94,Operating,REG-02
BUD-202611-DEP-007-CC-117-CAT-004,2026,Q4,November,DEP-007,CC-117,CAT-004,62523.15,Operating,REG-04
BUD-202611-DEP-007-CC-111-CAT-007,2026,Q4,November,DEP-007,CC-111,CAT-007,23055.95,Operating,REG-03
BUD-202611-DEP-007-CC-114-CAT-013,2026,Q4,November,DEP-007,CC-114,CAT-013,49457.67,Departmental,REG-03
BUD-202611-DEP-007-CC-119-CAT-007,2026,Q4,November,DEP-007,CC-119,CAT-007,22946.15,Project,REG-03
BUD-202611-DEP-007-CC-104-CAT-014,2026,Q4,November,DEP-007,CC-104,CAT-014,39241.74,Operating,REG-01
BUD-202611-DEP-007-CC-105-CAT-003,2026,Q4,November,DEP-007,CC-105,CAT-003,41358.61,Operating,REG-03
BUD-202611-DEP-007-CC-109-CAT-003,2026,Q4,November,DEP-007,CC-109,CAT-003,36485.75,Operating,REG-06
BUD-202611-DEP-007-CC-110-CAT-009,2026,Q4,November,DEP-007,CC-110,CAT-009,31403.23,Operating,REG-07
BUD-202611-DEP-007-CC-102-CAT-001,2026,Q4,November,DEP-007,CC-102,CAT-001,48837.05,Operating,REG-03
BUD-202611-DEP-007-CC-111-CAT-014,2026,Q4,November,DEP-007,CC-111,CAT-014,35656.55,Operating,REG-01
BUD-202611-DEP-007-CC-114-CAT-009,2026,Q4,November,DEP-007,CC-114,CAT-009,31736.29,Operating,REG-06
BUD-202611-DEP-007-CC-102-CAT-007,2026,Q4,November,DEP-007,CC-102,CAT-007,23819.07,Capital,REG-01
BUD-202611-DEP-007-CC-113-CAT-005,2026,Q4,November,DEP-007,CC-113,CAT-005,30702.98,Operating,REG-02
BUD-202611-DEP-007-CC-104-CAT-010,2026,Q4,November,DEP-007,CC-104,CAT-010,34671.37,Departmental,REG-05
BUD-202611-DEP-007-CC-114-CAT-007,2026,Q4,November,DEP-007,CC-114,CAT-007,24758.69,Operating,REG-04
BUD-202611-DEP-007-CC-115-CAT-008,2026,Q4,November,DEP-007,CC-115,CAT-008,51407.69,Capital,REG-06
BUD-202611-DEP-007-CC-104-CAT-014,2026,Q4,November,DEP-007,CC-104,CAT-014,40567.04,Operating,REG-03
BUD-202611-DEP-007-CC-115-CAT-001,2026,Q4,November,DEP-007,CC-115,CAT-001,44211.59,Operating,REG-01
BUD-202611-DEP-007-CC-106-CAT-009,2026,Q4,November,DEP-007,CC-106,CAT-009,36638.42,Capital,REG-03
BUD-202611-DEP-007-CC-107-CAT-003,2026,Q4,November,DEP-007,CC-107,CAT-003,37247.18,Operating,REG-05
BUD-202611-DEP-007-CC-117-CAT-003,2026,Q4,November,DEP-007,CC-117,CAT-003,40771.84,Project,REG-03
BUD-202611-DEP-007-CC-118-CAT-005,2026,Q4,November,DEP-007,CC-118,CAT-005,30888.27,Operating,REG-06
BUD-202611-DEP-007-CC-102-CAT-012,2026,Q4,November,DEP-007,CC-102,CAT-012,29104.85,Operating,REG-02
BUD-202611-DEP-007-CC-111-CAT-005,2026,Q4,November,DEP-007,CC-111,CAT-005,35578.0,Operating,REG-08
BUD-202611-DEP-007-CC-109-CAT-012,2026,Q4,November,DEP-007,CC-109,CAT-012,29660.82,Operating,REG-01
BUD-202611-DEP-007-CC-111-CAT-012,2026,Q4,November,DEP-007,CC-111,CAT-012,31361.27,Project,REG-05
BUD-202611-DEP-007-CC-101-CAT-004,2026,Q4,November,DEP-007,CC-101,CAT-004,53677.61,Operating,REG-01
BUD-202611-DEP-007-CC-109-CAT-006,2026,Q4,November,DEP-007,CC-109,CAT-006,47601.34,Operating,REG-01
BUD-202611-DEP-007-CC-102-CAT-010,2026,Q4,November,DEP-007,CC-102,CAT-010,32197.0,Operating,REG-04
BUD-202611-DEP-007-CC-104-CAT-002,2026,Q4,November,DEP-007,CC-104,CAT-002,26903.7,Capital,REG-05
BUD-202611-DEP-007-CC-102-CAT-007,2026,Q4,November,DEP-007,CC-102,CAT-007,24131.33,Departmental,REG-04
BUD-202611-DEP-007-CC-102-CAT-010,2026,Q4,November,DEP-007,CC-102,CAT-010,31631.1,Operating,REG-03
BUD-202611-DEP-007-CC-117-CAT-007,2026,Q4,November,DEP-007,CC-117,CAT-007,27174.43,Operating,REG-08
BUD-202611-DEP-008-CC-104-CAT-003,2026,Q4,November,DEP-008,CC-104,CAT-003,29365.59,Operating,REG-07
BUD-202611-DEP-008-CC-120-CAT-011,2026,Q4,November,DEP-008,CC-120,CAT-011,26947.08,Departmental,REG-08
BUD-202611-DEP-008-CC-112-CAT-008,2026,Q4,November,DEP-008,CC-112,CAT-008,31177.38,Capital,REG-07
BUD-202611-DEP-008-CC-101-CAT-002,2026,Q4,November,DEP-008,CC-101,CAT-002,21312.25,Operating,REG-07
BUD-202611-DEP-008-CC-113-CAT-006,2026,Q4,November,DEP-008,CC-113,CAT-006,29675.33,Operating,REG-06
BUD-202611-DEP-008-CC-102-CAT-007,2026,Q4,November,DEP-008,CC-102,CAT-007,16673.68,Project,REG-02
BUD-202611-DEP-008-CC-103-CAT-013,2026,Q4,November,DEP-008,CC-103,CAT-013,33693.04,Operating,REG-08
BUD-202611-DEP-008-CC-108-CAT-008,2026,Q4,November,DEP-008,CC-108,CAT-008,38286.7,Operating,REG-03
BUD-202611-DEP-008-CC-101-CAT-010,2026,Q4,November,DEP-008,CC-101,CAT-010,21962.91,Capital,REG-06
BUD-202611-DEP-008-CC-120-CAT-014,2026,Q4,November,DEP-008,CC-120,CAT-014,24838.93,Departmental,REG-08
BUD-202611-DEP-008-CC-112-CAT-005,2026,Q4,November,DEP-008,CC-112,CAT-005,21955.62,Capital,REG-02
BUD-202611-DEP-008-CC-115-CAT-012,2026,Q4,November,DEP-008,CC-115,CAT-012,19698.1,Operating,REG-01
BUD-202611-DEP-008-CC-120-CAT-002,2026,Q4,November,DEP-008,CC-120,CAT-002,19454.5,Capital,REG-03
BUD-202611-DEP-008-CC-106-CAT-013,2026,Q4,November,DEP-008,CC-106,CAT-013,33184.37,Departmental,REG-05
BUD-202611-DEP-008-CC-111-CAT-007,2026,Q4,November,DEP-008,CC-111,CAT-007,17789.46,Operating,REG-04
BUD-202611-DEP-008-CC-108-CAT-004,2026,Q4,November,DEP-008,CC-108,CAT-004,38538.57,Operating,REG-03
BUD-202611-DEP-008-CC-116-CAT-009,2026,Q4,November,DEP-008,CC-116,CAT-009,26353.12,Capital,REG-06
BUD-202611-DEP-008-CC-106-CAT-003,2026,Q4,November,DEP-008,CC-106,CAT-003,28211.3,Capital,REG-06
BUD-202611-DEP-008-CC-118-CAT-009,2026,Q4,November,DEP-008,CC-118,CAT-009,22066.1,Operating,REG-06
BUD-202611-DEP-008-CC-103-CAT-003,2026,Q4,November,DEP-008,CC-103,CAT-003,25738.61,Capital,REG-05
BUD-202611-DEP-008-CC-103-CAT-004,2026,Q4,November,DEP-008,CC-103,CAT-004,40761.46,Operating,REG-04
BUD-202611-DEP-008-CC-116-CAT-014,2026,Q4,November,DEP-008,CC-116,CAT-014,26913.6,Departmental,REG-05
BUD-202611-DEP-008-CC-107-CAT-015,2026,Q4,November,DEP-008,CC-107,CAT-015,28909.74,Project,REG-03
BUD-202611-DEP-008-CC-113-CAT-012,2026,Q4,November,DEP-008,CC-113,CAT-012,18983.27,Operating,REG-07
BUD-202611-DEP-008-CC-115-CAT-003,2026,Q4,November,DEP-008,CC-115,CAT-003,26683.55,Project,REG-04
BUD-202611-DEP-008-CC-105-CAT-004,2026,Q4,November,DEP-008,CC-105,CAT-004,39920.92,Operating,REG-05
BUD-202611-DEP-008-CC-107-CAT-015,2026,Q4,November,DEP-008,CC-107,CAT-015,25302.88,Departmental,REG-02
BUD-202611-DEP-008-CC-112-CAT-003,2026,Q4,November,DEP-008,CC-112,CAT-003,27458.72,Departmental,REG-08
BUD-202611-DEP-008-CC-103-CAT-002,2026,Q4,November,DEP-008,CC-103,CAT-002,20680.82,Capital,REG-04
BUD-202611-DEP-008-CC-120-CAT-009,2026,Q4,November,DEP-008,CC-120,CAT-009,25219.87,Operating,REG-07
BUD-202611-DEP-008-CC-117-CAT-009,2026,Q4,November,DEP-008,CC-117,CAT-009,24059.02,Project,REG-02
BUD-202611-DEP-008-CC-104-CAT-004,2026,Q4,November,DEP-008,CC-104,CAT-004,37353.88,Departmental,REG-03
BUD-202611-DEP-008-CC-116-CAT-001,2026,Q4,November,DEP-008,CC-116,CAT-001,33077.87,Operating,REG-07
BUD-202611-DEP-008-CC-111-CAT-012,2026,Q4,November,DEP-008,CC-111,CAT-012,21347.88,Operating,REG-04
BUD-202611-DEP-008-CC-110-CAT-002,2026,Q4,November,DEP-008,CC-110,CAT-002,20191.13,Operating,REG-02
BUD-202611-DEP-008-CC-107-CAT-009,2026,Q4,November,DEP-008,CC-107,CAT-009,22206.47,Operating,REG-02
BUD-202611-DEP-008-CC-118-CAT-007,2026,Q4,November,DEP-008,CC-118,CAT-007,19030.26,Operating,REG-01
BUD-202611-DEP-008-CC-109-CAT-004,2026,Q4,November,DEP-008,CC-109,CAT-004,42270.54,Operating,REG-04
BUD-202611-DEP-008-CC-101-CAT-004,2026,Q4,November,DEP-008,CC-101,CAT-004,38301.73,Operating,REG-01
BUD-202611-DEP-008-CC-111-CAT-015,2026,Q4,November,DEP-008,CC-111,CAT-015,30827.45,Departmental,REG-04
BUD-202611-DEP-008-CC-101-CAT-005,2026,Q4,November,DEP-008,CC-101,CAT-005,22351.69,Project,REG-01
BUD-202611-DEP-008-CC-110-CAT-011,2026,Q4,November,DEP-008,CC-110,CAT-011,31375.16,Departmental,REG-03
BUD-202611-DEP-008-CC-104-CAT-001,2026,Q4,November,DEP-008,CC-104,CAT-001,34732.19,Project,REG-07
BUD-202611-DEP-008-CC-118-CAT-006,2026,Q4,November,DEP-008,CC-118,CAT-006,29459.02,Operating,REG-06
BUD-202611-DEP-008-CC-103-CAT-015,2026,Q4,November,DEP-008,CC-103,CAT-015,30119.51,Departmental,REG-06
BUD-202611-DEP-008-CC-118-CAT-001,2026,Q4,November,DEP-008,CC-118,CAT-001,32205.9,Capital,REG-05
BUD-202611-DEP-008-CC-106-CAT-004,2026,Q4,November,DEP-008,CC-106,CAT-004,42555.59,Departmental,REG-01
BUD-202611-DEP-008-CC-102-CAT-002,2026,Q4,November,DEP-008,CC-102,CAT-002,21533.12,Operating,REG-06
BUD-202611-DEP-008-CC-101-CAT-012,2026,Q4,November,DEP-008,CC-101,CAT-012,20311.92,Capital,REG-07
BUD-202611-DEP-008-CC-110-CAT-001,2026,Q4,November,DEP-008,CC-110,CAT-001,31776.08,Capital,REG-07
BUD-202611-DEP-008-CC-108-CAT-012,2026,Q4,November,DEP-008,CC-108,CAT-012,21372.52,Operating,REG-07
BUD-202611-DEP-009-CC-113-CAT-011,2026,Q4,November,DEP-009,CC-113,CAT-011,53410.92,Project,REG-02
BUD-202611-DEP-009-CC-108-CAT-001,2026,Q4,November,DEP-009,CC-108,CAT-001,50382.28,Departmental,REG-05
BUD-202611-DEP-009-CC-106-CAT-011,2026,Q4,November,DEP-009,CC-106,CAT-011,51838.48,Departmental,REG-01
BUD-202611-DEP-009-CC-109-CAT-011,2026,Q4,November,DEP-009,CC-109,CAT-011,47429.59,Capital,REG-07
BUD-202611-DEP-009-CC-103-CAT-005,2026,Q4,November,DEP-009,CC-103,CAT-005,43022.31,Operating,REG-08
BUD-202611-DEP-009-CC-119-CAT-004,2026,Q4,November,DEP-009,CC-119,CAT-004,66409.91,Operating,REG-06
BUD-202611-DEP-009-CC-116-CAT-010,2026,Q4,November,DEP-009,CC-116,CAT-010,37422.91,Operating,REG-07
BUD-202611-DEP-009-CC-105-CAT-003,2026,Q4,November,DEP-009,CC-105,CAT-003,50281.22,Capital,REG-02
BUD-202611-DEP-009-CC-111-CAT-004,2026,Q4,November,DEP-009,CC-111,CAT-004,61740.36,Operating,REG-05
BUD-202611-DEP-009-CC-113-CAT-010,2026,Q4,November,DEP-009,CC-113,CAT-010,40792.83,Operating,REG-02
BUD-202611-DEP-009-CC-109-CAT-009,2026,Q4,November,DEP-009,CC-109,CAT-009,37797.18,Operating,REG-02
BUD-202611-DEP-009-CC-105-CAT-002,2026,Q4,November,DEP-009,CC-105,CAT-002,34445.99,Capital,REG-02
BUD-202611-DEP-009-CC-114-CAT-001,2026,Q4,November,DEP-009,CC-114,CAT-001,53499.96,Operating,REG-05
BUD-202611-DEP-009-CC-120-CAT-001,2026,Q4,November,DEP-009,CC-120,CAT-001,58536.85,Operating,REG-02
BUD-202611-DEP-009-CC-112-CAT-005,2026,Q4,November,DEP-009,CC-112,CAT-005,38111.81,Operating,REG-03
BUD-202611-DEP-009-CC-118-CAT-004,2026,Q4,November,DEP-009,CC-118,CAT-004,68971.21,Operating,REG-01
BUD-202611-DEP-009-CC-108-CAT-001,2026,Q4,November,DEP-009,CC-108,CAT-001,60437.89,Project,REG-06
BUD-202611-DEP-009-CC-105-CAT-012,2026,Q4,November,DEP-009,CC-105,CAT-012,39648.38,Operating,REG-01
BUD-202611-DEP-009-CC-104-CAT-015,2026,Q4,November,DEP-009,CC-104,CAT-015,47881.39,Operating,REG-06
BUD-202611-DEP-009-CC-111-CAT-010,2026,Q4,November,DEP-009,CC-111,CAT-010,34937.95,Capital,REG-03
BUD-202611-DEP-009-CC-111-CAT-012,2026,Q4,November,DEP-009,CC-111,CAT-012,33026.32,Capital,REG-04
BUD-202611-DEP-009-CC-101-CAT-006,2026,Q4,November,DEP-009,CC-101,CAT-006,50869.47,Capital,REG-08
BUD-202611-DEP-009-CC-101-CAT-015,2026,Q4,November,DEP-009,CC-101,CAT-015,49404.29,Operating,REG-05
BUD-202611-DEP-009-CC-115-CAT-009,2026,Q4,November,DEP-009,CC-115,CAT-009,46146.05,Operating,REG-05
BUD-202611-DEP-009-CC-106-CAT-007,2026,Q4,November,DEP-009,CC-106,CAT-007,30419.21,Capital,REG-06
BUD-202611-DEP-009-CC-112-CAT-014,2026,Q4,November,DEP-009,CC-112,CAT-014,42224.13,Departmental,REG-05
BUD-202611-DEP-009-CC-108-CAT-007,2026,Q4,November,DEP-009,CC-108,CAT-007,26847.96,Operating,REG-04
BUD-202611-DEP-009-CC-117-CAT-006,2026,Q4,November,DEP-009,CC-117,CAT-006,50891.4,Project,REG-08
BUD-202611-DEP-009-CC-117-CAT-007,2026,Q4,November,DEP-009,CC-117,CAT-007,27496.0,Capital,REG-05
BUD-202611-DEP-009-CC-108-CAT-006,2026,Q4,November,DEP-009,CC-108,CAT-006,52565.05,Operating,REG-03
BUD-202611-DEP-009-CC-110-CAT-014,2026,Q4,November,DEP-009,CC-110,CAT-014,40289.44,Operating,REG-06
BUD-202611-DEP-009-CC-111-CAT-006,2026,Q4,November,DEP-009,CC-111,CAT-006,53303.32,Operating,REG-05
BUD-202611-DEP-009-CC-101-CAT-009,2026,Q4,November,DEP-009,CC-101,CAT-009,41413.24,Operating,REG-04
BUD-202611-DEP-009-CC-106-CAT-003,2026,Q4,November,DEP-009,CC-106,CAT-003,41741.62,Operating,REG-04
BUD-202611-DEP-009-CC-104-CAT-012,2026,Q4,November,DEP-009,CC-104,CAT-012,34099.93,Operating,REG-04
BUD-202611-DEP-009-CC-113-CAT-005,2026,Q4,November,DEP-009,CC-113,CAT-005,41950.05,Capital,REG-07
BUD-202611-DEP-009-CC-114-CAT-006,2026,Q4,November,DEP-009,CC-114,CAT-006,50754.28,Operating,REG-01
BUD-202611-DEP-010-CC-111-CAT-007,2026,Q4,November,DEP-010,CC-111,CAT-007,17640.04,Departmental,REG-06
BUD-202611-DEP-010-CC-109-CAT-014,2026,Q4,November,DEP-010,CC-109,CAT-014,31567.38,Operating,REG-03
BUD-202611-DEP-010-CC-110-CAT-001,2026,Q4,November,DEP-010,CC-110,CAT-001,34679.33,Operating,REG-07
BUD-202611-DEP-010-CC-115-CAT-011,2026,Q4,November,DEP-010,CC-115,CAT-011,34795.43,Capital,REG-05
BUD-202611-DEP-010-CC-120-CAT-008,2026,Q4,November,DEP-010,CC-120,CAT-008,37428.1,Operating,REG-03
BUD-202611-DEP-010-CC-102-CAT-009,2026,Q4,November,DEP-010,CC-102,CAT-009,27970.58,Operating,REG-05
BUD-202611-DEP-010-CC-104-CAT-005,2026,Q4,November,DEP-010,CC-104,CAT-005,24866.09,Operating,REG-02
BUD-202611-DEP-010-CC-116-CAT-001,2026,Q4,November,DEP-010,CC-116,CAT-001,34675.0,Departmental,REG-07
BUD-202611-DEP-010-CC-120-CAT-006,2026,Q4,November,DEP-010,CC-120,CAT-006,30455.13,Departmental,REG-02
BUD-202611-DEP-010-CC-105-CAT-006,2026,Q4,November,DEP-010,CC-105,CAT-006,37753.93,Operating,REG-01
BUD-202611-DEP-010-CC-103-CAT-010,2026,Q4,November,DEP-010,CC-103,CAT-010,26133.72,Operating,REG-05
BUD-202611-DEP-010-CC-119-CAT-014,2026,Q4,November,DEP-010,CC-119,CAT-014,26684.64,Operating,REG-07
BUD-202611-DEP-010-CC-108-CAT-001,2026,Q4,November,DEP-010,CC-108,CAT-001,34261.07,Capital,REG-02
BUD-202611-DEP-010-CC-108-CAT-013,2026,Q4,November,DEP-010,CC-108,CAT-013,38166.23,Operating,REG-02
BUD-202611-DEP-010-CC-115-CAT-009,2026,Q4,November,DEP-010,CC-115,CAT-009,30196.21,Capital,REG-02
BUD-202611-DEP-010-CC-103-CAT-004,2026,Q4,November,DEP-010,CC-103,CAT-004,39077.78,Capital,REG-01
BUD-202611-DEP-010-CC-114-CAT-004,2026,Q4,November,DEP-010,CC-114,CAT-004,45443.79,Capital,REG-02
BUD-202611-DEP-010-CC-106-CAT-010,2026,Q4,November,DEP-010,CC-106,CAT-010,22978.76,Capital,REG-02
BUD-202611-DEP-010-CC-103-CAT-011,2026,Q4,November,DEP-010,CC-103,CAT-011,36198.69,Project,REG-05
BUD-202611-DEP-010-CC-114-CAT-009,2026,Q4,November,DEP-010,CC-114,CAT-009,24173.7,Operating,REG-08
BUD-202611-DEP-010-CC-113-CAT-012,2026,Q4,November,DEP-010,CC-113,CAT-012,24715.94,Operating,REG-04
BUD-202611-DEP-010-CC-110-CAT-011,2026,Q4,November,DEP-010,CC-110,CAT-011,32764.36,Operating,REG-06
BUD-202611-DEP-010-CC-109-CAT-014,2026,Q4,November,DEP-010,CC-109,CAT-014,30801.42,Operating,REG-06
BUD-202611-DEP-010-CC-110-CAT-009,2026,Q4,November,DEP-010,CC-110,CAT-009,26927.68,Operating,REG-01
BUD-202611-DEP-010-CC-115-CAT-002,2026,Q4,November,DEP-010,CC-115,CAT-002,20223.66,Capital,REG-05
BUD-202611-DEP-010-CC-105-CAT-011,2026,Q4,November,DEP-010,CC-105,CAT-011,35868.48,Operating,REG-06
BUD-202611-DEP-010-CC-120-CAT-006,2026,Q4,November,DEP-010,CC-120,CAT-006,36594.11,Project,REG-03
BUD-202611-DEP-010-CC-113-CAT-015,2026,Q4,November,DEP-010,CC-113,CAT-015,32469.88,Departmental,REG-07
BUD-202611-DEP-010-CC-119-CAT-015,2026,Q4,November,DEP-010,CC-119,CAT-015,30984.57,Operating,REG-06
BUD-202611-DEP-010-CC-104-CAT-002,2026,Q4,November,DEP-010,CC-104,CAT-002,20452.7,Project,REG-06
BUD-202611-DEP-010-CC-116-CAT-004,2026,Q4,November,DEP-010,CC-116,CAT-004,47886.2,Capital,REG-06
BUD-202611-DEP-010-CC-111-CAT-012,2026,Q4,November,DEP-010,CC-111,CAT-012,25484.47,Operating,REG-02
BUD-202611-DEP-010-CC-103-CAT-009,2026,Q4,November,DEP-010,CC-103,CAT-009,29828.42,Operating,REG-07
BUD-202611-DEP-010-CC-114-CAT-006,2026,Q4,November,DEP-010,CC-114,CAT-006,31750.89,Operating,REG-03
BUD-202611-DEP-010-CC-104-CAT-010,2026,Q4,November,DEP-010,CC-104,CAT-010,23827.85,Operating,REG-08
BUD-202611-DEP-010-CC-104-CAT-009,2026,Q4,November,DEP-010,CC-104,CAT-009,25456.22,Operating,REG-02
BUD-202611-DEP-010-CC-105-CAT-014,2026,Q4,November,DEP-010,CC-105,CAT-014,27433.01,Operating,REG-06
BUD-202611-DEP-010-CC-116-CAT-010,2026,Q4,November,DEP-010,CC-116,CAT-010,23378.74,Operating,REG-07
BUD-202610-DEP-001-CC-106-CAT-006,2026,Q4,October,DEP-001,CC-106,CAT-006,38421.75,Operating,REG-06
BUD-202610-DEP-001-CC-113-CAT-006,2026,Q4,October,DEP-001,CC-113,CAT-006,38820.88,Operating,REG-07
BUD-202610-DEP-001-CC-102-CAT-005,2026,Q4,October,DEP-001,CC-102,CAT-005,29621.0,Operating,REG-08
BUD-202610-DEP-001-CC-103-CAT-014,2026,Q4,October,DEP-001,CC-103,CAT-014,32290.69,Operating,REG-07
BUD-202610-DEP-001-CC-117-CAT-009,2026,Q4,October,DEP-001,CC-117,CAT-009,28745.26,Project,REG-06
BUD-202610-DEP-001-CC-106-CAT-013,2026,Q4,October,DEP-001,CC-106,CAT-013,37677.57,Operating,REG-08
BUD-202610-DEP-001-CC-117-CAT-012,2026,Q4,October,DEP-001,CC-117,CAT-012,23215.64,Departmental,REG-08
BUD-202610-DEP-001-CC-112-CAT-004,2026,Q4,October,DEP-001,CC-112,CAT-004,48528.1,Project,REG-04
BUD-202610-DEP-001-CC-104-CAT-007,2026,Q4,October,DEP-001,CC-104,CAT-007,24047.01,Capital,REG-06
BUD-202610-DEP-001-CC-102-CAT-004,2026,Q4,October,DEP-001,CC-102,CAT-004,53462.64,Operating,REG-02
BUD-202610-DEP-001-CC-113-CAT-001,2026,Q4,October,DEP-001,CC-113,CAT-001,37753.41,Capital,REG-01
BUD-202610-DEP-001-CC-113-CAT-004,2026,Q4,October,DEP-001,CC-113,CAT-004,45112.06,Operating,REG-01
BUD-202610-DEP-001-CC-118-CAT-013,2026,Q4,October,DEP-001,CC-118,CAT-013,39171.24,Operating,REG-04
BUD-202610-DEP-001-CC-101-CAT-010,2026,Q4,October,DEP-001,CC-101,CAT-010,25224.5,Operating,REG-07
BUD-202610-DEP-001-CC-103-CAT-011,2026,Q4,October,DEP-001,CC-103,CAT-011,38812.46,Operating,REG-01
BUD-202610-DEP-001-CC-112-CAT-001,2026,Q4,October,DEP-001,CC-112,CAT-001,38291.58,Project,REG-01
BUD-202610-DEP-001-CC-112-CAT-007,2026,Q4,October,DEP-001,CC-112,CAT-007,20201.58,Capital,REG-06
BUD-202610-DEP-001-CC-112-CAT-007,2026,Q4,October,DEP-001,CC-112,CAT-007,22493.3,Project,REG-07
BUD-202610-DEP-001-CC-105-CAT-013,2026,Q4,October,DEP-001,CC-105,CAT-013,42653.13,Operating,REG-06
BUD-202610-DEP-001-CC-117-CAT-003,2026,Q4,October,DEP-001,CC-117,CAT-003,30855.84,Operating,REG-02
BUD-202610-DEP-001-CC-102-CAT-007,2026,Q4,October,DEP-001,CC-102,CAT-007,24190.74,Capital,REG-07
BUD-202610-DEP-001-CC-103-CAT-004,2026,Q4,October,DEP-001,CC-103,CAT-004,50116.27,Operating,REG-07
BUD-202610-DEP-001-CC-115-CAT-003,2026,Q4,October,DEP-001,CC-115,CAT-003,37380.87,Operating,REG-05
BUD-202610-DEP-001-CC-110-CAT-012,2026,Q4,October,DEP-001,CC-110,CAT-012,23276.24,Capital,REG-08
BUD-202610-DEP-001-CC-120-CAT-004,2026,Q4,October,DEP-001,CC-120,CAT-004,49016.06,Project,REG-02
BUD-202610-DEP-001-CC-109-CAT-011,2026,Q4,October,DEP-001,CC-109,CAT-011,33411.23,Departmental,REG-01
BUD-202610-DEP-001-CC-102-CAT-004,2026,Q4,October,DEP-001,CC-102,CAT-004,49628.08,Project,REG-07
BUD-202610-DEP-001-CC-101-CAT-009,2026,Q4,October,DEP-001,CC-101,CAT-009,28109.13,Capital,REG-07
BUD-202610-DEP-001-CC-117-CAT-002,2026,Q4,October,DEP-001,CC-117,CAT-002,23113.48,Project,REG-04
BUD-202610-DEP-001-CC-112-CAT-007,2026,Q4,October,DEP-001,CC-112,CAT-007,23953.51,Operating,REG-07
BUD-202610-DEP-001-CC-116-CAT-005,2026,Q4,October,DEP-001,CC-116,CAT-005,28093.11,Departmental,REG-05
BUD-202610-DEP-001-CC-112-CAT-013,2026,Q4,October,DEP-001,CC-112,CAT-013,41724.25,Operating,REG-05
BUD-202610-DEP-001-CC-117-CAT-013,2026,Q4,October,DEP-001,CC-117,CAT-013,39634.95,Project,REG-04
BUD-202610-DEP-001-CC-111-CAT-005,2026,Q4,October,DEP-001,CC-111,CAT-005,29778.72,Operating,REG-01
BUD-202610-DEP-001-CC-108-CAT-015,2026,Q4,October,DEP-001,CC-108,CAT-015,35095.45,Operating,REG-08
BUD-202610-DEP-001-CC-115-CAT-007,2026,Q4,October,DEP-001,CC-115,CAT-007,19074.33,Operating,REG-02
BUD-202610-DEP-001-CC-109-CAT-009,2026,Q4,October,DEP-001,CC-109,CAT-009,31238.35,Departmental,REG-08
BUD-202610-DEP-001-CC-120-CAT-009,2026,Q4,October,DEP-001,CC-120,CAT-009,27362.63,Operating,REG-08
BUD-202610-DEP-001-CC-110-CAT-009,2026,Q4,October,DEP-001,CC-110,CAT-009,33418.28,Operating,REG-08
BUD-202610-DEP-001-CC-105-CAT-014,2026,Q4,October,DEP-001,CC-105,CAT-014,30195.98,Departmental,REG-05
BUD-202610-DEP-001-CC-106-CAT-002,2026,Q4,October,DEP-001,CC-106,CAT-002,23592.5,Operating,REG-04
BUD-202610-DEP-001-CC-107-CAT-007,2026,Q4,October,DEP-001,CC-107,CAT-007,19785.37,Operating,REG-05
BUD-202610-DEP-001-CC-109-CAT-009,2026,Q4,October,DEP-001,CC-109,CAT-009,27315.35,Operating,REG-06
BUD-202610-DEP-001-CC-104-CAT-006,2026,Q4,October,DEP-001,CC-104,CAT-006,41721.03,Operating,REG-08
BUD-202610-DEP-001-CC-114-CAT-002,2026,Q4,October,DEP-001,CC-114,CAT-002,25630.86,Capital,REG-05
BUD-202610-DEP-001-CC-106-CAT-009,2026,Q4,October,DEP-001,CC-106,CAT-009,31265.49,Capital,REG-01
BUD-202610-DEP-002-CC-110-CAT-011,2026,Q4,October,DEP-002,CC-110,CAT-011,28624.59,Operating,REG-07
BUD-202610-DEP-002-CC-107-CAT-014,2026,Q4,October,DEP-002,CC-107,CAT-014,24806.73,Operating,REG-08
BUD-202610-DEP-002-CC-120-CAT-010,2026,Q4,October,DEP-002,CC-120,CAT-010,20041.8,Operating,REG-06
BUD-202610-DEP-002-CC-107-CAT-010,2026,Q4,October,DEP-002,CC-107,CAT-010,18623.25,Operating,REG-07
BUD-202610-DEP-002-CC-116-CAT-006,2026,Q4,October,DEP-002,CC-116,CAT-006,30161.18,Operating,REG-04
BUD-202610-DEP-002-CC-117-CAT-014,2026,Q4,October,DEP-002,CC-117,CAT-014,23402.69,Project,REG-03
BUD-202610-DEP-002-CC-114-CAT-005,2026,Q4,October,DEP-002,CC-114,CAT-005,21952.39,Operating,REG-05
BUD-202610-DEP-002-CC-105-CAT-002,2026,Q4,October,DEP-002,CC-105,CAT-002,19130.97,Operating,REG-07
BUD-202610-DEP-002-CC-107-CAT-014,2026,Q4,October,DEP-002,CC-107,CAT-014,24297.89,Capital,REG-08
BUD-202610-DEP-002-CC-117-CAT-006,2026,Q4,October,DEP-002,CC-117,CAT-006,25908.6,Project,REG-08
BUD-202610-DEP-002-CC-111-CAT-003,2026,Q4,October,DEP-002,CC-111,CAT-003,26443.08,Operating,REG-07
BUD-202610-DEP-002-CC-117-CAT-009,2026,Q4,October,DEP-002,CC-117,CAT-009,23200.54,Project,REG-07
BUD-202610-DEP-002-CC-111-CAT-015,2026,Q4,October,DEP-002,CC-111,CAT-015,23371.83,Departmental,REG-03
BUD-202610-DEP-002-CC-113-CAT-006,2026,Q4,October,DEP-002,CC-113,CAT-006,26207.78,Departmental,REG-05
BUD-202610-DEP-002-CC-116-CAT-014,2026,Q4,October,DEP-002,CC-116,CAT-014,21639.01,Operating,REG-06
BUD-202610-DEP-002-CC-108-CAT-008,2026,Q4,October,DEP-002,CC-108,CAT-008,29655.46,Project,REG-04
BUD-202610-DEP-002-CC-105-CAT-013,2026,Q4,October,DEP-002,CC-105,CAT-013,25595.93,Operating,REG-03
BUD-202610-DEP-002-CC-104-CAT-005,2026,Q4,October,DEP-002,CC-104,CAT-005,23066.46,Capital,REG-03
BUD-202610-DEP-002-CC-105-CAT-006,2026,Q4,October,DEP-002,CC-105,CAT-006,28608.38,Capital,REG-03
BUD-202610-DEP-002-CC-119-CAT-003,2026,Q4,October,DEP-002,CC-119,CAT-003,25218.17,Operating,REG-02
BUD-202610-DEP-002-CC-105-CAT-014,2026,Q4,October,DEP-002,CC-105,CAT-014,24031.59,Project,REG-06
BUD-202610-DEP-002-CC-115-CAT-015,2026,Q4,October,DEP-002,CC-115,CAT-015,27841.79,Operating,REG-02
BUD-202610-DEP-002-CC-117-CAT-001,2026,Q4,October,DEP-002,CC-117,CAT-001,27449.33,Operating,REG-03
BUD-202610-DEP-002-CC-107-CAT-013,2026,Q4,October,DEP-002,CC-107,CAT-013,25795.7,Capital,REG-05
BUD-202610-DEP-002-CC-109-CAT-003,2026,Q4,October,DEP-002,CC-109,CAT-003,21496.92,Operating,REG-04
BUD-202610-DEP-002-CC-103-CAT-012,2026,Q4,October,DEP-002,CC-103,CAT-012,19512.84,Project,REG-08
BUD-202610-DEP-002-CC-105-CAT-001,2026,Q4,October,DEP-002,CC-105,CAT-001,29529.92,Operating,REG-01
BUD-202610-DEP-002-CC-117-CAT-004,2026,Q4,October,DEP-002,CC-117,CAT-004,36322.33,Operating,REG-04
BUD-202610-DEP-002-CC-112-CAT-008,2026,Q4,October,DEP-002,CC-112,CAT-008,35454.39,Operating,REG-08
BUD-202610-DEP-002-CC-114-CAT-011,2026,Q4,October,DEP-002,CC-114,CAT-011,25319.06,Operating,REG-06
BUD-202610-DEP-002-CC-120-CAT-007,2026,Q4,October,DEP-002,CC-120,CAT-007,16377.71,Operating,REG-03
BUD-202610-DEP-002-CC-107-CAT-008,2026,Q4,October,DEP-002,CC-107,CAT-008,30675.14,Operating,REG-03
BUD-202610-DEP-002-CC-117-CAT-003,2026,Q4,October,DEP-002,CC-117,CAT-003,23313.57,Operating,REG-04
BUD-202610-DEP-002-CC-107-CAT-012,2026,Q4,October,DEP-002,CC-107,CAT-012,16387.94,Capital,REG-04
BUD-202610-DEP-002-CC-117-CAT-007,2026,Q4,October,DEP-002,CC-117,CAT-007,14755.46,Operating,REG-01
BUD-202610-DEP-003-CC-117-CAT-014,2026,Q4,October,DEP-003,CC-117,CAT-014,42163.67,Operating,REG-04
BUD-202610-DEP-003-CC-114-CAT-003,2026,Q4,October,DEP-003,CC-114,CAT-003,37956.57,Operating,REG-06
BUD-202610-DEP-003-CC-115-CAT-012,2026,Q4,October,DEP-003,CC-115,CAT-012,29992.1,Project,REG-04
BUD-202610-DEP-003-CC-113-CAT-012,2026,Q4,October,DEP-003,CC-113,CAT-012,29533.5,Operating,REG-05
BUD-202610-DEP-003-CC-107-CAT-014,2026,Q4,October,DEP-003,CC-107,CAT-014,40781.63,Operating,REG-06
BUD-202610-DEP-003-CC-115-CAT-013,2026,Q4,October,DEP-003,CC-115,CAT-013,43988.57,Operating,REG-02
BUD-202610-DEP-003-CC-112-CAT-009,2026,Q4,October,DEP-003,CC-112,CAT-009,38425.56,Project,REG-06
BUD-202610-DEP-003-CC-120-CAT-013,2026,Q4,October,DEP-003,CC-120,CAT-013,47114.24,Departmental,REG-02
BUD-202610-DEP-003-CC-109-CAT-004,2026,Q4,October,DEP-003,CC-109,CAT-004,59490.17,Departmental,REG-07
BUD-202610-DEP-003-CC-102-CAT-002,2026,Q4,October,DEP-003,CC-102,CAT-002,26615.26,Operating,REG-01
BUD-202610-DEP-003-CC-107-CAT-010,2026,Q4,October,DEP-003,CC-107,CAT-010,33024.43,Operating,REG-06
BUD-202610-DEP-003-CC-112-CAT-014,2026,Q4,October,DEP-003,CC-112,CAT-014,41025.23,Departmental,REG-01
BUD-202610-DEP-003-CC-120-CAT-003,2026,Q4,October,DEP-003,CC-120,CAT-003,36076.59,Operating,REG-01
BUD-202610-DEP-003-CC-110-CAT-002,2026,Q4,October,DEP-003,CC-110,CAT-002,28672.8,Operating,REG-01
BUD-202610-DEP-003-CC-114-CAT-010,2026,Q4,October,DEP-003,CC-114,CAT-010,28647.54,Operating,REG-08
BUD-202610-DEP-003-CC-120-CAT-001,2026,Q4,October,DEP-003,CC-120,CAT-001,46529.54,Operating,REG-01
BUD-202610-DEP-003-CC-116-CAT-002,2026,Q4,October,DEP-003,CC-116,CAT-002,28717.02,Operating,REG-07
BUD-202610-DEP-003-CC-116-CAT-012,2026,Q4,October,DEP-003,CC-116,CAT-012,31477.77,Operating,REG-03
BUD-202610-DEP-003-CC-115-CAT-010,2026,Q4,October,DEP-003,CC-115,CAT-010,34277.36,Capital,REG-07
BUD-202610-DEP-003-CC-116-CAT-009,2026,Q4,October,DEP-003,CC-116,CAT-009,36090.51,Operating,REG-04
BUD-202610-DEP-003-CC-101-CAT-015,2026,Q4,October,DEP-003,CC-101,CAT-015,37248.82,Capital,REG-06
BUD-202610-DEP-003-CC-105-CAT-003,2026,Q4,October,DEP-003,CC-105,CAT-003,39830.86,Operating,REG-01
BUD-202610-DEP-003-CC-105-CAT-008,2026,Q4,October,DEP-003,CC-105,CAT-008,54576.15,Departmental,REG-06
BUD-202610-DEP-003-CC-109-CAT-009,2026,Q4,October,DEP-003,CC-109,CAT-009,34509.65,Operating,REG-02
BUD-202610-DEP-003-CC-103-CAT-008,2026,Q4,October,DEP-003,CC-103,CAT-008,54345.42,Operating,REG-06
BUD-202610-DEP-003-CC-111-CAT-005,2026,Q4,October,DEP-003,CC-111,CAT-005,37104.85,Operating,REG-02
BUD-202610-DEP-003-CC-104-CAT-009,2026,Q4,October,DEP-003,CC-104,CAT-009,34340.89,Operating,REG-08
BUD-202610-DEP-003-CC-119-CAT-004,2026,Q4,October,DEP-003,CC-119,CAT-004,62580.09,Operating,REG-01
BUD-202610-DEP-003-CC-102-CAT-006,2026,Q4,October,DEP-003,CC-102,CAT-006,48851.9,Operating,REG-08
BUD-202610-DEP-003-CC-116-CAT-004,2026,Q4,October,DEP-003,CC-116,CAT-004,61306.42,Departmental,REG-02
BUD-202610-DEP-003-CC-111-CAT-014,2026,Q4,October,DEP-003,CC-111,CAT-014,39169.42,Capital,REG-05
BUD-202610-DEP-003-CC-106-CAT-008,2026,Q4,October,DEP-003,CC-106,CAT-008,57463.63,Capital,REG-08
BUD-202610-DEP-003-CC-118-CAT-004,2026,Q4,October,DEP-003,CC-118,CAT-004,54855.0,Operating,REG-07
BUD-202610-DEP-003-CC-105-CAT-009,2026,Q4,October,DEP-003,CC-105,CAT-009,38723.76,Departmental,REG-05
BUD-202610-DEP-003-CC-107-CAT-005,2026,Q4,October,DEP-003,CC-107,CAT-005,32376.37,Capital,REG-06
BUD-202610-DEP-003-CC-105-CAT-007,2026,Q4,October,DEP-003,CC-105,CAT-007,24574.6,Project,REG-06
BUD-202610-DEP-003-CC-108-CAT-001,2026,Q4,October,DEP-003,CC-108,CAT-001,44455.4,Capital,REG-08
BUD-202610-DEP-003-CC-108-CAT-013,2026,Q4,October,DEP-003,CC-108,CAT-013,48335.82,Operating,REG-08
BUD-202610-DEP-003-CC-116-CAT-001,2026,Q4,October,DEP-003,CC-116,CAT-001,43779.25,Operating,REG-07
BUD-202610-DEP-003-CC-107-CAT-011,2026,Q4,October,DEP-003,CC-107,CAT-011,40892.99,Departmental,REG-05
BUD-202610-DEP-003-CC-115-CAT-001,2026,Q4,October,DEP-003,CC-115,CAT-001,43287.61,Operating,REG-07
BUD-202610-DEP-003-CC-112-CAT-001,2026,Q4,October,DEP-003,CC-112,CAT-001,54343.89,Capital,REG-08
BUD-202610-DEP-003-CC-119-CAT-014,2026,Q4,October,DEP-003,CC-119,CAT-014,40056.6,Operating,REG-05
BUD-202610-DEP-003-CC-111-CAT-009,2026,Q4,October,DEP-003,CC-111,CAT-009,36405.23,Operating,REG-02
BUD-202610-DEP-004-CC-116-CAT-011,2026,Q4,October,DEP-004,CC-116,CAT-011,31224.58,Capital,REG-02
BUD-202610-DEP-004-CC-105-CAT-013,2026,Q4,October,DEP-004,CC-105,CAT-013,30898.5,Capital,REG-03
BUD-202610-DEP-004-CC-111-CAT-005,2026,Q4,October,DEP-004,CC-111,CAT-005,24606.11,Operating,REG-05
BUD-202610-DEP-004-CC-119-CAT-005,2026,Q4,October,DEP-004,CC-119,CAT-005,20807.94,Project,REG-04
BUD-202610-DEP-004-CC-106-CAT-010,2026,Q4,October,DEP-004,CC-106,CAT-010,23331.87,Capital,REG-05
BUD-202610-DEP-004-CC-108-CAT-014,2026,Q4,October,DEP-004,CC-108,CAT-014,27276.12,Capital,REG-04
BUD-202610-DEP-004-CC-102-CAT-009,2026,Q4,October,DEP-004,CC-102,CAT-009,25094.28,Operating,REG-05
BUD-202610-DEP-004-CC-108-CAT-009,2026,Q4,October,DEP-004,CC-108,CAT-009,22902.02,Project,REG-01
BUD-202610-DEP-004-CC-104-CAT-011,2026,Q4,October,DEP-004,CC-104,CAT-011,28180.71,Departmental,REG-07
BUD-202610-DEP-004-CC-116-CAT-003,2026,Q4,October,DEP-004,CC-116,CAT-003,29925.53,Operating,REG-05
BUD-202610-DEP-004-CC-104-CAT-010,2026,Q4,October,DEP-004,CC-104,CAT-010,19787.36,Operating,REG-06
BUD-202610-DEP-004-CC-120-CAT-007,2026,Q4,October,DEP-004,CC-120,CAT-007,15187.47,Capital,REG-01
BUD-202610-DEP-004-CC-117-CAT-012,2026,Q4,October,DEP-004,CC-117,CAT-012,20137.53,Operating,REG-03
BUD-202610-DEP-004-CC-114-CAT-011,2026,Q4,October,DEP-004,CC-114,CAT-011,28999.16,Operating,REG-02
BUD-202610-DEP-004-CC-112-CAT-004,2026,Q4,October,DEP-004,CC-112,CAT-004,40054.89,Departmental,REG-02
BUD-202610-DEP-004-CC-104-CAT-005,2026,Q4,October,DEP-004,CC-104,CAT-005,22059.08,Operating,REG-01
BUD-202610-DEP-004-CC-111-CAT-005,2026,Q4,October,DEP-004,CC-111,CAT-005,21399.1,Operating,REG-02
BUD-202610-DEP-004-CC-115-CAT-010,2026,Q4,October,DEP-004,CC-115,CAT-010,24157.31,Operating,REG-04
BUD-202610-DEP-004-CC-105-CAT-014,2026,Q4,October,DEP-004,CC-105,CAT-014,28111.02,Operating,REG-08
BUD-202610-DEP-004-CC-114-CAT-012,2026,Q4,October,DEP-004,CC-114,CAT-012,20999.58,Operating,REG-06
BUD-202610-DEP-004-CC-119-CAT-014,2026,Q4,October,DEP-004,CC-119,CAT-014,26791.05,Operating,REG-04
BUD-202610-DEP-004-CC-107-CAT-002,2026,Q4,October,DEP-004,CC-107,CAT-002,18805.63,Operating,REG-06
BUD-202610-DEP-004-CC-113-CAT-009,2026,Q4,October,DEP-004,CC-113,CAT-009,22768.78,Project,REG-03
BUD-202610-DEP-004-CC-117-CAT-014,2026,Q4,October,DEP-004,CC-117,CAT-014,22972.41,Operating,REG-06
BUD-202610-DEP-004-CC-115-CAT-014,2026,Q4,October,DEP-004,CC-115,CAT-014,23686.68,Capital,REG-07
BUD-202610-DEP-004-CC-107-CAT-007,2026,Q4,October,DEP-004,CC-107,CAT-007,15451.93,Operating,REG-07
BUD-202610-DEP-004-CC-107-CAT-012,2026,Q4,October,DEP-004,CC-107,CAT-012,22104.19,Project,REG-03
BUD-202610-DEP-004-CC-118-CAT-014,2026,Q4,October,DEP-004,CC-118,CAT-014,27177.53,Operating,REG-08
BUD-202610-DEP-004-CC-104-CAT-010,2026,Q4,October,DEP-004,CC-104,CAT-010,24582.1,Capital,REG-03
BUD-202610-DEP-004-CC-110-CAT-001,2026,Q4,October,DEP-004,CC-110,CAT-001,30247.84,Operating,REG-01
BUD-202610-DEP-004-CC-101-CAT-010,2026,Q4,October,DEP-004,CC-101,CAT-010,22992.03,Operating,REG-08
BUD-202610-DEP-004-CC-118-CAT-011,2026,Q4,October,DEP-004,CC-118,CAT-011,26253.21,Operating,REG-04
BUD-202610-DEP-004-CC-119-CAT-008,2026,Q4,October,DEP-004,CC-119,CAT-008,36436.85,Departmental,REG-02
BUD-202610-DEP-004-CC-115-CAT-001,2026,Q4,October,DEP-004,CC-115,CAT-001,34709.93,Departmental,REG-01
BUD-202610-DEP-004-CC-103-CAT-007,2026,Q4,October,DEP-004,CC-103,CAT-007,15498.36,Capital,REG-05
BUD-202610-DEP-004-CC-108-CAT-010,2026,Q4,October,DEP-004,CC-108,CAT-010,22783.33,Operating,REG-03
BUD-202610-DEP-004-CC-103-CAT-008,2026,Q4,October,DEP-004,CC-103,CAT-008,32638.71,Departmental,REG-01
BUD-202610-DEP-004-CC-104-CAT-001,2026,Q4,October,DEP-004,CC-104,CAT-001,33220.7,Operating,REG-03
BUD-202610-DEP-004-CC-108-CAT-002,2026,Q4,October,DEP-004,CC-108,CAT-002,20924.74,Project,REG-03
BUD-202610-DEP-005-CC-118-CAT-007,2026,Q4,October,DEP-005,CC-118,CAT-007,19996.61,Operating,REG-07
BUD-202610-DEP-005-CC-113-CAT-001,2026,Q4,October,DEP-005,CC-113,CAT-001,39266.71,Operating,REG-03
BUD-202610-DEP-005-CC-103-CAT-001,2026,Q4,October,DEP-005,CC-103,CAT-001,35155.94,Capital,REG-05
BUD-202610-DEP-005-CC-108-CAT-007,2026,Q4,October,DEP-005,CC-108,CAT-007,19492.62,Capital,REG-04
BUD-202610-DEP-005-CC-117-CAT-009,2026,Q4,October,DEP-005,CC-117,CAT-009,28282.32,Operating,REG-03
BUD-202610-DEP-005-CC-102-CAT-006,2026,Q4,October,DEP-005,CC-102,CAT-006,38655.85,Operating,REG-04
BUD-202610-DEP-005-CC-112-CAT-001,2026,Q4,October,DEP-005,CC-112,CAT-001,38205.89,Operating,REG-05
BUD-202610-DEP-005-CC-112-CAT-007,2026,Q4,October,DEP-005,CC-112,CAT-007,22052.24,Operating,REG-08
BUD-202610-DEP-005-CC-106-CAT-007,2026,Q4,October,DEP-005,CC-106,CAT-007,18442.88,Capital,REG-02
BUD-202610-DEP-005-CC-106-CAT-015,2026,Q4,October,DEP-005,CC-106,CAT-015,29235.96,Operating,REG-03
BUD-202610-DEP-005-CC-107-CAT-008,2026,Q4,October,DEP-005,CC-107,CAT-008,42797.86,Operating,REG-07
BUD-202610-DEP-005-CC-116-CAT-011,2026,Q4,October,DEP-005,CC-116,CAT-011,30473.42,Operating,REG-07
BUD-202610-DEP-005-CC-107-CAT-006,2026,Q4,October,DEP-005,CC-107,CAT-006,33881.29,Capital,REG-06
BUD-202610-DEP-005-CC-104-CAT-008,2026,Q4,October,DEP-005,CC-104,CAT-008,44246.46,Project,REG-03
BUD-202610-DEP-005-CC-119-CAT-013,2026,Q4,October,DEP-005,CC-119,CAT-013,38192.5,Departmental,REG-08
BUD-202610-DEP-005-CC-120-CAT-011,2026,Q4,October,DEP-005,CC-120,CAT-011,34151.44,Operating,REG-05
BUD-202610-DEP-005-CC-112-CAT-012,2026,Q4,October,DEP-005,CC-112,CAT-012,25461.9,Project,REG-03
BUD-202610-DEP-005-CC-105-CAT-001,2026,Q4,October,DEP-005,CC-105,CAT-001,35979.43,Operating,REG-08
BUD-202610-DEP-005-CC-105-CAT-014,2026,Q4,October,DEP-005,CC-105,CAT-014,29509.01,Project,REG-08
BUD-202610-DEP-005-CC-113-CAT-004,2026,Q4,October,DEP-005,CC-113,CAT-004,45977.45,Project,REG-02
BUD-202610-DEP-005-CC-111-CAT-006,2026,Q4,October,DEP-005,CC-111,CAT-006,32563.59,Operating,REG-01
BUD-202610-DEP-005-CC-112-CAT-013,2026,Q4,October,DEP-005,CC-112,CAT-013,35540.83,Departmental,REG-02
BUD-202610-DEP-005-CC-103-CAT-011,2026,Q4,October,DEP-005,CC-103,CAT-011,36322.18,Operating,REG-06
BUD-202610-DEP-005-CC-117-CAT-001,2026,Q4,October,DEP-005,CC-117,CAT-001,39150.54,Departmental,REG-04
BUD-202610-DEP-005-CC-105-CAT-001,2026,Q4,October,DEP-005,CC-105,CAT-001,40125.86,Operating,REG-03
BUD-202610-DEP-005-CC-104-CAT-002,2026,Q4,October,DEP-005,CC-104,CAT-002,22167.14,Operating,REG-08
BUD-202610-DEP-005-CC-114-CAT-001,2026,Q4,October,DEP-005,CC-114,CAT-001,38629.29,Operating,REG-04
BUD-202610-DEP-005-CC-114-CAT-008,2026,Q4,October,DEP-005,CC-114,CAT-008,38655.0,Operating,REG-03
BUD-202610-DEP-005-CC-118-CAT-003,2026,Q4,October,DEP-005,CC-118,CAT-003,33702.34,Operating,REG-03
BUD-202610-DEP-005-CC-106-CAT-012,2026,Q4,October,DEP-005,CC-106,CAT-012,25799.96,Departmental,REG-01
BUD-202610-DEP-005-CC-106-CAT-007,2026,Q4,October,DEP-005,CC-106,CAT-007,18279.97,Operating,REG-08
BUD-202610-DEP-005-CC-120-CAT-004,2026,Q4,October,DEP-005,CC-120,CAT-004,39883.91,Capital,REG-06
BUD-202610-DEP-005-CC-111-CAT-005,2026,Q4,October,DEP-005,CC-111,CAT-005,29396.3,Departmental,REG-06
BUD-202610-DEP-005-CC-111-CAT-013,2026,Q4,October,DEP-005,CC-111,CAT-013,38738.37,Departmental,REG-02
BUD-202610-DEP-005-CC-113-CAT-013,2026,Q4,October,DEP-005,CC-113,CAT-013,38638.04,Departmental,REG-08
BUD-202610-DEP-005-CC-113-CAT-010,2026,Q4,October,DEP-005,CC-113,CAT-010,26463.21,Operating,REG-01
BUD-202610-DEP-005-CC-117-CAT-012,2026,Q4,October,DEP-005,CC-117,CAT-012,23979.01,Operating,REG-05
BUD-202610-DEP-005-CC-109-CAT-004,2026,Q4,October,DEP-005,CC-109,CAT-004,46465.19,Operating,REG-03
BUD-202610-DEP-005-CC-111-CAT-009,2026,Q4,October,DEP-005,CC-111,CAT-009,26004.91,Operating,REG-04
BUD-202610-DEP-005-CC-101-CAT-005,2026,Q4,October,DEP-005,CC-101,CAT-005,29334.02,Operating,REG-03
BUD-202610-DEP-005-CC-112-CAT-010,2026,Q4,October,DEP-005,CC-112,CAT-010,26368.34,Operating,REG-04
BUD-202610-DEP-005-CC-117-CAT-012,2026,Q4,October,DEP-005,CC-117,CAT-012,23381.7,Project,REG-03
BUD-202610-DEP-005-CC-104-CAT-010,2026,Q4,October,DEP-005,CC-104,CAT-010,22935.23,Operating,REG-04
BUD-202610-DEP-005-CC-107-CAT-015,2026,Q4,October,DEP-005,CC-107,CAT-015,31749.01,Operating,REG-07
BUD-202610-DEP-005-CC-119-CAT-015,2026,Q4,October,DEP-005,CC-119,CAT-015,33876.92,Operating,REG-04
BUD-202610-DEP-005-CC-102-CAT-008,2026,Q4,October,DEP-005,CC-102,CAT-008,38266.1,Operating,REG-08
BUD-202610-DEP-006-CC-113-CAT-003,2026,Q4,October,DEP-006,CC-113,CAT-003,22865.51,Departmental,REG-04
BUD-202610-DEP-006-CC-106-CAT-004,2026,Q4,October,DEP-006,CC-106,CAT-004,33805.32,Project,REG-05
BUD-202610-DEP-006-CC-103-CAT-009,2026,Q4,October,DEP-006,CC-103,CAT-009,18318.15,Project,REG-07
BUD-202610-DEP-006-CC-116-CAT-009,2026,Q4,October,DEP-006,CC-116,CAT-009,19373.88,Capital,REG-04
BUD-202610-DEP-006-CC-110-CAT-001,2026,Q4,October,DEP-006,CC-110,CAT-001,26952.71,Project,REG-06
BUD-202610-DEP-006-CC-119-CAT-002,2026,Q4,October,DEP-006,CC-119,CAT-002,13776.57,Operating,REG-08
BUD-202610-DEP-006-CC-119-CAT-013,2026,Q4,October,DEP-006,CC-119,CAT-013,25170.75,Departmental,REG-06
BUD-202610-DEP-006-CC-120-CAT-005,2026,Q4,October,DEP-006,CC-120,CAT-005,18017.39,Capital,REG-02
BUD-202610-DEP-006-CC-110-CAT-012,2026,Q4,October,DEP-006,CC-110,CAT-012,17603.97,Operating,REG-05
BUD-202610-DEP-006-CC-104-CAT-006,2026,Q4,October,DEP-006,CC-104,CAT-006,23521.37,Operating,REG-03
BUD-202610-DEP-006-CC-110-CAT-006,2026,Q4,October,DEP-006,CC-110,CAT-006,24343.48,Operating,REG-07
BUD-202610-DEP-006-CC-112-CAT-003,2026,Q4,October,DEP-006,CC-112,CAT-003,19614.59,Departmental,REG-01
BUD-202610-DEP-006-CC-105-CAT-010,2026,Q4,October,DEP-006,CC-105,CAT-010,18145.06,Capital,REG-03
BUD-202610-DEP-006-CC-118-CAT-008,2026,Q4,October,DEP-006,CC-118,CAT-008,27369.03,Departmental,REG-07
BUD-202610-DEP-006-CC-106-CAT-007,2026,Q4,October,DEP-006,CC-106,CAT-007,13329.11,Operating,REG-04
BUD-202610-DEP-006-CC-112-CAT-006,2026,Q4,October,DEP-006,CC-112,CAT-006,23139.16,Operating,REG-05
BUD-202610-DEP-006-CC-103-CAT-004,2026,Q4,October,DEP-006,CC-103,CAT-004,27468.65,Operating,REG-03
BUD-202610-DEP-006-CC-120-CAT-002,2026,Q4,October,DEP-006,CC-120,CAT-002,15373.78,Operating,REG-03
BUD-202610-DEP-006-CC-106-CAT-005,2026,Q4,October,DEP-006,CC-106,CAT-005,16529.74,Project,REG-07
BUD-202610-DEP-006-CC-116-CAT-010,2026,Q4,October,DEP-006,CC-116,CAT-010,19465.22,Capital,REG-02
BUD-202610-DEP-006-CC-112-CAT-007,2026,Q4,October,DEP-006,CC-112,CAT-007,14163.78,Project,REG-01
BUD-202610-DEP-006-CC-117-CAT-004,2026,Q4,October,DEP-006,CC-117,CAT-004,33201.92,Operating,REG-01
BUD-202610-DEP-006-CC-102-CAT-011,2026,Q4,October,DEP-006,CC-102,CAT-011,24695.78,Project,REG-03
BUD-202610-DEP-006-CC-110-CAT-003,2026,Q4,October,DEP-006,CC-110,CAT-003,21569.04,Operating,REG-06
BUD-202610-DEP-006-CC-108-CAT-014,2026,Q4,October,DEP-006,CC-108,CAT-014,21915.54,Project,REG-04
BUD-202610-DEP-006-CC-120-CAT-013,2026,Q4,October,DEP-006,CC-120,CAT-013,27652.5,Operating,REG-05
BUD-202610-DEP-006-CC-106-CAT-014,2026,Q4,October,DEP-006,CC-106,CAT-014,21668.05,Operating,REG-03
BUD-202610-DEP-006-CC-115-CAT-010,2026,Q4,October,DEP-006,CC-115,CAT-010,17643.18,Departmental,REG-07
BUD-202610-DEP-006-CC-115-CAT-006,2026,Q4,October,DEP-006,CC-115,CAT-006,21281.22,Project,REG-02
BUD-202610-DEP-006-CC-105-CAT-001,2026,Q4,October,DEP-006,CC-105,CAT-001,28642.08,Operating,REG-07
BUD-202610-DEP-006-CC-117-CAT-001,2026,Q4,October,DEP-006,CC-117,CAT-001,26037.99,Operating,REG-01
BUD-202610-DEP-006-CC-118-CAT-011,2026,Q4,October,DEP-006,CC-118,CAT-011,24201.35,Operating,REG-05
BUD-202610-DEP-006-CC-118-CAT-011,2026,Q4,October,DEP-006,CC-118,CAT-011,22583.04,Operating,REG-03
BUD-202610-DEP-006-CC-119-CAT-013,2026,Q4,October,DEP-006,CC-119,CAT-013,28108.43,Operating,REG-07
BUD-202610-DEP-006-CC-117-CAT-015,2026,Q4,October,DEP-006,CC-117,CAT-015,22770.83,Operating,REG-08
BUD-202610-DEP-006-CC-112-CAT-010,2026,Q4,October,DEP-006,CC-112,CAT-010,15451.29,Capital,REG-08
BUD-202610-DEP-006-CC-113-CAT-003,2026,Q4,October,DEP-006,CC-113,CAT-003,23730.78,Operating,REG-04
BUD-202610-DEP-006-CC-108-CAT-002,2026,Q4,October,DEP-006,CC-108,CAT-002,14078.89,Departmental,REG-07
BUD-202610-DEP-006-CC-103-CAT-002,2026,Q4,October,DEP-006,CC-103,CAT-002,14096.72,Operating,REG-06
BUD-202610-DEP-006-CC-103-CAT-012,2026,Q4,October,DEP-006,CC-103,CAT-012,17870.61,Project,REG-05
BUD-202610-DEP-006-CC-112-CAT-005,2026,Q4,October,DEP-006,CC-112,CAT-005,18394.03,Project,REG-06
BUD-202610-DEP-006-CC-109-CAT-010,2026,Q4,October,DEP-006,CC-109,CAT-010,16367.46,Operating,REG-08
BUD-202610-DEP-006-CC-111-CAT-004,2026,Q4,October,DEP-006,CC-111,CAT-004,30990.12,Operating,REG-03
BUD-202610-DEP-006-CC-110-CAT-015,2026,Q4,October,DEP-006,CC-110,CAT-015,22878.55,Operating,REG-03
BUD-202610-DEP-007-CC-110-CAT-002,2026,Q4,October,DEP-007,CC-110,CAT-002,28737.61,Project,REG-08
BUD-202610-DEP-007-CC-104-CAT-007,2026,Q4,October,DEP-007,CC-104,CAT-007,23291.74,Operating,REG-03
BUD-202610-DEP-007-CC-115-CAT-003,2026,Q4,October,DEP-007,CC-115,CAT-003,38505.01,Operating,REG-06
BUD-202610-DEP-007-CC-109-CAT-010,2026,Q4,October,DEP-007,CC-109,CAT-010,29452.71,Capital,REG-06
BUD-202610-DEP-007-CC-111-CAT-015,2026,Q4,October,DEP-007,CC-111,CAT-015,37209.26,Departmental,REG-06
BUD-202610-DEP-007-CC-118-CAT-007,2026,Q4,October,DEP-007,CC-118,CAT-007,25381.94,Project,REG-07
BUD-202610-DEP-007-CC-112-CAT-015,2026,Q4,October,DEP-007,CC-112,CAT-015,34398.82,Capital,REG-04
BUD-202610-DEP-007-CC-119-CAT-015,2026,Q4,October,DEP-007,CC-119,CAT-015,40583.25,Operating,REG-07
BUD-202610-DEP-007-CC-119-CAT-002,2026,Q4,October,DEP-007,CC-119,CAT-002,26698.96,Project,REG-06
BUD-202610-DEP-007-CC-118-CAT-006,2026,Q4,October,DEP-007,CC-118,CAT-006,42247.72,Operating,REG-08
BUD-202610-DEP-007-CC-120-CAT-011,2026,Q4,October,DEP-007,CC-120,CAT-011,42792.12,Capital,REG-06
BUD-202610-DEP-007-CC-117-CAT-015,2026,Q4,October,DEP-007,CC-117,CAT-015,37072.82,Departmental,REG-06
BUD-202610-DEP-007-CC-110-CAT-007,2026,Q4,October,DEP-007,CC-110,CAT-007,25944.13,Project,REG-02
BUD-202610-DEP-007-CC-106-CAT-007,2026,Q4,October,DEP-007,CC-106,CAT-007,23709.49,Operating,REG-07
BUD-202610-DEP-007-CC-104-CAT-015,2026,Q4,October,DEP-007,CC-104,CAT-015,35096.87,Operating,REG-04
BUD-202610-DEP-007-CC-105-CAT-013,2026,Q4,October,DEP-007,CC-105,CAT-013,42749.47,Project,REG-02
BUD-202610-DEP-007-CC-119-CAT-011,2026,Q4,October,DEP-007,CC-119,CAT-011,42089.14,Departmental,REG-04
BUD-202610-DEP-007-CC-115-CAT-003,2026,Q4,October,DEP-007,CC-115,CAT-003,35038.61,Project,REG-08
BUD-202610-DEP-007-CC-101-CAT-013,2026,Q4,October,DEP-007,CC-101,CAT-013,39261.15,Capital,REG-05
BUD-202610-DEP-007-CC-117-CAT-015,2026,Q4,October,DEP-007,CC-117,CAT-015,40646.03,Project,REG-02
BUD-202610-DEP-007-CC-111-CAT-006,2026,Q4,October,DEP-007,CC-111,CAT-006,45298.05,Operating,REG-06
BUD-202610-DEP-007-CC-118-CAT-013,2026,Q4,October,DEP-007,CC-118,CAT-013,43362.21,Operating,REG-02
BUD-202610-DEP-007-CC-109-CAT-005,2026,Q4,October,DEP-007,CC-109,CAT-005,31498.41,Operating,REG-01
BUD-202610-DEP-007-CC-106-CAT-002,2026,Q4,October,DEP-007,CC-106,CAT-002,27812.28,Project,REG-06
BUD-202610-DEP-007-CC-118-CAT-015,2026,Q4,October,DEP-007,CC-118,CAT-015,33980.33,Departmental,REG-01
BUD-202610-DEP-007-CC-106-CAT-003,2026,Q4,October,DEP-007,CC-106,CAT-003,33728.97,Operating,REG-06
BUD-202610-DEP-007-CC-102-CAT-010,2026,Q4,October,DEP-007,CC-102,CAT-010,29802.34,Departmental,REG-01
BUD-202610-DEP-007-CC-102-CAT-008,2026,Q4,October,DEP-007,CC-102,CAT-008,46678.88,Departmental,REG-05
BUD-202610-DEP-007-CC-113-CAT-007,2026,Q4,October,DEP-007,CC-113,CAT-007,26210.72,Capital,REG-05
BUD-202610-DEP-007-CC-111-CAT-001,2026,Q4,October,DEP-007,CC-111,CAT-001,39929.74,Project,REG-03
BUD-202610-DEP-007-CC-106-CAT-013,2026,Q4,October,DEP-007,CC-106,CAT-013,42256.07,Operating,REG-04
BUD-202610-DEP-007-CC-104-CAT-003,2026,Q4,October,DEP-007,CC-104,CAT-003,32945.33,Operating,REG-01
BUD-202610-DEP-007-CC-120-CAT-012,2026,Q4,October,DEP-007,CC-120,CAT-012,25902.47,Departmental,REG-03
BUD-202610-DEP-007-CC-113-CAT-001,2026,Q4,October,DEP-007,CC-113,CAT-001,49739.75,Capital,REG-08
BUD-202610-DEP-007-CC-108-CAT-002,2026,Q4,October,DEP-007,CC-108,CAT-002,26106.68,Capital,REG-05
BUD-202610-DEP-007-CC-106-CAT-012,2026,Q4,October,DEP-007,CC-106,CAT-012,26070.4,Operating,REG-06
BUD-202610-DEP-007-CC-115-CAT-001,2026,Q4,October,DEP-007,CC-115,CAT-001,49999.77,Project,REG-04
BUD-202610-DEP-008-CC-103-CAT-015,2026,Q4,October,DEP-008,CC-103,CAT-015,29286.89,Operating,REG-03
BUD-202610-DEP-008-CC-114-CAT-006,2026,Q4,October,DEP-008,CC-114,CAT-006,32146.98,Departmental,REG-05
BUD-202610-DEP-008-CC-119-CAT-012,2026,Q4,October,DEP-008,CC-119,CAT-012,19303.84,Operating,REG-02
BUD-202610-DEP-008-CC-106-CAT-008,2026,Q4,October,DEP-008,CC-106,CAT-008,29824.48,Operating,REG-04
BUD-202610-DEP-008-CC-105-CAT-012,2026,Q4,October,DEP-008,CC-105,CAT-012,18459.5,Operating,REG-03
BUD-202610-DEP-008-CC-111-CAT-007,2026,Q4,October,DEP-008,CC-111,CAT-007,14462.95,Project,REG-02
BUD-202610-DEP-008-CC-106-CAT-011,2026,Q4,October,DEP-008,CC-106,CAT-011,30247.27,Operating,REG-03
BUD-202610-DEP-008-CC-116-CAT-005,2026,Q4,October,DEP-008,CC-116,CAT-005,20547.55,Operating,REG-03
BUD-202610-DEP-008-CC-120-CAT-001,2026,Q4,October,DEP-008,CC-120,CAT-001,34882.2,Operating,REG-02
BUD-202610-DEP-008-CC-105-CAT-009,2026,Q4,October,DEP-008,CC-105,CAT-009,21804.17,Departmental,REG-05
BUD-202610-DEP-008-CC-120-CAT-012,2026,Q4,October,DEP-008,CC-120,CAT-012,18875.36,Project,REG-08
BUD-202610-DEP-008-CC-118-CAT-005,2026,Q4,October,DEP-008,CC-118,CAT-005,24515.42,Operating,REG-02
BUD-202610-DEP-008-CC-117-CAT-006,2026,Q4,October,DEP-008,CC-117,CAT-006,26879.67,Project,REG-02
BUD-202610-DEP-008-CC-106-CAT-010,2026,Q4,October,DEP-008,CC-106,CAT-010,20613.55,Project,REG-01
BUD-202610-DEP-008-CC-114-CAT-013,2026,Q4,October,DEP-008,CC-114,CAT-013,29642.31,Operating,REG-07
BUD-202610-DEP-008-CC-103-CAT-014,2026,Q4,October,DEP-008,CC-103,CAT-014,25752.2,Operating,REG-08
BUD-202610-DEP-008-CC-109-CAT-011,2026,Q4,October,DEP-008,CC-109,CAT-011,30203.08,Project,REG-07
BUD-202610-DEP-008-CC-104-CAT-006,2026,Q4,October,DEP-008,CC-104,CAT-006,30902.34,Project,REG-03
BUD-202610-DEP-008-CC-101-CAT-002,2026,Q4,October,DEP-008,CC-101,CAT-002,17543.56,Operating,REG-07
BUD-202610-DEP-008-CC-113-CAT-003,2026,Q4,October,DEP-008,CC-113,CAT-003,26888.17,Capital,REG-02
BUD-202610-DEP-008-CC-101-CAT-009,2026,Q4,October,DEP-008,CC-101,CAT-009,23890.81,Project,REG-02
BUD-202610-DEP-008-CC-107-CAT-008,2026,Q4,October,DEP-008,CC-107,CAT-008,34824.49,Operating,REG-02
BUD-202610-DEP-008-CC-113-CAT-007,2026,Q4,October,DEP-008,CC-113,CAT-007,16990.32,Operating,REG-05
BUD-202610-DEP-008-CC-117-CAT-001,2026,Q4,October,DEP-008,CC-117,CAT-001,27716.01,Operating,REG-02
BUD-202610-DEP-008-CC-113-CAT-013,2026,Q4,October,DEP-008,CC-113,CAT-013,32403.81,Capital,REG-04
BUD-202610-DEP-008-CC-107-CAT-002,2026,Q4,October,DEP-008,CC-107,CAT-002,20175.0,Operating,REG-04
BUD-202610-DEP-008-CC-108-CAT-012,2026,Q4,October,DEP-008,CC-108,CAT-012,18682.12,Operating,REG-02
BUD-202610-DEP-008-CC-108-CAT-010,2026,Q4,October,DEP-008,CC-108,CAT-010,22586.18,Project,REG-07
BUD-202610-DEP-008-CC-114-CAT-015,2026,Q4,October,DEP-008,CC-114,CAT-015,26733.69,Operating,REG-05
BUD-202610-DEP-008-CC-115-CAT-015,2026,Q4,October,DEP-008,CC-115,CAT-015,27049.51,Departmental,REG-07
BUD-202610-DEP-008-CC-120-CAT-008,2026,Q4,October,DEP-008,CC-120,CAT-008,34512.8,Departmental,REG-04
BUD-202610-DEP-008-CC-110-CAT-002,2026,Q4,October,DEP-008,CC-110,CAT-002,19284.49,Operating,REG-07
BUD-202610-DEP-008-CC-109-CAT-007,2026,Q4,October,DEP-008,CC-109,CAT-007,17212.08,Operating,REG-06
BUD-202610-DEP-008-CC-104-CAT-003,2026,Q4,October,DEP-008,CC-104,CAT-003,25362.37,Project,REG-01
BUD-202610-DEP-008-CC-116-CAT-013,2026,Q4,October,DEP-008,CC-116,CAT-013,30829.16,Operating,REG-02
BUD-202610-DEP-008-CC-102-CAT-006,2026,Q4,October,DEP-008,CC-102,CAT-006,31547.3,Project,REG-07
BUD-202610-DEP-008-CC-114-CAT-008,2026,Q4,October,DEP-008,CC-114,CAT-008,30634.76,Operating,REG-04
BUD-202610-DEP-008-CC-109-CAT-015,2026,Q4,October,DEP-008,CC-109,CAT-015,25218.61,Operating,REG-03
BUD-202610-DEP-008-CC-103-CAT-006,2026,Q4,October,DEP-008,CC-103,CAT-006,29274.45,Project,REG-03
BUD-202610-DEP-008-CC-116-CAT-010,2026,Q4,October,DEP-008,CC-116,CAT-010,18636.19,Departmental,REG-08
BUD-202610-DEP-008-CC-119-CAT-014,2026,Q4,October,DEP-008,CC-119,CAT-014,26133.75,Project,REG-06
BUD-202610-DEP-008-CC-109-CAT-007,2026,Q4,October,DEP-008,CC-109,CAT-007,15268.95,Capital,REG-01
BUD-202610-DEP-008-CC-118-CAT-011,2026,Q4,October,DEP-008,CC-118,CAT-011,25131.31,Operating,REG-02
BUD-202610-DEP-008-CC-120-CAT-006,2026,Q4,October,DEP-008,CC-120,CAT-006,27303.17,Operating,REG-02
BUD-202610-DEP-008-CC-104-CAT-012,2026,Q4,October,DEP-008,CC-104,CAT-012,21459.87,Capital,REG-07
BUD-202610-DEP-008-CC-112-CAT-004,2026,Q4,October,DEP-008,CC-112,CAT-004,34519.75,Operating,REG-08
BUD-202610-DEP-009-CC-109-CAT-001,2026,Q4,October,DEP-009,CC-109,CAT-001,58692.67,Operating,REG-08
BUD-202610-DEP-009-CC-109-CAT-014,2026,Q4,October,DEP-009,CC-109,CAT-014,43240.21,Operating,REG-07
BUD-202610-DEP-009-CC-106-CAT-012,2026,Q4,October,DEP-009,CC-106,CAT-012,35316.29,Departmental,REG-02
BUD-202610-DEP-009-CC-109-CAT-002,2026,Q4,October,DEP-009,CC-109,CAT-002,31499.49,Operating,REG-08
BUD-202610-DEP-009-CC-117-CAT-006,2026,Q4,October,DEP-009,CC-117,CAT-006,46279.39,Operating,REG-06
BUD-202610-DEP-009-CC-112-CAT-005,2026,Q4,October,DEP-009,CC-112,CAT-005,38909.45,Operating,REG-06
BUD-202610-DEP-009-CC-113-CAT-009,2026,Q4,October,DEP-009,CC-113,CAT-009,35384.06,Departmental,REG-06
BUD-202610-DEP-009-CC-113-CAT-009,2026,Q4,October,DEP-009,CC-113,CAT-009,40398.64,Operating,REG-01
BUD-202610-DEP-009-CC-107-CAT-002,2026,Q4,October,DEP-009,CC-107,CAT-002,30203.89,Operating,REG-07
BUD-202610-DEP-009-CC-116-CAT-013,2026,Q4,October,DEP-009,CC-116,CAT-013,49700.6,Operating,REG-02
BUD-202610-DEP-009-CC-106-CAT-002,2026,Q4,October,DEP-009,CC-106,CAT-002,28132.84,Operating,REG-01
BUD-202610-DEP-009-CC-111-CAT-012,2026,Q4,October,DEP-009,CC-111,CAT-012,37512.63,Operating,REG-07
BUD-202610-DEP-009-CC-119-CAT-011,2026,Q4,October,DEP-009,CC-119,CAT-011,53299.15,Operating,REG-01
BUD-202610-DEP-009-CC-118-CAT-008,2026,Q4,October,DEP-009,CC-118,CAT-008,52196.59,Project,REG-08
BUD-202610-DEP-009-CC-102-CAT-001,2026,Q4,October,DEP-009,CC-102,CAT-001,49821.06,Operating,REG-07
BUD-202610-DEP-009-CC-111-CAT-001,2026,Q4,October,DEP-009,CC-111,CAT-001,55595.35,Capital,REG-04
BUD-202610-DEP-009-CC-111-CAT-008,2026,Q4,October,DEP-009,CC-111,CAT-008,58507.49,Operating,REG-03
BUD-202610-DEP-009-CC-115-CAT-006,2026,Q4,October,DEP-009,CC-115,CAT-006,50178.12,Capital,REG-08
BUD-202610-DEP-009-CC-120-CAT-013,2026,Q4,October,DEP-009,CC-120,CAT-013,54374.78,Departmental,REG-02
BUD-202610-DEP-009-CC-115-CAT-011,2026,Q4,October,DEP-009,CC-115,CAT-011,43591.8,Capital,REG-03
BUD-202610-DEP-009-CC-104-CAT-014,2026,Q4,October,DEP-009,CC-104,CAT-014,37916.53,Project,REG-01
BUD-202610-DEP-009-CC-119-CAT-005,2026,Q4,October,DEP-009,CC-119,CAT-005,35151.14,Departmental,REG-04
BUD-202610-DEP-009-CC-116-CAT-015,2026,Q4,October,DEP-009,CC-116,CAT-015,47147.57,Operating,REG-06
BUD-202610-DEP-009-CC-114-CAT-003,2026,Q4,October,DEP-009,CC-114,CAT-003,46177.23,Capital,REG-02
BUD-202610-DEP-009-CC-106-CAT-003,2026,Q4,October,DEP-009,CC-106,CAT-003,48759.02,Capital,REG-08
BUD-202610-DEP-009-CC-114-CAT-006,2026,Q4,October,DEP-009,CC-114,CAT-006,55471.57,Operating,REG-05
BUD-202610-DEP-009-CC-116-CAT-006,2026,Q4,October,DEP-009,CC-116,CAT-006,50749.81,Capital,REG-01
BUD-202610-DEP-009-CC-103-CAT-012,2026,Q4,October,DEP-009,CC-103,CAT-012,33472.89,Operating,REG-03
BUD-202610-DEP-009-CC-112-CAT-012,2026,Q4,October,DEP-009,CC-112,CAT-012,36944.43,Departmental,REG-07
BUD-202610-DEP-009-CC-101-CAT-012,2026,Q4,October,DEP-009,CC-101,CAT-012,32240.33,Capital,REG-01
BUD-202610-DEP-009-CC-116-CAT-001,2026,Q4,October,DEP-009,CC-116,CAT-001,55729.93,Operating,REG-08
BUD-202610-DEP-009-CC-106-CAT-001,2026,Q4,October,DEP-009,CC-106,CAT-001,53420.22,Operating,REG-04
BUD-202610-DEP-009-CC-117-CAT-009,2026,Q4,October,DEP-009,CC-117,CAT-009,40806.86,Operating,REG-04
BUD-202610-DEP-009-CC-103-CAT-009,2026,Q4,October,DEP-009,CC-103,CAT-009,39074.62,Project,REG-07
BUD-202610-DEP-009-CC-101-CAT-014,2026,Q4,October,DEP-009,CC-101,CAT-014,43412.78,Operating,REG-06
BUD-202610-DEP-009-CC-110-CAT-006,2026,Q4,October,DEP-009,CC-110,CAT-006,54170.85,Operating,REG-01
BUD-202610-DEP-009-CC-119-CAT-009,2026,Q4,October,DEP-009,CC-119,CAT-009,37722.48,Project,REG-03
BUD-202610-DEP-009-CC-109-CAT-005,2026,Q4,October,DEP-009,CC-109,CAT-005,37526.18,Project,REG-05
BUD-202610-DEP-010-CC-105-CAT-009,2026,Q4,October,DEP-010,CC-105,CAT-009,26674.88,Operating,REG-06
BUD-202610-DEP-010-CC-119-CAT-009,2026,Q4,October,DEP-010,CC-119,CAT-009,26798.16,Departmental,REG-01
BUD-202610-DEP-010-CC-104-CAT-001,2026,Q4,October,DEP-010,CC-104,CAT-001,36520.69,Capital,REG-07
BUD-202610-DEP-010-CC-109-CAT-007,2026,Q4,October,DEP-010,CC-109,CAT-007,19831.01,Operating,REG-03
BUD-202610-DEP-010-CC-113-CAT-002,2026,Q4,October,DEP-010,CC-113,CAT-002,21200.71,Departmental,REG-01
BUD-202610-DEP-010-CC-108-CAT-014,2026,Q4,October,DEP-010,CC-108,CAT-014,27045.65,Operating,REG-01
BUD-202610-DEP-010-CC-111-CAT-011,2026,Q4,October,DEP-010,CC-111,CAT-011,28824.01,Operating,REG-08
BUD-202610-DEP-010-CC-104-CAT-011,2026,Q4,October,DEP-010,CC-104,CAT-011,29276.11,Operating,REG-05
BUD-202610-DEP-010-CC-117-CAT-009,2026,Q4,October,DEP-010,CC-117,CAT-009,27943.02,Departmental,REG-01
BUD-202610-DEP-010-CC-109-CAT-005,2026,Q4,October,DEP-010,CC-109,CAT-005,21813.82,Capital,REG-03
BUD-202610-DEP-010-CC-113-CAT-005,2026,Q4,October,DEP-010,CC-113,CAT-005,25316.14,Project,REG-04
BUD-202610-DEP-010-CC-102-CAT-011,2026,Q4,October,DEP-010,CC-102,CAT-011,30427.14,Departmental,REG-03
BUD-202610-DEP-010-CC-104-CAT-002,2026,Q4,October,DEP-010,CC-104,CAT-002,21268.98,Operating,REG-02
BUD-202610-DEP-010-CC-105-CAT-002,2026,Q4,October,DEP-010,CC-105,CAT-002,19951.44,Departmental,REG-05
BUD-202610-DEP-010-CC-111-CAT-013,2026,Q4,October,DEP-010,CC-111,CAT-013,35545.71,Operating,REG-04
BUD-202610-DEP-010-CC-101-CAT-011,2026,Q4,October,DEP-010,CC-101,CAT-011,31429.76,Departmental,REG-05
BUD-202610-DEP-010-CC-101-CAT-002,2026,Q4,October,DEP-010,CC-101,CAT-002,21276.36,Operating,REG-01
BUD-202610-DEP-010-CC-110-CAT-013,2026,Q4,October,DEP-010,CC-110,CAT-013,30860.82,Operating,REG-04
BUD-202610-DEP-010-CC-111-CAT-015,2026,Q4,October,DEP-010,CC-111,CAT-015,28788.56,Operating,REG-04
BUD-202610-DEP-010-CC-110-CAT-004,2026,Q4,October,DEP-010,CC-110,CAT-004,37348.23,Capital,REG-06
BUD-202610-DEP-010-CC-104-CAT-007,2026,Q4,October,DEP-010,CC-104,CAT-007,18483.07,Operating,REG-02
BUD-202610-DEP-010-CC-113-CAT-005,2026,Q4,October,DEP-010,CC-113,CAT-005,25348.8,Operating,REG-08
BUD-202610-DEP-010-CC-114-CAT-004,2026,Q4,October,DEP-010,CC-114,CAT-004,36692.89,Operating,REG-02
BUD-202610-DEP-010-CC-112-CAT-009,2026,Q4,October,DEP-010,CC-112,CAT-009,23771.75,Operating,REG-03
BUD-202610-DEP-010-CC-102-CAT-007,2026,Q4,October,DEP-010,CC-102,CAT-007,16557.63,Operating,REG-07
BUD-202610-DEP-010-CC-113-CAT-009,2026,Q4,October,DEP-010,CC-113,CAT-009,23687.67,Operating,REG-03
BUD-202610-DEP-010-CC-113-CAT-014,2026,Q4,October,DEP-010,CC-113,CAT-014,24572.09,Operating,REG-02
BUD-202610-DEP-010-CC-112-CAT-011,2026,Q4,October,DEP-010,CC-112,CAT-011,31502.44,Project,REG-01
BUD-202610-DEP-010-CC-101-CAT-010,2026,Q4,October,DEP-010,CC-101,CAT-010,21488.93,Project,REG-03
BUD-202610-DEP-010-CC-111-CAT-009,2026,Q4,October,DEP-010,CC-111,CAT-009,26221.18,Operating,REG-06
BUD-202610-DEP-010-CC-109-CAT-013,2026,Q4,October,DEP-010,CC-109,CAT-013,36197.6,Project,REG-01
BUD-202610-DEP-010-CC-114-CAT-006,2026,Q4,October,DEP-010,CC-114,CAT-006,29363.97,Departmental,REG-08
BUD-202610-DEP-010-CC-115-CAT-005,2026,Q4,October,DEP-010,CC-115,CAT-005,27230.63,Operating,REG-07
BUD-202610-DEP-010-CC-118-CAT-009,2026,Q4,October,DEP-010,CC-118,CAT-009,27564.58,Project,REG-07
BUD-202610-DEP-010-CC-107-CAT-006,2026,Q4,October,DEP-010,CC-107,CAT-006,31847.37,Operating,REG-01
BUD-202610-DEP-010-CC-115-CAT-012,2026,Q4,October,DEP-010,CC-115,CAT-012,21962.87,Departmental,REG-05
BUD-202610-DEP-010-CC-109-CAT-009,2026,Q4,October,DEP-010,CC-109,CAT-009,24765.83,Operating,REG-07
BUD-202610-DEP-010-CC-115-CAT-007,2026,Q4,October,DEP-010,CC-115,CAT-007,17511.51,Operating,REG-06
BUD-202610-DEP-010-CC-108-CAT-006,2026,Q4,October,DEP-010,CC-108,CAT-006,30335.32,Operating,REG-01
BUD-202610-DEP-010-CC-101-CAT-013,2026,Q4,October,DEP-010,CC-101,CAT-013,36021.83,Operating,REG-02
BUD-202610-DEP-010-CC-120-CAT-013,2026,Q4,October,DEP-010,CC-120,CAT-013,31856.98,Operating,REG-04
BUD-202610-DEP-010-CC-118-CAT-003,2026,Q4,October,DEP-010,CC-118,CAT-003,27340.41,Departmental,REG-07
BUD-202609-DEP-001-CC-119-CAT-006,2026,Q3,September,DEP-001,CC-119,CAT-006,33014.63,Capital,REG-04
BUD-202609-DEP-001-CC-106-CAT-008,2026,Q3,September,DEP-001,CC-106,CAT-008,47646.69,Project,REG-02
BUD-202609-DEP-001-CC-106-CAT-008,2026,Q3,September,DEP-001,CC-106,CAT-008,44834.56,Project,REG-08
BUD-202609-DEP-001-CC-107-CAT-007,2026,Q3,September,DEP-001,CC-107,CAT-007,22950.45,Departmental,REG-01
BUD-202609-DEP-001-CC-103-CAT-009,2026,Q3,September,DEP-001,CC-103,CAT-009,27923.87,Project,REG-08
BUD-202609-DEP-001-CC-106-CAT-010,2026,Q3,September,DEP-001,CC-106,CAT-010,27150.79,Operating,REG-04
BUD-202609-DEP-001-CC-107-CAT-015,2026,Q3,September,DEP-001,CC-107,CAT-015,32072.86,Operating,REG-01
BUD-202609-DEP-001-CC-105-CAT-014,2026,Q3,September,DEP-001,CC-105,CAT-014,31259.25,Departmental,REG-05
BUD-202609-DEP-001-CC-104-CAT-014,2026,Q3,September,DEP-001,CC-104,CAT-014,33494.56,Project,REG-02
BUD-202609-DEP-001-CC-115-CAT-011,2026,Q3,September,DEP-001,CC-115,CAT-011,37022.05,Project,REG-05
BUD-202609-DEP-001-CC-104-CAT-001,2026,Q3,September,DEP-001,CC-104,CAT-001,43380.47,Operating,REG-02
BUD-202609-DEP-001-CC-103-CAT-002,2026,Q3,September,DEP-001,CC-103,CAT-002,22762.78,Departmental,REG-01
BUD-202609-DEP-001-CC-108-CAT-004,2026,Q3,September,DEP-001,CC-108,CAT-004,46955.65,Operating,REG-01
BUD-202609-DEP-001-CC-113-CAT-009,2026,Q3,September,DEP-001,CC-113,CAT-009,26507.42,Operating,REG-03
BUD-202609-DEP-001-CC-114-CAT-015,2026,Q3,September,DEP-001,CC-114,CAT-015,35980.23,Operating,REG-01
BUD-202609-DEP-001-CC-111-CAT-002,2026,Q3,September,DEP-001,CC-111,CAT-002,22078.36,Departmental,REG-07
BUD-202609-DEP-001-CC-117-CAT-006,2026,Q3,September,DEP-001,CC-117,CAT-006,41129.63,Operating,REG-06
BUD-202609-DEP-001-CC-119-CAT-014,2026,Q3,September,DEP-001,CC-119,CAT-014,30377.2,Project,REG-07
BUD-202609-DEP-001-CC-101-CAT-006,2026,Q3,September,DEP-001,CC-101,CAT-006,32683.12,Operating,REG-07
BUD-202609-DEP-001-CC-107-CAT-006,2026,Q3,September,DEP-001,CC-107,CAT-006,36974.02,Operating,REG-06
BUD-202609-DEP-001-CC-105-CAT-001,2026,Q3,September,DEP-001,CC-105,CAT-001,38138.16,Operating,REG-06
BUD-202609-DEP-001-CC-107-CAT-003,2026,Q3,September,DEP-001,CC-107,CAT-003,31330.41,Operating,REG-03
BUD-202609-DEP-001-CC-106-CAT-011,2026,Q3,September,DEP-001,CC-106,CAT-011,32687.36,Operating,REG-08
BUD-202609-DEP-001-CC-118-CAT-009,2026,Q3,September,DEP-001,CC-118,CAT-009,29095.11,Operating,REG-07
BUD-202609-DEP-001-CC-112-CAT-003,2026,Q3,September,DEP-001,CC-112,CAT-003,33746.05,Departmental,REG-04
BUD-202609-DEP-001-CC-105-CAT-005,2026,Q3,September,DEP-001,CC-105,CAT-005,24809.76,Capital,REG-01
BUD-202609-DEP-001-CC-107-CAT-008,2026,Q3,September,DEP-001,CC-107,CAT-008,44415.48,Operating,REG-03
BUD-202609-DEP-001-CC-116-CAT-003,2026,Q3,September,DEP-001,CC-116,CAT-003,28820.99,Departmental,REG-07
BUD-202609-DEP-001-CC-107-CAT-004,2026,Q3,September,DEP-001,CC-107,CAT-004,45214.41,Operating,REG-01
BUD-202609-DEP-001-CC-101-CAT-007,2026,Q3,September,DEP-001,CC-101,CAT-007,22522.08,Departmental,REG-01
BUD-202609-DEP-001-CC-116-CAT-013,2026,Q3,September,DEP-001,CC-116,CAT-013,33733.62,Capital,REG-03
BUD-202609-DEP-001-CC-108-CAT-013,2026,Q3,September,DEP-001,CC-108,CAT-013,38206.77,Operating,REG-08
BUD-202609-DEP-001-CC-104-CAT-011,2026,Q3,September,DEP-001,CC-104,CAT-011,32272.83,Operating,REG-06
BUD-202609-DEP-001-CC-117-CAT-008,2026,Q3,September,DEP-001,CC-117,CAT-008,47602.7,Operating,REG-07
BUD-202609-DEP-001-CC-114-CAT-009,2026,Q3,September,DEP-001,CC-114,CAT-009,32755.27,Operating,REG-02
BUD-202609-DEP-002-CC-101-CAT-008,2026,Q3,September,DEP-002,CC-101,CAT-008,28738.67,Operating,REG-08
BUD-202609-DEP-002-CC-113-CAT-007,2026,Q3,September,DEP-002,CC-113,CAT-007,16188.49,Operating,REG-07
BUD-202609-DEP-002-CC-107-CAT-013,2026,Q3,September,DEP-002,CC-107,CAT-013,26556.58,Departmental,REG-07
BUD-202609-DEP-002-CC-107-CAT-004,2026,Q3,September,DEP-002,CC-107,CAT-004,31086.12,Operating,REG-06
BUD-202609-DEP-002-CC-115-CAT-003,2026,Q3,September,DEP-002,CC-115,CAT-003,25270.96,Capital,REG-07
BUD-202609-DEP-002-CC-111-CAT-001,2026,Q3,September,DEP-002,CC-111,CAT-001,29890.29,Project,REG-01
BUD-202609-DEP-002-CC-117-CAT-015,2026,Q3,September,DEP-002,CC-117,CAT-015,25685.54,Capital,REG-07
BUD-202609-DEP-002-CC-112-CAT-004,2026,Q3,September,DEP-002,CC-112,CAT-004,34326.24,Operating,REG-08
BUD-202609-DEP-002-CC-113-CAT-008,2026,Q3,September,DEP-002,CC-113,CAT-008,29892.54,Departmental,REG-06
BUD-202609-DEP-002-CC-101-CAT-003,2026,Q3,September,DEP-002,CC-101,CAT-003,21620.9,Capital,REG-07
BUD-202609-DEP-002-CC-120-CAT-015,2026,Q3,September,DEP-002,CC-120,CAT-015,22893.32,Operating,REG-08
BUD-202609-DEP-002-CC-117-CAT-007,2026,Q3,September,DEP-002,CC-117,CAT-007,13334.71,Operating,REG-04
BUD-202609-DEP-002-CC-109-CAT-010,2026,Q3,September,DEP-002,CC-109,CAT-010,18290.49,Operating,REG-06
BUD-202609-DEP-002-CC-111-CAT-009,2026,Q3,September,DEP-002,CC-111,CAT-009,22980.16,Project,REG-04
BUD-202609-DEP-002-CC-112-CAT-011,2026,Q3,September,DEP-002,CC-112,CAT-011,26565.72,Operating,REG-03
BUD-202609-DEP-002-CC-115-CAT-001,2026,Q3,September,DEP-002,CC-115,CAT-001,31131.11,Project,REG-04
BUD-202609-DEP-002-CC-112-CAT-013,2026,Q3,September,DEP-002,CC-112,CAT-013,29190.69,Departmental,REG-08
BUD-202609-DEP-002-CC-109-CAT-011,2026,Q3,September,DEP-002,CC-109,CAT-011,23997.78,Operating,REG-01
BUD-202609-DEP-002-CC-114-CAT-006,2026,Q3,September,DEP-002,CC-114,CAT-006,23660.41,Project,REG-02
BUD-202609-DEP-002-CC-120-CAT-001,2026,Q3,September,DEP-002,CC-120,CAT-001,29982.23,Departmental,REG-02
BUD-202609-DEP-002-CC-117-CAT-004,2026,Q3,September,DEP-002,CC-117,CAT-004,31515.57,Departmental,REG-08
BUD-202609-DEP-002-CC-111-CAT-014,2026,Q3,September,DEP-002,CC-111,CAT-014,20153.84,Capital,REG-02
BUD-202609-DEP-002-CC-118-CAT-008,2026,Q3,September,DEP-002,CC-118,CAT-008,32046.52,Departmental,REG-07
BUD-202609-DEP-002-CC-117-CAT-008,2026,Q3,September,DEP-002,CC-117,CAT-008,32075.8,Operating,REG-04
BUD-202609-DEP-002-CC-119-CAT-005,2026,Q3,September,DEP-002,CC-119,CAT-005,19665.99,Departmental,REG-06
BUD-202609-DEP-002-CC-101-CAT-007,2026,Q3,September,DEP-002,CC-101,CAT-007,13684.61,Operating,REG-06
BUD-202609-DEP-002-CC-118-CAT-012,2026,Q3,September,DEP-002,CC-118,CAT-012,19360.59,Project,REG-04
BUD-202609-DEP-002-CC-119-CAT-008,2026,Q3,September,DEP-002,CC-119,CAT-008,29783.73,Capital,REG-01
BUD-202609-DEP-002-CC-117-CAT-007,2026,Q3,September,DEP-002,CC-117,CAT-007,13383.43,Operating,REG-05
BUD-202609-DEP-002-CC-108-CAT-010,2026,Q3,September,DEP-002,CC-108,CAT-010,16849.5,Departmental,REG-08
BUD-202609-DEP-002-CC-115-CAT-004,2026,Q3,September,DEP-002,CC-115,CAT-004,35255.26,Departmental,REG-06
BUD-202609-DEP-002-CC-108-CAT-005,2026,Q3,September,DEP-002,CC-108,CAT-005,20675.15,Operating,REG-05
BUD-202609-DEP-002-CC-108-CAT-009,2026,Q3,September,DEP-002,CC-108,CAT-009,22994.79,Departmental,REG-05
BUD-202609-DEP-002-CC-111-CAT-014,2026,Q3,September,DEP-002,CC-111,CAT-014,21643.21,Operating,REG-01
BUD-202609-DEP-002-CC-117-CAT-001,2026,Q3,September,DEP-002,CC-117,CAT-001,28230.5,Operating,REG-01
BUD-202609-DEP-002-CC-109-CAT-012,2026,Q3,September,DEP-002,CC-109,CAT-012,16364.8,Departmental,REG-06
BUD-202609-DEP-002-CC-111-CAT-014,2026,Q3,September,DEP-002,CC-111,CAT-014,24153.1,Project,REG-02
BUD-202609-DEP-002-CC-117-CAT-015,2026,Q3,September,DEP-002,CC-117,CAT-015,22910.66,Capital,REG-07
BUD-202609-DEP-002-CC-119-CAT-012,2026,Q3,September,DEP-002,CC-119,CAT-012,18332.45,Operating,REG-07
BUD-202609-DEP-002-CC-108-CAT-002,2026,Q3,September,DEP-002,CC-108,CAT-002,15039.29,Operating,REG-02
BUD-202609-DEP-002-CC-102-CAT-005,2026,Q3,September,DEP-002,CC-102,CAT-005,18989.61,Project,REG-05
BUD-202609-DEP-002-CC-101-CAT-002,2026,Q3,September,DEP-002,CC-101,CAT-002,16889.22,Departmental,REG-03
BUD-202609-DEP-002-CC-115-CAT-012,2026,Q3,September,DEP-002,CC-115,CAT-012,16195.46,Capital,REG-01
BUD-202609-DEP-002-CC-105-CAT-008,2026,Q3,September,DEP-002,CC-105,CAT-008,29597.49,Capital,REG-05
BUD-202609-DEP-002-CC-104-CAT-003,2026,Q3,September,DEP-002,CC-104,CAT-003,21073.72,Operating,REG-05
BUD-202609-DEP-002-CC-105-CAT-005,2026,Q3,September,DEP-002,CC-105,CAT-005,18609.59,Capital,REG-04
BUD-202609-DEP-002-CC-113-CAT-011,2026,Q3,September,DEP-002,CC-113,CAT-011,27363.68,Operating,REG-08
BUD-202609-DEP-002-CC-115-CAT-009,2026,Q3,September,DEP-002,CC-115,CAT-009,21547.06,Capital,REG-07
BUD-202609-DEP-002-CC-113-CAT-014,2026,Q3,September,DEP-002,CC-113,CAT-014,20189.69,Operating,REG-08
BUD-202609-DEP-002-CC-111-CAT-013,2026,Q3,September,DEP-002,CC-111,CAT-013,25824.54,Capital,REG-01
BUD-202609-DEP-002-CC-107-CAT-005,2026,Q3,September,DEP-002,CC-107,CAT-005,21282.39,Operating,REG-05
BUD-202609-DEP-002-CC-104-CAT-004,2026,Q3,September,DEP-002,CC-104,CAT-004,32528.16,Operating,REG-05
BUD-202609-DEP-002-CC-117-CAT-003,2026,Q3,September,DEP-002,CC-117,CAT-003,22604.32,Capital,REG-05
BUD-202609-DEP-003-CC-112-CAT-013,2026,Q3,September,DEP-003,CC-112,CAT-013,46081.85,Project,REG-07
BUD-202609-DEP-003-CC-107-CAT-010,2026,Q3,September,DEP-003,CC-107,CAT-010,31428.91,Project,REG-07
BUD-202609-DEP-003-CC-119-CAT-011,2026,Q3,September,DEP-003,CC-119,CAT-011,40853.37,Project,REG-04
BUD-202609-DEP-003-CC-109-CAT-004,2026,Q3,September,DEP-003,CC-109,CAT-004,53663.59,Departmental,REG-06
BUD-202609-DEP-003-CC-105-CAT-014,2026,Q3,September,DEP-003,CC-105,CAT-014,33886.97,Operating,REG-05
BUD-202609-DEP-003-CC-119-CAT-002,2026,Q3,September,DEP-003,CC-119,CAT-002,25836.25,Departmental,REG-07
BUD-202609-DEP-003-CC-107-CAT-006,2026,Q3,September,DEP-003,CC-107,CAT-006,42608.63,Operating,REG-02
BUD-202609-DEP-003-CC-103-CAT-001,2026,Q3,September,DEP-003,CC-103,CAT-001,51769.66,Departmental,REG-08
BUD-202609-DEP-003-CC-103-CAT-009,2026,Q3,September,DEP-003,CC-103,CAT-009,34336.85,Operating,REG-03
BUD-202609-DEP-003-CC-109-CAT-007,2026,Q3,September,DEP-003,CC-109,CAT-007,24593.68,Capital,REG-02
BUD-202609-DEP-003-CC-110-CAT-014,2026,Q3,September,DEP-003,CC-110,CAT-014,32408.33,Operating,REG-04
BUD-202609-DEP-003-CC-112-CAT-009,2026,Q3,September,DEP-003,CC-112,CAT-009,35265.42,Operating,REG-01
BUD-202609-DEP-003-CC-118-CAT-004,2026,Q3,September,DEP-003,CC-118,CAT-004,50393.07,Project,REG-06
BUD-202609-DEP-003-CC-101-CAT-002,2026,Q3,September,DEP-003,CC-101,CAT-002,26531.62,Operating,REG-03
BUD-202609-DEP-003-CC-113-CAT-006,2026,Q3,September,DEP-003,CC-113,CAT-006,38222.68,Departmental,REG-04
BUD-202609-DEP-003-CC-119-CAT-001,2026,Q3,September,DEP-003,CC-119,CAT-001,42331.93,Operating,REG-01
BUD-202609-DEP-003-CC-114-CAT-001,2026,Q3,September,DEP-003,CC-114,CAT-001,46688.81,Operating,REG-04
BUD-202609-DEP-003-CC-104-CAT-008,2026,Q3,September,DEP-003,CC-104,CAT-008,50727.31,Departmental,REG-03
BUD-202609-DEP-003-CC-102-CAT-003,2026,Q3,September,DEP-003,CC-102,CAT-003,33756.93,Operating,REG-04
BUD-202609-DEP-003-CC-101-CAT-004,2026,Q3,September,DEP-003,CC-101,CAT-004,50815.57,Operating,REG-01
BUD-202609-DEP-003-CC-102-CAT-012,2026,Q3,September,DEP-003,CC-102,CAT-012,31499.77,Departmental,REG-06
BUD-202609-DEP-003-CC-120-CAT-005,2026,Q3,September,DEP-003,CC-120,CAT-005,30785.34,Project,REG-06
BUD-202609-DEP-003-CC-109-CAT-003,2026,Q3,September,DEP-003,CC-109,CAT-003,40756.67,Departmental,REG-08
BUD-202609-DEP-003-CC-118-CAT-011,2026,Q3,September,DEP-003,CC-118,CAT-011,45338.54,Operating,REG-07
BUD-202609-DEP-003-CC-120-CAT-006,2026,Q3,September,DEP-003,CC-120,CAT-006,45873.13,Operating,REG-03
BUD-202609-DEP-003-CC-101-CAT-008,2026,Q3,September,DEP-003,CC-101,CAT-008,52431.98,Operating,REG-04
BUD-202609-DEP-003-CC-118-CAT-013,2026,Q3,September,DEP-003,CC-118,CAT-013,47712.15,Departmental,REG-08
BUD-202609-DEP-003-CC-105-CAT-001,2026,Q3,September,DEP-003,CC-105,CAT-001,46693.34,Project,REG-04
BUD-202609-DEP-003-CC-102-CAT-014,2026,Q3,September,DEP-003,CC-102,CAT-014,35621.88,Operating,REG-02
BUD-202609-DEP-003-CC-105-CAT-009,2026,Q3,September,DEP-003,CC-105,CAT-009,30720.51,Departmental,REG-06
BUD-202609-DEP-003-CC-101-CAT-015,2026,Q3,September,DEP-003,CC-101,CAT-015,35550.96,Operating,REG-07
BUD-202609-DEP-003-CC-105-CAT-003,2026,Q3,September,DEP-003,CC-105,CAT-003,35938.65,Operating,REG-07
BUD-202609-DEP-003-CC-117-CAT-001,2026,Q3,September,DEP-003,CC-117,CAT-001,46283.83,Operating,REG-03
BUD-202609-DEP-004-CC-103-CAT-013,2026,Q3,September,DEP-004,CC-103,CAT-013,33417.84,Operating,REG-01
BUD-202609-DEP-004-CC-102-CAT-011,2026,Q3,September,DEP-004,CC-102,CAT-011,25338.23,Capital,REG-05
BUD-202609-DEP-004-CC-107-CAT-003,2026,Q3,September,DEP-004,CC-107,CAT-003,24606.71,Capital,REG-02
BUD-202609-DEP-004-CC-106-CAT-009,2026,Q3,September,DEP-004,CC-106,CAT-009,21345.43,Departmental,REG-08
BUD-202609-DEP-004-CC-110-CAT-001,2026,Q3,September,DEP-004,CC-110,CAT-001,28896.83,Operating,REG-01
BUD-202609-DEP-004-CC-101-CAT-010,2026,Q3,September,DEP-004,CC-101,CAT-010,22962.65,Operating,REG-08
BUD-202609-DEP-004-CC-106-CAT-013,2026,Q3,September,DEP-004,CC-106,CAT-013,31352.37,Departmental,REG-08
BUD-202609-DEP-004-CC-104-CAT-005,2026,Q3,September,DEP-004,CC-104,CAT-005,22242.71,Capital,REG-06
BUD-202609-DEP-004-CC-119-CAT-005,2026,Q3,September,DEP-004,CC-119,CAT-005,20018.77,Departmental,REG-04
BUD-202609-DEP-004-CC-120-CAT-015,2026,Q3,September,DEP-004,CC-120,CAT-015,29204.98,Operating,REG-01
BUD-202609-DEP-004-CC-117-CAT-015,2026,Q3,September,DEP-004,CC-117,CAT-015,27333.21,Departmental,REG-03
BUD-202609-DEP-004-CC-103-CAT-015,2026,Q3,September,DEP-004,CC-103,CAT-015,29911.71,Project,REG-05
BUD-202609-DEP-004-CC-110-CAT-006,2026,Q3,September,DEP-004,CC-110,CAT-006,27262.15,Operating,REG-06
BUD-202609-DEP-004-CC-116-CAT-005,2026,Q3,September,DEP-004,CC-116,CAT-005,19593.83,Operating,REG-04
BUD-202609-DEP-004-CC-118-CAT-015,2026,Q3,September,DEP-004,CC-118,CAT-015,29077.96,Capital,REG-03
BUD-202609-DEP-004-CC-103-CAT-005,2026,Q3,September,DEP-004,CC-103,CAT-005,22832.86,Capital,REG-06
BUD-202609-DEP-004-CC-114-CAT-004,2026,Q3,September,DEP-004,CC-114,CAT-004,34413.0,Departmental,REG-06
BUD-202609-DEP-004-CC-102-CAT-015,2026,Q3,September,DEP-004,CC-102,CAT-015,26900.27,Departmental,REG-06
BUD-202609-DEP-004-CC-105-CAT-011,2026,Q3,September,DEP-004,CC-105,CAT-011,28562.1,Capital,REG-02
BUD-202609-DEP-004-CC-103-CAT-005,2026,Q3,September,DEP-004,CC-103,CAT-005,19671.06,Project,REG-03
BUD-202609-DEP-004-CC-115-CAT-003,2026,Q3,September,DEP-004,CC-115,CAT-003,23567.66,Operating,REG-06
BUD-202609-DEP-004-CC-108-CAT-001,2026,Q3,September,DEP-004,CC-108,CAT-001,32666.18,Project,REG-04
BUD-202609-DEP-004-CC-120-CAT-013,2026,Q3,September,DEP-004,CC-120,CAT-013,28575.55,Operating,REG-01
BUD-202609-DEP-004-CC-103-CAT-012,2026,Q3,September,DEP-004,CC-103,CAT-012,20496.02,Operating,REG-07
BUD-202609-DEP-004-CC-107-CAT-015,2026,Q3,September,DEP-004,CC-107,CAT-015,25329.59,Operating,REG-05
BUD-202609-DEP-004-CC-116-CAT-013,2026,Q3,September,DEP-004,CC-116,CAT-013,29182.6,Departmental,REG-03
BUD-202609-DEP-004-CC-114-CAT-012,2026,Q3,September,DEP-004,CC-114,CAT-012,18869.76,Operating,REG-03
BUD-202609-DEP-004-CC-108-CAT-003,2026,Q3,September,DEP-004,CC-108,CAT-003,28434.56,Operating,REG-08
BUD-202609-DEP-004-CC-103-CAT-007,2026,Q3,September,DEP-004,CC-103,CAT-007,14920.42,Operating,REG-02
BUD-202609-DEP-004-CC-108-CAT-011,2026,Q3,September,DEP-004,CC-108,CAT-011,29793.23,Capital,REG-06
BUD-202609-DEP-004-CC-107-CAT-004,2026,Q3,September,DEP-004,CC-107,CAT-004,37132.39,Operating,REG-07
BUD-202609-DEP-004-CC-118-CAT-014,2026,Q3,September,DEP-004,CC-118,CAT-014,22615.46,Departmental,REG-03
BUD-202609-DEP-004-CC-106-CAT-009,2026,Q3,September,DEP-004,CC-106,CAT-009,25108.11,Project,REG-02
BUD-202609-DEP-004-CC-120-CAT-015,2026,Q3,September,DEP-004,CC-120,CAT-015,27344.68,Operating,REG-04
BUD-202609-DEP-004-CC-114-CAT-007,2026,Q3,September,DEP-004,CC-114,CAT-007,17440.86,Project,REG-08
BUD-202609-DEP-004-CC-101-CAT-004,2026,Q3,September,DEP-004,CC-101,CAT-004,40722.72,Operating,REG-02
BUD-202609-DEP-004-CC-115-CAT-001,2026,Q3,September,DEP-004,CC-115,CAT-001,29006.18,Operating,REG-02
BUD-202609-DEP-004-CC-101-CAT-014,2026,Q3,September,DEP-004,CC-101,CAT-014,26140.19,Project,REG-04
BUD-202609-DEP-004-CC-107-CAT-002,2026,Q3,September,DEP-004,CC-107,CAT-002,18841.89,Operating,REG-04
BUD-202609-DEP-004-CC-102-CAT-006,2026,Q3,September,DEP-004,CC-102,CAT-006,27729.1,Operating,REG-03
BUD-202609-DEP-004-CC-106-CAT-003,2026,Q3,September,DEP-004,CC-106,CAT-003,28197.2,Project,REG-01
BUD-202609-DEP-004-CC-116-CAT-009,2026,Q3,September,DEP-004,CC-116,CAT-009,23658.84,Operating,REG-02
BUD-202609-DEP-004-CC-109-CAT-015,2026,Q3,September,DEP-004,CC-109,CAT-015,28362.93,Operating,REG-02
BUD-202609-DEP-004-CC-102-CAT-011,2026,Q3,September,DEP-004,CC-102,CAT-011,25101.07,Operating,REG-05
BUD-202609-DEP-004-CC-116-CAT-011,2026,Q3,September,DEP-004,CC-116,CAT-011,29388.64,Capital,REG-05
BUD-202609-DEP-004-CC-111-CAT-007,2026,Q3,September,DEP-004,CC-111,CAT-007,17392.31,Departmental,REG-03
BUD-202609-DEP-004-CC-116-CAT-010,2026,Q3,September,DEP-004,CC-116,CAT-010,20520.8,Capital,REG-02
BUD-202609-DEP-004-CC-105-CAT-010,2026,Q3,September,DEP-004,CC-105,CAT-010,18439.05,Departmental,REG-01
BUD-202609-DEP-004-CC-116-CAT-010,2026,Q3,September,DEP-004,CC-116,CAT-010,20793.75,Project,REG-08
BUD-202609-DEP-004-CC-104-CAT-007,2026,Q3,September,DEP-004,CC-104,CAT-007,16366.74,Operating,REG-01
BUD-202609-DEP-004-CC-104-CAT-012,2026,Q3,September,DEP-004,CC-104,CAT-012,17568.35,Departmental,REG-04
BUD-202609-DEP-004-CC-113-CAT-001,2026,Q3,September,DEP-004,CC-113,CAT-001,27808.9,Project,REG-07
BUD-202609-DEP-004-CC-106-CAT-001,2026,Q3,September,DEP-004,CC-106,CAT-001,32559.71,Operating,REG-05
BUD-202609-DEP-004-CC-107-CAT-012,2026,Q3,September,DEP-004,CC-107,CAT-012,19275.06,Operating,REG-07
BUD-202609-DEP-004-CC-114-CAT-010,2026,Q3,September,DEP-004,CC-114,CAT-010,18614.4,Departmental,REG-06
BUD-202609-DEP-004-CC-112-CAT-006,2026,Q3,September,DEP-004,CC-112,CAT-006,26810.51,Operating,REG-02
BUD-202609-DEP-004-CC-104-CAT-013,2026,Q3,September,DEP-004,CC-104,CAT-013,31728.75,Operating,REG-02
BUD-202609-DEP-004-CC-101-CAT-010,2026,Q3,September,DEP-004,CC-101,CAT-010,19376.71,Operating,REG-03
BUD-202609-DEP-004-CC-111-CAT-001,2026,Q3,September,DEP-004,CC-111,CAT-001,31760.35,Operating,REG-08
BUD-202609-DEP-004-CC-113-CAT-006,2026,Q3,September,DEP-004,CC-113,CAT-006,28428.47,Operating,REG-05
BUD-202609-DEP-005-CC-101-CAT-011,2026,Q3,September,DEP-005,CC-101,CAT-011,29783.31,Departmental,REG-08
BUD-202609-DEP-005-CC-103-CAT-007,2026,Q3,September,DEP-005,CC-103,CAT-007,17378.3,Operating,REG-05
BUD-202609-DEP-005-CC-103-CAT-009,2026,Q3,September,DEP-005,CC-103,CAT-009,25801.5,Project,REG-01
BUD-202609-DEP-005-CC-105-CAT-014,2026,Q3,September,DEP-005,CC-105,CAT-014,28642.33,Operating,REG-05
BUD-202609-DEP-005-CC-106-CAT-007,2026,Q3,September,DEP-005,CC-106,CAT-007,17655.78,Departmental,REG-05
BUD-202609-DEP-005-CC-106-CAT-013,2026,Q3,September,DEP-005,CC-106,CAT-013,39229.41,Capital,REG-01
BUD-202609-DEP-005-CC-113-CAT-002,2026,Q3,September,DEP-005,CC-113,CAT-002,21660.59,Departmental,REG-06
BUD-202609-DEP-005-CC-102-CAT-011,2026,Q3,September,DEP-005,CC-102,CAT-011,33871.15,Project,REG-04
BUD-202609-DEP-005-CC-105-CAT-011,2026,Q3,September,DEP-005,CC-105,CAT-011,33675.99,Operating,REG-06
BUD-202609-DEP-005-CC-108-CAT-002,2026,Q3,September,DEP-005,CC-108,CAT-002,21630.36,Operating,REG-07
BUD-202609-DEP-005-CC-113-CAT-007,2026,Q3,September,DEP-005,CC-113,CAT-007,18073.09,Project,REG-03
BUD-202609-DEP-005-CC-113-CAT-010,2026,Q3,September,DEP-005,CC-113,CAT-010,21804.02,Operating,REG-02
BUD-202609-DEP-005-CC-115-CAT-004,2026,Q3,September,DEP-005,CC-115,CAT-004,42225.55,Operating,REG-05
BUD-202609-DEP-005-CC-101-CAT-012,2026,Q3,September,DEP-005,CC-101,CAT-012,23004.19,Operating,REG-03
BUD-202609-DEP-005-CC-111-CAT-002,2026,Q3,September,DEP-005,CC-111,CAT-002,24054.86,Operating,REG-04
BUD-202609-DEP-005-CC-101-CAT-003,2026,Q3,September,DEP-005,CC-101,CAT-003,28158.25,Operating,REG-05
BUD-202609-DEP-005-CC-103-CAT-012,2026,Q3,September,DEP-005,CC-103,CAT-012,25463.77,Operating,REG-05
BUD-202609-DEP-005-CC-118-CAT-010,2026,Q3,September,DEP-005,CC-118,CAT-010,24230.1,Operating,REG-07
BUD-202609-DEP-005-CC-115-CAT-006,2026,Q3,September,DEP-005,CC-115,CAT-006,36156.45,Operating,REG-06
BUD-202609-DEP-005-CC-101-CAT-013,2026,Q3,September,DEP-005,CC-101,CAT-013,32275.56,Project,REG-06
BUD-202609-DEP-005-CC-103-CAT-011,2026,Q3,September,DEP-005,CC-103,CAT-011,28598.2,Project,REG-02
BUD-202609-DEP-005-CC-110-CAT-003,2026,Q3,September,DEP-005,CC-110,CAT-003,29332.26,Capital,REG-08
BUD-202609-DEP-005-CC-118-CAT-009,2026,Q3,September,DEP-005,CC-118,CAT-009,28875.87,Operating,REG-08
BUD-202609-DEP-005-CC-116-CAT-012,2026,Q3,September,DEP-005,CC-116,CAT-012,21546.89,Operating,REG-01
BUD-202609-DEP-005-CC-105-CAT-015,2026,Q3,September,DEP-005,CC-105,CAT-015,31311.88,Departmental,REG-07
BUD-202609-DEP-005-CC-109-CAT-006,2026,Q3,September,DEP-005,CC-109,CAT-006,31887.89,Departmental,REG-05
BUD-202609-DEP-005-CC-106-CAT-015,2026,Q3,September,DEP-005,CC-106,CAT-015,34699.14,Operating,REG-03
BUD-202609-DEP-005-CC-113-CAT-009,2026,Q3,September,DEP-005,CC-113,CAT-009,27335.57,Operating,REG-08
BUD-202609-DEP-005-CC-110-CAT-008,2026,Q3,September,DEP-005,CC-110,CAT-008,36766.63,Project,REG-04
BUD-202609-DEP-005-CC-120-CAT-007,2026,Q3,September,DEP-005,CC-120,CAT-007,19202.44,Operating,REG-01
BUD-202609-DEP-005-CC-106-CAT-012,2026,Q3,September,DEP-005,CC-106,CAT-012,21216.45,Operating,REG-01
BUD-202609-DEP-005-CC-116-CAT-005,2026,Q3,September,DEP-005,CC-116,CAT-005,26071.25,Operating,REG-06
BUD-202609-DEP-005-CC-106-CAT-004,2026,Q3,September,DEP-005,CC-106,CAT-004,44879.67,Operating,REG-08
BUD-202609-DEP-005-CC-115-CAT-009,2026,Q3,September,DEP-005,CC-115,CAT-009,29472.89,Operating,REG-05
BUD-202609-DEP-005-CC-113-CAT-009,2026,Q3,September,DEP-005,CC-113,CAT-009,26342.28,Operating,REG-06
BUD-202609-DEP-005-CC-117-CAT-001,2026,Q3,September,DEP-005,CC-117,CAT-001,34447.04,Project,REG-02
BUD-202609-DEP-005-CC-110-CAT-011,2026,Q3,September,DEP-005,CC-110,CAT-011,30021.37,Project,REG-08
BUD-202609-DEP-005-CC-118-CAT-005,2026,Q3,September,DEP-005,CC-118,CAT-005,25294.73,Project,REG-07
BUD-202609-DEP-005-CC-109-CAT-012,2026,Q3,September,DEP-005,CC-109,CAT-012,23975.87,Operating,REG-05
BUD-202609-DEP-005-CC-111-CAT-005,2026,Q3,September,DEP-005,CC-111,CAT-005,22869.31,Departmental,REG-02
BUD-202609-DEP-005-CC-110-CAT-004,2026,Q3,September,DEP-005,CC-110,CAT-004,42820.28,Capital,REG-02
BUD-202609-DEP-005-CC-110-CAT-009,2026,Q3,September,DEP-005,CC-110,CAT-009,29228.88,Operating,REG-05
BUD-202609-DEP-005-CC-108-CAT-008,2026,Q3,September,DEP-005,CC-108,CAT-008,43226.52,Operating,REG-08
BUD-202609-DEP-005-CC-105-CAT-006,2026,Q3,September,DEP-005,CC-105,CAT-006,32062.23,Capital,REG-02
BUD-202609-DEP-006-CC-116-CAT-007,2026,Q3,September,DEP-006,CC-116,CAT-007,12218.09,Operating,REG-06
BUD-202609-DEP-006-CC-119-CAT-015,2026,Q3,September,DEP-006,CC-119,CAT-015,19027.48,Operating,REG-07
BUD-202609-DEP-006-CC-117-CAT-003,2026,Q3,September,DEP-006,CC-117,CAT-003,21453.0,Operating,REG-03
BUD-202609-DEP-006-CC-119-CAT-013,2026,Q3,September,DEP-006,CC-119,CAT-013,24126.82,Project,REG-03
BUD-202609-DEP-006-CC-107-CAT-010,2026,Q3,September,DEP-006,CC-107,CAT-010,17276.88,Operating,REG-07
BUD-202609-DEP-006-CC-116-CAT-014,2026,Q3,September,DEP-006,CC-116,CAT-014,18426.31,Operating,REG-07
BUD-202609-DEP-006-CC-115-CAT-009,2026,Q3,September,DEP-006,CC-115,CAT-009,17127.96,Operating,REG-08
BUD-202609-DEP-006-CC-102-CAT-003,2026,Q3,September,DEP-006,CC-102,CAT-003,20625.91,Operating,REG-08
BUD-202609-DEP-006-CC-118-CAT-009,2026,Q3,September,DEP-006,CC-118,CAT-009,19005.35,Operating,REG-03
BUD-202609-DEP-006-CC-107-CAT-006,2026,Q3,September,DEP-006,CC-107,CAT-006,21938.94,Operating,REG-08
BUD-202609-DEP-006-CC-120-CAT-011,2026,Q3,September,DEP-006,CC-120,CAT-011,19824.26,Operating,REG-06
BUD-202609-DEP-006-CC-114-CAT-011,2026,Q3,September,DEP-006,CC-114,CAT-011,20596.47,Project,REG-02
BUD-202609-DEP-006-CC-102-CAT-001,2026,Q3,September,DEP-006,CC-102,CAT-001,22496.11,Departmental,REG-02
BUD-202609-DEP-006-CC-112-CAT-002,2026,Q3,September,DEP-006,CC-112,CAT-002,14243.42,Project,REG-07
BUD-202609-DEP-006-CC-102-CAT-007,2026,Q3,September,DEP-006,CC-102,CAT-007,11794.37,Operating,REG-07
BUD-202609-DEP-006-CC-103-CAT-008,2026,Q3,September,DEP-006,CC-103,CAT-008,25269.72,Operating,REG-01
BUD-202609-DEP-006-CC-103-CAT-003,2026,Q3,September,DEP-006,CC-103,CAT-003,20231.17,Operating,REG-07
BUD-202609-DEP-006-CC-116-CAT-010,2026,Q3,September,DEP-006,CC-116,CAT-010,17922.69,Project,REG-05
BUD-202609-DEP-006-CC-120-CAT-004,2026,Q3,September,DEP-006,CC-120,CAT-004,26909.88,Project,REG-04
BUD-202609-DEP-006-CC-103-CAT-014,2026,Q3,September,DEP-006,CC-103,CAT-014,18863.73,Project,REG-05
BUD-202609-DEP-006-CC-120-CAT-011,2026,Q3,September,DEP-006,CC-120,CAT-011,24667.41,Operating,REG-04
BUD-202609-DEP-006-CC-119-CAT-007,2026,Q3,September,DEP-006,CC-119,CAT-007,14264.41,Departmental,REG-07
BUD-202609-DEP-006-CC-105-CAT-002,2026,Q3,September,DEP-006,CC-105,CAT-002,13627.62,Operating,REG-08
BUD-202609-DEP-006-CC-103-CAT-001,2026,Q3,September,DEP-006,CC-103,CAT-001,24292.63,Departmental,REG-04
BUD-202609-DEP-006-CC-111-CAT-008,2026,Q3,September,DEP-006,CC-111,CAT-008,28652.39,Departmental,REG-02
BUD-202609-DEP-006-CC-102-CAT-004,2026,Q3,September,DEP-006,CC-102,CAT-004,29190.12,Project,REG-06
BUD-202609-DEP-006-CC-112-CAT-009,2026,Q3,September,DEP-006,CC-112,CAT-009,18554.86,Project,REG-04
BUD-202609-DEP-006-CC-107-CAT-002,2026,Q3,September,DEP-006,CC-107,CAT-002,13676.61,Capital,REG-05
BUD-202609-DEP-006-CC-118-CAT-002,2026,Q3,September,DEP-006,CC-118,CAT-002,16225.39,Capital,REG-07
BUD-202609-DEP-006-CC-118-CAT-011,2026,Q3,September,DEP-006,CC-118,CAT-011,21946.57,Operating,REG-02
BUD-202609-DEP-006-CC-120-CAT-010,2026,Q3,September,DEP-006,CC-120,CAT-010,18198.51,Project,REG-01
BUD-202609-DEP-006-CC-105-CAT-009,2026,Q3,September,DEP-006,CC-105,CAT-009,18856.32,Capital,REG-07
BUD-202609-DEP-006-CC-104-CAT-006,2026,Q3,September,DEP-006,CC-104,CAT-006,21372.73,Operating,REG-08
BUD-202609-DEP-006-CC-107-CAT-004,2026,Q3,September,DEP-006,CC-107,CAT-004,32502.42,Operating,REG-08
BUD-202609-DEP-006-CC-120-CAT-014,2026,Q3,September,DEP-006,CC-120,CAT-014,19150.54,Capital,REG-08
BUD-202609-DEP-006-CC-118-CAT-010,2026,Q3,September,DEP-006,CC-118,CAT-010,17250.95,Capital,REG-05
BUD-202609-DEP-006-CC-115-CAT-010,2026,Q3,September,DEP-006,CC-115,CAT-010,17783.26,Operating,REG-07
BUD-202609-DEP-006-CC-108-CAT-006,2026,Q3,September,DEP-006,CC-108,CAT-006,25613.23,Departmental,REG-03
BUD-202609-DEP-006-CC-103-CAT-013,2026,Q3,September,DEP-006,CC-103,CAT-013,23599.88,Operating,REG-01
BUD-202609-DEP-006-CC-119-CAT-009,2026,Q3,September,DEP-006,CC-119,CAT-009,16754.33,Capital,REG-07
BUD-202609-DEP-006-CC-110-CAT-006,2026,Q3,September,DEP-006,CC-110,CAT-006,22231.43,Departmental,REG-05
BUD-202609-DEP-006-CC-108-CAT-007,2026,Q3,September,DEP-006,CC-108,CAT-007,14389.92,Operating,REG-02
BUD-202609-DEP-006-CC-108-CAT-015,2026,Q3,September,DEP-006,CC-108,CAT-015,19747.12,Project,REG-03
BUD-202609-DEP-006-CC-105-CAT-004,2026,Q3,September,DEP-006,CC-105,CAT-004,31993.76,Operating,REG-04
BUD-202609-DEP-007-CC-112-CAT-007,2026,Q3,September,DEP-007,CC-112,CAT-007,23607.89,Project,REG-03
BUD-202609-DEP-007-CC-109-CAT-012,2026,Q3,September,DEP-007,CC-109,CAT-012,25463.77,Operating,REG-08
BUD-202609-DEP-007-CC-104-CAT-007,2026,Q3,September,DEP-007,CC-104,CAT-007,22887.23,Operating,REG-04
BUD-202609-DEP-007-CC-120-CAT-013,2026,Q3,September,DEP-007,CC-120,CAT-013,43201.96,Project,REG-05
BUD-202609-DEP-007-CC-108-CAT-008,2026,Q3,September,DEP-007,CC-108,CAT-008,46369.74,Project,REG-06
BUD-202609-DEP-007-CC-111-CAT-012,2026,Q3,September,DEP-007,CC-111,CAT-012,24688.81,Operating,REG-08
BUD-202609-DEP-007-CC-110-CAT-015,2026,Q3,September,DEP-007,CC-110,CAT-015,40485.53,Operating,REG-02
BUD-202609-DEP-007-CC-115-CAT-013,2026,Q3,September,DEP-007,CC-115,CAT-013,39060.68,Operating,REG-07
BUD-202609-DEP-007-CC-116-CAT-015,2026,Q3,September,DEP-007,CC-116,CAT-015,37447.44,Capital,REG-03
BUD-202609-DEP-007-CC-108-CAT-006,2026,Q3,September,DEP-007,CC-108,CAT-006,41556.68,Operating,REG-04
BUD-202609-DEP-007-CC-115-CAT-012,2026,Q3,September,DEP-007,CC-115,CAT-012,24602.11,Capital,REG-01
BUD-202609-DEP-007-CC-101-CAT-010,2026,Q3,September,DEP-007,CC-101,CAT-010,28475.6,Operating,REG-01
BUD-202609-DEP-007-CC-110-CAT-015,2026,Q3,September,DEP-007,CC-110,CAT-015,37344.13,Operating,REG-01
BUD-202609-DEP-007-CC-108-CAT-015,2026,Q3,September,DEP-007,CC-108,CAT-015,39143.86,Departmental,REG-06
BUD-202609-DEP-007-CC-120-CAT-015,2026,Q3,September,DEP-007,CC-120,CAT-015,40762.63,Operating,REG-01
BUD-202609-DEP-007-CC-108-CAT-010,2026,Q3,September,DEP-007,CC-108,CAT-010,26229.86,Operating,REG-04
BUD-202609-DEP-007-CC-111-CAT-003,2026,Q3,September,DEP-007,CC-111,CAT-003,32813.04,Operating,REG-02
BUD-202609-DEP-007-CC-112-CAT-012,2026,Q3,September,DEP-007,CC-112,CAT-012,24404.66,Operating,REG-06
BUD-202609-DEP-007-CC-101-CAT-012,2026,Q3,September,DEP-007,CC-101,CAT-012,26939.29,Capital,REG-08
BUD-202609-DEP-007-CC-114-CAT-011,2026,Q3,September,DEP-007,CC-114,CAT-011,34125.61,Operating,REG-06
BUD-202609-DEP-007-CC-115-CAT-002,2026,Q3,September,DEP-007,CC-115,CAT-002,27167.91,Operating,REG-07
BUD-202609-DEP-007-CC-119-CAT-001,2026,Q3,September,DEP-007,CC-119,CAT-001,37971.63,Operating,REG-02
BUD-202609-DEP-007-CC-106-CAT-001,2026,Q3,September,DEP-007,CC-106,CAT-001,42102.04,Operating,REG-02
BUD-202609-DEP-007-CC-103-CAT-014,2026,Q3,September,DEP-007,CC-103,CAT-014,33796.53,Operating,REG-01
BUD-202609-DEP-007-CC-114-CAT-003,2026,Q3,September,DEP-007,CC-114,CAT-003,31913.0,Operating,REG-04
BUD-202609-DEP-007-CC-107-CAT-006,2026,Q3,September,DEP-007,CC-107,CAT-006,35551.91,Project,REG-04
BUD-202609-DEP-007-CC-112-CAT-010,2026,Q3,September,DEP-007,CC-112,CAT-010,29741.8,Capital,REG-04
BUD-202609-DEP-007-CC-111-CAT-014,2026,Q3,September,DEP-007,CC-111,CAT-014,30034.51,Operating,REG-08
BUD-202609-DEP-007-CC-108-CAT-007,2026,Q3,September,DEP-007,CC-108,CAT-007,23486.7,Operating,REG-04
BUD-202609-DEP-007-CC-107-CAT-014,2026,Q3,September,DEP-007,CC-107,CAT-014,33059.12,Operating,REG-07
BUD-202609-DEP-007-CC-110-CAT-003,2026,Q3,September,DEP-007,CC-110,CAT-003,38728.21,Operating,REG-07
BUD-202609-DEP-007-CC-101-CAT-006,2026,Q3,September,DEP-007,CC-101,CAT-006,39122.51,Operating,REG-01
BUD-202609-DEP-007-CC-102-CAT-013,2026,Q3,September,DEP-007,CC-102,CAT-013,42619.33,Operating,REG-02
BUD-202609-DEP-007-CC-104-CAT-014,2026,Q3,September,DEP-007,CC-104,CAT-014,32754.53,Project,REG-03
BUD-202609-DEP-007-CC-117-CAT-007,2026,Q3,September,DEP-007,CC-117,CAT-007,20162.73,Operating,REG-05
BUD-202609-DEP-007-CC-119-CAT-002,2026,Q3,September,DEP-007,CC-119,CAT-002,25676.95,Operating,REG-01
BUD-202609-DEP-007-CC-113-CAT-013,2026,Q3,September,DEP-007,CC-113,CAT-013,44921.96,Departmental,REG-08
BUD-202609-DEP-007-CC-110-CAT-011,2026,Q3,September,DEP-007,CC-110,CAT-011,41196.91,Operating,REG-06
BUD-202609-DEP-007-CC-107-CAT-014,2026,Q3,September,DEP-007,CC-107,CAT-014,33944.17,Operating,REG-08
BUD-202609-DEP-007-CC-108-CAT-009,2026,Q3,September,DEP-007,CC-108,CAT-009,30012.54,Operating,REG-07
BUD-202609-DEP-008-CC-104-CAT-013,2026,Q3,September,DEP-008,CC-104,CAT-013,29902.51,Operating,REG-08
BUD-202609-DEP-008-CC-113-CAT-005,2026,Q3,September,DEP-008,CC-113,CAT-005,18739.17,Operating,REG-06
BUD-202609-DEP-008-CC-112-CAT-014,2026,Q3,September,DEP-008,CC-112,CAT-014,23696.09,Project,REG-07
BUD-202609-DEP-008-CC-104-CAT-010,2026,Q3,September,DEP-008,CC-104,CAT-010,18835.39,Operating,REG-05
BUD-202609-DEP-008-CC-106-CAT-006,2026,Q3,September,DEP-008,CC-106,CAT-006,27001.89,Operating,REG-07
BUD-202609-DEP-008-CC-105-CAT-005,2026,Q3,September,DEP-008,CC-105,CAT-005,19634.82,Project,REG-06
BUD-202609-DEP-008-CC-114-CAT-014,2026,Q3,September,DEP-008,CC-114,CAT-014,22590.16,Operating,REG-07
BUD-202609-DEP-008-CC-114-CAT-002,2026,Q3,September,DEP-008,CC-114,CAT-002,18980.79,Operating,REG-06
BUD-202609-DEP-008-CC-107-CAT-001,2026,Q3,September,DEP-008,CC-107,CAT-001,32650.41,Project,REG-01
BUD-202609-DEP-008-CC-104-CAT-013,2026,Q3,September,DEP-008,CC-104,CAT-013,26031.1,Project,REG-08
BUD-202609-DEP-008-CC-106-CAT-013,2026,Q3,September,DEP-008,CC-106,CAT-013,29754.51,Project,REG-06
BUD-202609-DEP-008-CC-102-CAT-011,2026,Q3,September,DEP-008,CC-102,CAT-011,24154.65,Operating,REG-07
BUD-202609-DEP-008-CC-112-CAT-002,2026,Q3,September,DEP-008,CC-112,CAT-002,16374.98,Operating,REG-03
BUD-202609-DEP-008-CC-117-CAT-010,2026,Q3,September,DEP-008,CC-117,CAT-010,17952.63,Operating,REG-07
BUD-202609-DEP-008-CC-102-CAT-005,2026,Q3,September,DEP-008,CC-102,CAT-005,20056.08,Operating,REG-04
BUD-202609-DEP-008-CC-115-CAT-011,2026,Q3,September,DEP-008,CC-115,CAT-011,27772.66,Project,REG-01
BUD-202609-DEP-008-CC-119-CAT-011,2026,Q3,September,DEP-008,CC-119,CAT-011,24108.37,Operating,REG-05
BUD-202609-DEP-008-CC-101-CAT-009,2026,Q3,September,DEP-008,CC-101,CAT-009,23757.97,Operating,REG-07
BUD-202609-DEP-008-CC-119-CAT-006,2026,Q3,September,DEP-008,CC-119,CAT-006,25680.35,Departmental,REG-08
BUD-202609-DEP-008-CC-105-CAT-004,2026,Q3,September,DEP-008,CC-105,CAT-004,34115.36,Operating,REG-08
BUD-202609-DEP-008-CC-108-CAT-015,2026,Q3,September,DEP-008,CC-108,CAT-015,25102.26,Operating,REG-05
BUD-202609-DEP-008-CC-108-CAT-008,2026,Q3,September,DEP-008,CC-108,CAT-008,34267.07,Operating,REG-05
BUD-202609-DEP-008-CC-112-CAT-009,2026,Q3,September,DEP-008,CC-112,CAT-009,20951.76,Capital,REG-03
BUD-202609-DEP-008-CC-112-CAT-011,2026,Q3,September,DEP-008,CC-112,CAT-011,29058.12,Operating,REG-07
BUD-202609-DEP-008-CC-114-CAT-007,2026,Q3,September,DEP-008,CC-114,CAT-007,16268.35,Operating,REG-08
BUD-202609-DEP-008-CC-107-CAT-014,2026,Q3,September,DEP-008,CC-107,CAT-014,20564.56,Operating,REG-08
BUD-202609-DEP-008-CC-117-CAT-009,2026,Q3,September,DEP-008,CC-117,CAT-009,23238.41,Operating,REG-03
BUD-202609-DEP-008-CC-107-CAT-005,2026,Q3,September,DEP-008,CC-107,CAT-005,21082.67,Capital,REG-01
BUD-202609-DEP-008-CC-112-CAT-005,2026,Q3,September,DEP-008,CC-112,CAT-005,20713.39,Capital,REG-08
BUD-202609-DEP-008-CC-103-CAT-003,2026,Q3,September,DEP-008,CC-103,CAT-003,25201.45,Capital,REG-07
BUD-202609-DEP-008-CC-104-CAT-009,2026,Q3,September,DEP-008,CC-104,CAT-009,23003.7,Operating,REG-01
BUD-202609-DEP-008-CC-106-CAT-001,2026,Q3,September,DEP-008,CC-106,CAT-001,31114.01,Capital,REG-07
BUD-202609-DEP-008-CC-102-CAT-006,2026,Q3,September,DEP-008,CC-102,CAT-006,24721.23,Project,REG-07
BUD-202609-DEP-008-CC-106-CAT-005,2026,Q3,September,DEP-008,CC-106,CAT-005,18983.35,Capital,REG-03
BUD-202609-DEP-008-CC-111-CAT-014,2026,Q3,September,DEP-008,CC-111,CAT-014,25667.23,Operating,REG-05
BUD-202609-DEP-008-CC-102-CAT-002,2026,Q3,September,DEP-008,CC-102,CAT-002,16060.21,Project,REG-08
BUD-202609-DEP-008-CC-112-CAT-014,2026,Q3,September,DEP-008,CC-112,CAT-014,23585.82,Operating,REG-02
BUD-202609-DEP-008-CC-112-CAT-002,2026,Q3,September,DEP-008,CC-112,CAT-002,16408.28,Operating,REG-04
BUD-202609-DEP-008-CC-116-CAT-008,2026,Q3,September,DEP-008,CC-116,CAT-008,33357.12,Operating,REG-07
BUD-202609-DEP-008-CC-110-CAT-001,2026,Q3,September,DEP-008,CC-110,CAT-001,31419.58,Operating,REG-02
BUD-202609-DEP-008-CC-106-CAT-005,2026,Q3,September,DEP-008,CC-106,CAT-005,22339.0,Operating,REG-03
BUD-202609-DEP-008-CC-106-CAT-011,2026,Q3,September,DEP-008,CC-106,CAT-011,24394.81,Project,REG-07
BUD-202609-DEP-008-CC-112-CAT-006,2026,Q3,September,DEP-008,CC-112,CAT-006,25867.25,Operating,REG-04
BUD-202609-DEP-008-CC-108-CAT-007,2026,Q3,September,DEP-008,CC-108,CAT-007,15762.66,Project,REG-08
BUD-202609-DEP-009-CC-101-CAT-013,2026,Q3,September,DEP-009,CC-101,CAT-013,50522.17,Project,REG-01
BUD-202609-DEP-009-CC-108-CAT-008,2026,Q3,September,DEP-009,CC-108,CAT-008,60100.39,Operating,REG-04
BUD-202609-DEP-009-CC-112-CAT-008,2026,Q3,September,DEP-009,CC-112,CAT-008,57934.51,Departmental,REG-02
BUD-202609-DEP-009-CC-107-CAT-004,2026,Q3,September,DEP-009,CC-107,CAT-004,64876.29,Operating,REG-04
BUD-202609-DEP-009-CC-108-CAT-015,2026,Q3,September,DEP-009,CC-108,CAT-015,39969.44,Departmental,REG-02
BUD-202609-DEP-009-CC-102-CAT-011,2026,Q3,September,DEP-009,CC-102,CAT-011,40943.95,Capital,REG-04
BUD-202609-DEP-009-CC-105-CAT-004,2026,Q3,September,DEP-009,CC-105,CAT-004,56582.08,Operating,REG-01
BUD-202609-DEP-009-CC-112-CAT-005,2026,Q3,September,DEP-009,CC-112,CAT-005,32878.74,Departmental,REG-05
BUD-202609-DEP-009-CC-120-CAT-004,2026,Q3,September,DEP-009,CC-120,CAT-004,59390.16,Operating,REG-08
BUD-202609-DEP-009-CC-114-CAT-003,2026,Q3,September,DEP-009,CC-114,CAT-003,45625.68,Operating,REG-01
BUD-202609-DEP-009-CC-117-CAT-006,2026,Q3,September,DEP-009,CC-117,CAT-006,49913.47,Departmental,REG-08
BUD-202609-DEP-009-CC-111-CAT-002,2026,Q3,September,DEP-009,CC-111,CAT-002,30034.52,Project,REG-06
BUD-202609-DEP-009-CC-101-CAT-013,2026,Q3,September,DEP-009,CC-101,CAT-013,44297.89,Operating,REG-06
BUD-202609-DEP-009-CC-110-CAT-003,2026,Q3,September,DEP-009,CC-110,CAT-003,44585.07,Operating,REG-04
BUD-202609-DEP-009-CC-101-CAT-013,2026,Q3,September,DEP-009,CC-101,CAT-013,54520.28,Departmental,REG-06
BUD-202609-DEP-009-CC-118-CAT-002,2026,Q3,September,DEP-009,CC-118,CAT-002,27328.87,Operating,REG-02
BUD-202609-DEP-009-CC-104-CAT-002,2026,Q3,September,DEP-009,CC-104,CAT-002,29515.74,Operating,REG-08
BUD-202609-DEP-009-CC-102-CAT-001,2026,Q3,September,DEP-009,CC-102,CAT-001,53386.52,Operating,REG-04
BUD-202609-DEP-009-CC-107-CAT-005,2026,Q3,September,DEP-009,CC-107,CAT-005,39147.02,Capital,REG-05
BUD-202609-DEP-009-CC-105-CAT-004,2026,Q3,September,DEP-009,CC-105,CAT-004,61484.23,Operating,REG-07
BUD-202609-DEP-009-CC-103-CAT-012,2026,Q3,September,DEP-009,CC-103,CAT-012,35779.99,Capital,REG-03
BUD-202609-DEP-009-CC-114-CAT-010,2026,Q3,September,DEP-009,CC-114,CAT-010,36958.81,Operating,REG-02
BUD-202609-DEP-009-CC-104-CAT-013,2026,Q3,September,DEP-009,CC-104,CAT-013,44927.47,Capital,REG-08
BUD-202609-DEP-009-CC-110-CAT-001,2026,Q3,September,DEP-009,CC-110,CAT-001,55762.87,Project,REG-08
BUD-202609-DEP-009-CC-103-CAT-008,2026,Q3,September,DEP-009,CC-103,CAT-008,52582.52,Capital,REG-05
BUD-202609-DEP-009-CC-101-CAT-014,2026,Q3,September,DEP-009,CC-101,CAT-014,38354.67,Project,REG-04
BUD-202609-DEP-009-CC-103-CAT-010,2026,Q3,September,DEP-009,CC-103,CAT-010,35982.42,Operating,REG-02
BUD-202609-DEP-009-CC-104-CAT-005,2026,Q3,September,DEP-009,CC-104,CAT-005,38367.97,Project,REG-08
BUD-202609-DEP-009-CC-119-CAT-014,2026,Q3,September,DEP-009,CC-119,CAT-014,44060.49,Departmental,REG-07
BUD-202609-DEP-009-CC-117-CAT-003,2026,Q3,September,DEP-009,CC-117,CAT-003,42634.05,Operating,REG-04
BUD-202609-DEP-009-CC-106-CAT-009,2026,Q3,September,DEP-009,CC-106,CAT-009,39407.62,Operating,REG-05
BUD-202609-DEP-009-CC-109-CAT-011,2026,Q3,September,DEP-009,CC-109,CAT-011,40318.82,Capital,REG-05
BUD-202609-DEP-009-CC-112-CAT-003,2026,Q3,September,DEP-009,CC-112,CAT-003,46693.65,Capital,REG-01
BUD-202609-DEP-009-CC-113-CAT-009,2026,Q3,September,DEP-009,CC-113,CAT-009,41068.0,Capital,REG-05
BUD-202609-DEP-009-CC-101-CAT-002,2026,Q3,September,DEP-009,CC-101,CAT-002,27105.01,Operating,REG-08
BUD-202609-DEP-009-CC-106-CAT-015,2026,Q3,September,DEP-009,CC-106,CAT-015,47990.92,Operating,REG-04
BUD-202609-DEP-009-CC-107-CAT-007,2026,Q3,September,DEP-009,CC-107,CAT-007,29690.71,Operating,REG-01
BUD-202609-DEP-009-CC-106-CAT-001,2026,Q3,September,DEP-009,CC-106,CAT-001,48339.52,Operating,REG-07
BUD-202609-DEP-009-CC-111-CAT-012,2026,Q3,September,DEP-009,CC-111,CAT-012,34913.65,Operating,REG-04
BUD-202609-DEP-009-CC-120-CAT-011,2026,Q3,September,DEP-009,CC-120,CAT-011,49959.69,Capital,REG-02
BUD-202609-DEP-009-CC-101-CAT-014,2026,Q3,September,DEP-009,CC-101,CAT-014,43069.41,Project,REG-05
BUD-202609-DEP-009-CC-108-CAT-003,2026,Q3,September,DEP-009,CC-108,CAT-003,41869.74,Capital,REG-04
BUD-202609-DEP-009-CC-102-CAT-007,2026,Q3,September,DEP-009,CC-102,CAT-007,27988.32,Operating,REG-08
BUD-202609-DEP-009-CC-113-CAT-013,2026,Q3,September,DEP-009,CC-113,CAT-013,45990.95,Project,REG-06
BUD-202609-DEP-009-CC-105-CAT-003,2026,Q3,September,DEP-009,CC-105,CAT-003,40502.47,Operating,REG-05
BUD-202609-DEP-009-CC-114-CAT-002,2026,Q3,September,DEP-009,CC-114,CAT-002,28460.33,Project,REG-05
BUD-202609-DEP-009-CC-106-CAT-001,2026,Q3,September,DEP-009,CC-106,CAT-001,45211.12,Departmental,REG-07
BUD-202609-DEP-009-CC-114-CAT-001,2026,Q3,September,DEP-009,CC-114,CAT-001,48947.66,Capital,REG-08
BUD-202609-DEP-010-CC-118-CAT-005,2026,Q3,September,DEP-010,CC-118,CAT-005,23762.76,Project,REG-02
BUD-202609-DEP-010-CC-114-CAT-011,2026,Q3,September,DEP-010,CC-114,CAT-011,32175.45,Departmental,REG-06
BUD-202609-DEP-010-CC-106-CAT-013,2026,Q3,September,DEP-010,CC-106,CAT-013,30185.17,Operating,REG-03
BUD-202609-DEP-010-CC-106-CAT-007,2026,Q3,September,DEP-010,CC-106,CAT-007,15154.93,Capital,REG-06
BUD-202609-DEP-010-CC-103-CAT-007,2026,Q3,September,DEP-010,CC-103,CAT-007,17269.23,Operating,REG-03
BUD-202609-DEP-010-CC-116-CAT-010,2026,Q3,September,DEP-010,CC-116,CAT-010,21169.13,Capital,REG-06
BUD-202609-DEP-010-CC-104-CAT-014,2026,Q3,September,DEP-010,CC-104,CAT-014,25316.13,Operating,REG-08
BUD-202609-DEP-010-CC-106-CAT-007,2026,Q3,September,DEP-010,CC-106,CAT-007,16412.68,Operating,REG-04
BUD-202609-DEP-010-CC-112-CAT-004,2026,Q3,September,DEP-010,CC-112,CAT-004,41515.7,Operating,REG-07
BUD-202609-DEP-010-CC-108-CAT-004,2026,Q3,September,DEP-010,CC-108,CAT-004,36816.97,Operating,REG-01
BUD-202609-DEP-010-CC-119-CAT-014,2026,Q3,September,DEP-010,CC-119,CAT-014,24203.91,Operating,REG-01
BUD-202609-DEP-010-CC-116-CAT-014,2026,Q3,September,DEP-010,CC-116,CAT-014,28751.05,Operating,REG-08
BUD-202609-DEP-010-CC-104-CAT-010,2026,Q3,September,DEP-010,CC-104,CAT-010,24653.73,Operating,REG-08
BUD-202609-DEP-010-CC-114-CAT-012,2026,Q3,September,DEP-010,CC-114,CAT-012,21033.31,Operating,REG-08
BUD-202609-DEP-010-CC-106-CAT-003,2026,Q3,September,DEP-010,CC-106,CAT-003,24164.32,Operating,REG-07
BUD-202609-DEP-010-CC-106-CAT-007,2026,Q3,September,DEP-010,CC-106,CAT-007,17250.14,Departmental,REG-06
BUD-202609-DEP-010-CC-103-CAT-004,2026,Q3,September,DEP-010,CC-103,CAT-004,40256.26,Operating,REG-01
BUD-202609-DEP-010-CC-110-CAT-001,2026,Q3,September,DEP-010,CC-110,CAT-001,30081.81,Project,REG-02
BUD-202609-DEP-010-CC-113-CAT-011,2026,Q3,September,DEP-010,CC-113,CAT-011,26385.14,Operating,REG-03
BUD-202609-DEP-010-CC-111-CAT-014,2026,Q3,September,DEP-010,CC-111,CAT-014,28389.59,Departmental,REG-07
BUD-202609-DEP-010-CC-114-CAT-008,2026,Q3,September,DEP-010,CC-114,CAT-008,38762.25,Project,REG-07
BUD-202609-DEP-010-CC-114-CAT-003,2026,Q3,September,DEP-010,CC-114,CAT-003,29735.34,Capital,REG-04
BUD-202609-DEP-010-CC-113-CAT-014,2026,Q3,September,DEP-010,CC-113,CAT-014,27747.39,Operating,REG-05
BUD-202609-DEP-010-CC-103-CAT-008,2026,Q3,September,DEP-010,CC-103,CAT-008,39624.52,Departmental,REG-05
BUD-202609-DEP-010-CC-115-CAT-005,2026,Q3,September,DEP-010,CC-115,CAT-005,21223.55,Project,REG-08
BUD-202609-DEP-010-CC-117-CAT-008,2026,Q3,September,DEP-010,CC-117,CAT-008,33148.55,Operating,REG-01
BUD-202609-DEP-010-CC-115-CAT-002,2026,Q3,September,DEP-010,CC-115,CAT-002,18196.43,Operating,REG-02
BUD-202609-DEP-010-CC-112-CAT-005,2026,Q3,September,DEP-010,CC-112,CAT-005,21642.76,Project,REG-06
BUD-202609-DEP-010-CC-114-CAT-007,2026,Q3,September,DEP-010,CC-114,CAT-007,17993.39,Project,REG-04
BUD-202609-DEP-010-CC-104-CAT-001,2026,Q3,September,DEP-010,CC-104,CAT-001,36442.83,Project,REG-02
BUD-202609-DEP-010-CC-108-CAT-008,2026,Q3,September,DEP-010,CC-108,CAT-008,31574.99,Project,REG-03
BUD-202609-DEP-010-CC-101-CAT-007,2026,Q3,September,DEP-010,CC-101,CAT-007,17776.24,Operating,REG-06
BUD-202609-DEP-010-CC-102-CAT-015,2026,Q3,September,DEP-010,CC-102,CAT-015,30631.24,Operating,REG-04
BUD-202609-DEP-010-CC-111-CAT-004,2026,Q3,September,DEP-010,CC-111,CAT-004,37706.27,Operating,REG-08
BUD-202609-DEP-010-CC-106-CAT-003,2026,Q3,September,DEP-010,CC-106,CAT-003,23844.49,Departmental,REG-01
BUD-202609-DEP-010-CC-108-CAT-003,2026,Q3,September,DEP-010,CC-108,CAT-003,28967.81,Departmental,REG-06
BUD-202609-DEP-010-CC-115-CAT-011,2026,Q3,September,DEP-010,CC-115,CAT-011,26158.86,Departmental,REG-07
BUD-202609-DEP-010-CC-102-CAT-011,2026,Q3,September,DEP-010,CC-102,CAT-011,28007.84,Operating,REG-02
BUD-202609-DEP-010-CC-109-CAT-004,2026,Q3,September,DEP-010,CC-109,CAT-004,37038.99,Operating,REG-07
